pl_name,hostname,sy_snum,sy_pnum,discoverymethod,disc_year,pl_orbper,pl_rade,pl_bmasse,pl_eqt,st_teff,st_rad,st_mass,ra,dec
"17 Sco b","17 Sco",1,1,"Radial Velocity",2020,578.38000000000,12.90000000,1373.01871824,847.51,4157.00,25.920000,1.220000,243.4620874,-11.8377905
"24 Boo b","24 Boo",1,1,"Radial Velocity",2018,30.33000000000,13.90000000,280.64248338,1840.86,4816.00,12.190000,1.050000,217.1555242,49.8446488
"24 Sex b","24 Sex",1,2,"Radial Velocity",2010,452.80000000000,13.40000000,632.46000000,471.32,5098.00,4.900000,1.540000,155.8684866,-0.9023998
"2M0437 b","2MASS J04372171+2651014",1,1,"Imaging",2021,,13.00000000,1271.31362800,1450.00,3100.00,0.840000,0.170000,69.3405531,26.8502997
"2MASS J01225093-2439505 b","2MASS J01225093-2439505",1,1,"Imaging",2013,,11.20900000,7786.50000000,1600.00,3530.00,0.366450,0.400000,20.7128012,-24.6646128
"2MASS J02192210-3925225 b","2MASS J02192210-3925225",1,1,"Imaging",2015,,16.14096000,4417.83700000,6.27,3064.00,0.281000,0.108000,34.8427046,-39.4230767
"2MASS J0249-0557 c","2MASS J0249-0557 A",2,1,"Imaging",2018,,17.37392009,3616.88727166,1723.00,2859.00,0.315959,0.046000,42.4851627,-5.9599921
"2MASS J04414489+2301513 b","2MASS J04414489+2301513",1,1,"Imaging",2010,,12.60000000,2383.60000000,17.60,2936.00,0.231916,0.019000,70.4371079,23.0308544
"2MASS J19383260+4603591 b","2MASS J19383260+4603591",2,3,"Eclipse Timing Variations",2015,406.00000000000,13.40000000,603.87700000,669.65,29564.00,0.203000,0.480000,294.6359173,46.0664076
"2MASS J22362452+4751425 b","2MASS J22362452+4751425",1,1,"Imaging",2016,,12.30000000,3972.87500000,10.30,4045.00,0.641152,0.600000,339.1025931,47.8616830
"47 UMa b","47 UMa",1,3,"Radial Velocity",1996,1078.00000000000,13.20000000,804.08000000,215.23,5872.00,1.213340,1.060000,164.8647611,40.4304931
"47 UMa c","47 UMa",1,3,"Radial Velocity",2001,2391.00000000000,14.20000000,171.62100000,164.38,5872.00,1.213340,1.060000,164.8647611,40.4304931
"47 UMa d","47 UMa",1,3,"Radial Velocity",2009,14002.00000000000,13.50000000,521.22000000,91.58,5872.00,1.213340,1.060000,164.8647611,40.4304931
"55 Cnc B b","55 Cnc B",2,7,"Radial Velocity",2025,6.79940000000,1.69000000,3.50000000,395.41,3286.00,0.274000,0.260000,133.1679080,28.3152863
"55 Cnc B c","55 Cnc B",2,7,"Radial Velocity",2025,33.74700000000,2.16000000,5.30000000,230.04,3286.00,0.274000,0.260000,133.1679080,28.3152863
"55 Cnc b","55 Cnc",2,7,"Radial Velocity",1996,14.65155200000,13.90000000,263.97850000,700.00,5198.00,0.980000,1.015000,133.1468373,28.3298154
"55 Cnc c","55 Cnc",2,7,"Radial Velocity",2004,44.39360000000,8.51000000,54.47380000,499.27,5198.00,0.980000,1.015000,133.1468373,28.3298154
"55 Cnc d","55 Cnc",2,7,"Radial Velocity",2002,4799.00000000000,13.00000000,1232.49300000,104.85,5198.00,0.980000,1.015000,133.1468373,28.3298154
"55 Cnc e","55 Cnc",2,7,"Radial Velocity",2004,0.73654740000,1.87500000,7.99000000,1958.00,5172.00,0.943000,0.905000,133.1468373,28.3298154
"55 Cnc f","55 Cnc",2,7,"Radial Velocity",2007,260.58000000000,7.59000000,44.81200000,277.07,5198.00,0.980000,1.015000,133.1468373,28.3298154
"61 Vir b","61 Vir",1,3,"Radial Velocity",2009,4.21500000000,2.11000000,5.10000000,1177.85,5577.00,0.963000,0.942000,199.5964550,-18.3157745
"61 Vir c","61 Vir",1,3,"Radial Velocity",2009,38.02100000000,4.46000000,18.20000000,565.87,5577.00,0.963000,0.942000,199.5964550,-18.3157745
"75 Cet c","75 Cet",2,2,"Radial Velocity",2023,2051.62000000000,13.90000000,289.85950718,376.92,4809.00,10.380000,1.920000,38.0391598,-1.0350269
"91 Aqr b","91 Aqr",3,1,"Radial Velocity",2013,181.40000000000,13.10000000,1017.00000000,891.73,4665.00,11.000000,1.400000,348.9745031,-9.0878076
"AB Pic b","AB Pic",1,1,"Imaging",2005,,12.30000000,4290.50000000,15.80,5285.00,0.999394,0.900000,94.8039208,-58.0541184
"AU Mic b","AU Mic",1,4,"Transit",2020,8.46344600000,4.79000000,8.99000000,554.80,3540.00,0.862000,0.635000,311.2911369,-31.3424500
"AU Mic c","AU Mic",1,4,"Transit",2021,18.85902300000,2.79000000,14.46000000,424.70,3540.00,0.862000,0.635000,311.2911369,-31.3424500
"AU Mic d","AU Mic",1,4,"Transit Timing Variations",2023,12.73596000000,1.02000000,1.05300000,,3678.00,0.744000,0.510000,311.2911369,-31.3424500
"AU Mic e","AU Mic",1,4,"Radial Velocity",2025,33.11000000000,4.87000000,21.10000000,,3665.00,0.820000,0.600000,311.2911369,-31.3424500
"BD+05 4868 A b","BD+05 4868 A",2,1,"Transit",2025,1.27186900000,,6.20000000,1820.00,4596.00,0.690000,0.700000,326.8614036,6.6053185
"BD+15 2375 b","BD+15 2375",1,1,"Radial Velocity",2016,153.22000000000,13.80000000,337.21763000,883.68,4649.00,8.950000,1.080000,176.4820239,14.6163182
"BD+15 2940 b","BD+15 2940",1,1,"Radial Velocity",2013,137.48000000000,13.70000000,352.78000000,1207.75,4796.00,14.700000,1.100000,240.0956400,15.5467507
"BD+20 2457 b","BD+20 2457",1,2,"Radial Velocity",2009,379.63000000000,12.10000000,6807.63000000,1159.67,4137.00,49.000000,2.800000,154.1867820,19.8912626
"BD+20 2457 c","BD+20 2457",1,2,"Radial Velocity",2009,621.99000000000,12.40000000,3963.17000000,984.96,4137.00,49.000000,2.800000,154.1867820,19.8912626
"BD+20 274 b","BD+20 274",1,1,"Radial Velocity",2012,578.20000000000,13.00000000,1334.88600000,755.70,4296.00,17.300000,0.800000,25.9203179,21.0052692
"BD+45 564 b","BD+45 564",1,1,"Radial Velocity",2021,307.88000000000,13.60000000,432.24663352,238.82,5004.00,0.813064,0.810000,32.9470485,45.9242187
"BD+48 738 b","BD+48 738",1,1,"Radial Velocity",2011,392.60000000000,13.90000000,289.22530000,705.93,4414.00,11.000000,0.740000,40.7102869,49.5869395
"BD+63 1405 b","BD+63 1405",1,1,"Radial Velocity",2021,1198.48000000000,12.40000000,3305.41543280,150.69,5000.00,0.804724,0.816000,271.3979337,63.6700064
"BD-06 1339 b","BD-06 1339",1,2,"Radial Velocity",2013,3.87280000000,,1523.03372634,834.97,4324.00,0.686355,0.700000,88.2511811,-5.9963378
"BD-08 2823 c","BD-08 2823",1,2,"Radial Velocity",2009,237.60000000000,12.50000000,104.00000000,233.85,4746.00,0.710000,0.740000,150.1971964,-9.5165689
"BD-210397 c","BD-210397",1,2,"Radial Velocity",2023,6240.00000000000,12.90000000,1525.57635360,69.51,4051.00,0.747000,0.690000,33.3024198,-21.1962147
"BEBOP-3 b","BEBOP-3",2,1,"Radial Velocity",2025,547.00000000000,14.20000000,177.34825111,287.88,6033.00,1.414000,1.083000,110.9026550,79.1323952
"Barnard d","Barnard's star",1,4,"Radial Velocity",2025,2.34020000000,0.69400000,0.26300000,483.00,3195.00,0.185000,0.162000,269.4486144,4.7379808
"CD-35 2722 B b","CD-35 2722 B",2,1,"Radial Velocity",2026,171.11000000000,13.90000000,292.40213444,77.39,1800.00,0.159000,0.035000,92.3300000,-35.8255389
"CFBDSIR J145829+101343 b","CFBDSIR J145829+101343",1,1,"Imaging",2011,10037.50000000000,12.40000000,3337.10000000,370.00,580.50,,0.021000,224.6208333,10.2286111
"CT Cha b","CT Cha",1,1,"Imaging",2007,,24.66000000,5403.00000000,2600.00,4403.00,1.679694,,166.0375038,-76.4553693
"CoRoT-1 b","CoRoT-1",1,1,"Transit",2008,1.50895570000,16.70000000,327.35000000,1898.00,5950.00,1.110000,0.950000,102.0798591,-3.1021394
"CoRoT-10 b","CoRoT-10",1,1,"Transit",2010,13.24060000000,10.87000000,874.00000000,600.00,5075.00,0.790000,0.890000,291.0636813,0.7460143
"CoRoT-11 b","CoRoT-11",1,1,"Transit",2010,2.99433000000,16.03000000,740.51000000,1657.00,6440.00,1.370000,1.270000,280.6872998,5.9376586
"CoRoT-12 b","CoRoT-12",1,1,"Transit",2010,2.82804200000,16.14000000,291.43800000,1442.00,5675.00,1.116000,1.078000,100.7656871,-1.2964437
"CoRoT-13 b","CoRoT-13",1,1,"Transit",2010,4.03519000000,9.92000000,415.70400000,1700.00,5945.00,1.010000,1.090000,102.7211432,-5.0864557
"CoRoT-14 b","CoRoT-14",1,1,"Transit",2010,1.51214000000,12.22000000,2415.40000000,1952.00,6035.00,1.210000,1.130000,103.4242023,-5.5360385
"CoRoT-16 b","CoRoT-16",1,1,"Transit",2011,5.35227000000,13.11000000,170.03200000,1195.53,5650.00,1.190000,1.098000,278.5246658,-6.0026026
"CoRoT-17 b","CoRoT-17",1,1,"Transit",2011,3.76810000000,11.43000000,772.29000000,1626.00,5740.00,1.590000,1.040000,278.6992360,-6.6122880
"CoRoT-18 b","CoRoT-18",1,1,"Transit",2011,1.90006930000,14.68000000,1102.82000000,1550.00,5440.00,1.000000,0.950000,98.1724172,-0.0316045
"CoRoT-2 b","CoRoT-2",2,1,"Transit",2008,1.74299350000,16.43200000,1102.82000000,1521.00,5625.00,0.906000,0.960000,291.7770457,1.3836634
"CoRoT-20 b","CoRoT-20",1,2,"Transit",2011,9.24285000000,9.41556000,1366.66900000,1024.00,5880.00,1.020000,1.140000,97.7204249,0.2268931
"CoRoT-22 b","CoRoT-22",1,1,"Transit",2014,9.75598000000,4.88000000,12.20000000,885.00,5939.00,1.136000,1.099000,280.6671392,6.2191669
"CoRoT-23 b","CoRoT-23",1,1,"Transit",2011,3.63130000000,11.77000000,889.90000000,1660.00,5900.00,1.610000,1.140000,279.7826586,4.3577516
"CoRoT-24 b","CoRoT-24",1,2,"Transit",2014,5.11340000000,3.70000000,5.70000000,1070.00,4950.00,0.860000,0.910000,101.9225430,-3.7192892
"CoRoT-24 c","CoRoT-24",1,2,"Transit",2014,11.75900000000,5.00000000,28.00000000,850.00,4950.00,0.860000,0.910000,101.9225430,-3.7192892
"CoRoT-26 b","CoRoT-26",1,1,"Transit",2013,4.20474000000,14.12000000,165.26000000,1600.00,5590.00,1.790000,1.090000,279.7504991,6.9697828
"CoRoT-27 b","CoRoT-27",1,1,"Transit",2014,3.57532000000,11.28700000,3302.11000000,1500.00,5900.00,1.080000,1.050000,278.4958319,5.5383811
"CoRoT-28 b","CoRoT-28",1,1,"Transit",2015,5.20851000000,10.70459500,153.82972000,1349.25,5150.00,1.780000,1.010000,278.6883216,5.5736911
"CoRoT-29 b","CoRoT-29",1,1,"Transit",2015,2.85057000000,10.08810000,270.15550000,1224.75,5260.00,0.900000,0.970000,278.9020691,6.4795703
"CoRoT-3 b","CoRoT-3",1,1,"Transit",2008,4.25680000000,11.32000000,6883.91000000,1695.00,6740.00,1.560000,1.370000,292.0552827,0.1218359
"CoRoT-5 b","CoRoT-5",1,1,"Transit",2009,4.03789620000,15.55800000,148.42000000,1438.00,6100.00,1.186000,1.000000,101.2772396,0.8152163
"CoRoT-6 b","CoRoT-6",1,1,"Transit",2009,8.88659300000,13.06800000,940.74000000,1017.00,6090.00,1.025000,1.050000,281.0725563,6.6632062
"CoRoT-8 b","CoRoT-8",1,1,"Transit",2010,6.21229000000,6.39000000,69.92000000,870.00,5080.00,0.770000,0.880000,291.5885696,1.4262972
"DE CVn b","DE CVn",2,1,"Eclipse Timing Variations",2018,4098.10000000000,12.40000000,3823.27330161,46.91,3579.00,0.424754,0.510000,201.7207198,45.5455449
"DH Tau b","DH Tau",1,1,"Imaging",2004,,30.26430000,3496.00000000,2200.00,4371.00,0.270000,0.330000,67.4231674,26.5493897
"DMPP-1 c","DMPP-1",1,4,"Radial Velocity",2019,10.03000000000,3.31000000,10.94000000,1239.00,6196.00,1.260000,1.210000,86.7761233,-10.6303217
"DMPP-1 e","DMPP-1",1,4,"Radial Velocity",2019,5.51600000000,1.86000000,4.13000000,1314.00,6196.00,1.260000,1.210000,86.7761233,-10.6303217
"DMPP-2 c","DMPP-2",1,3,"Radial Velocity",2026,3.16800000000,8.26000000,51.79000000,1910.88,6500.00,1.780000,1.410000,27.4077310,-34.4590985
"DMPP-4 b","DMPP-4",1,1,"Radial Velocity",2023,3.49820000000,3.53000000,12.20000000,1645.69,6400.00,1.380000,1.250000,293.5826648,51.2358069
"DMPP-6 b","DMPP-6",1,2,"Radial Velocity",2026,7.60270000000,2.28000000,5.80000000,1203.65,6182.09,1.270000,1.079000,120.3857827,-70.0234291
"DMPP-7 b","DMPP-7",1,1,"Radial Velocity",2026,4.92666000000,9.78000000,68.95800000,1456.00,6096.00,1.490000,1.230000,203.5284651,0.4988127
"DMPP-8 b","DMPP-8",1,1,"Radial Velocity",2026,62.91500000000,10.80000000,81.09000000,579.70,6009.00,1.240000,0.990000,305.3083517,-81.6166664
"DP Leo b","DP Leo",2,1,"Eclipse Timing Variations",2009,10220.00000000000,12.70000000,1995.88832000,24.39,13500.00,0.011500,0.690000,169.3162193,17.9615717
"DS Tuc A b","DS Tuc A",2,1,"Transit",2019,8.13826800000,5.70000000,413.17900000,850.00,5428.00,0.964000,1.010000,354.9154673,-69.1960430
"EPIC 201238110 b","EPIC 201238110",1,1,"Transit",2019,28.16560000000,1.87000000,4.16000000,,3587.00,0.374000,0.410000,179.7058532,-3.3894613
"EPIC 201427007 b","EPIC 201427007",1,1,"Transit",2021,0.72091000000,1.50000000,2.86000000,,5633.00,0.940000,0.930000,184.6021322,-0.5512886
"EPIC 201595106 b","EPIC 201595106",1,2,"Transit",2021,0.87724000000,1.56500000,7.67000000,2038.00,5679.00,0.980000,0.958000,183.7203635,1.9681688
"EPIC 201615463 c","K2-166",1,2,"Transit",2019,3.80464000000,1.22000000,1.98000000,,5960.00,1.610000,1.073000,185.1880932,2.2823788
"EPIC 206024342 d","EPIC 206024342",1,3,"Transit",2021,14.64753100000,2.60000000,7.27000000,,5724.00,1.100000,0.928000,331.2771441,-14.1218019
"EPIC 206042996 c","EPIC 206042996",1,2,"Transit",2021,0.35488400000,1.20000000,1.87000000,,4114.00,0.500000,0.565000,337.5136198,-13.6101475
"EPIC 212297394 b","EPIC 212297394",1,2,"Transit",2019,2.28936300000,1.48000000,2.79000000,1149.00,5171.00,0.800000,0.830000,207.2061241,-17.6098985
"EPIC 212424622 b","EPIC 212424622",1,1,"Transit",2019,18.09830000000,2.17000000,5.35000000,,5782.33,1.224700,1.106000,202.3313765,-14.3594358
"EPIC 212499991 b","EPIC 212499991",1,1,"Transit",2019,34.88500000000,1.60000000,3.19000000,,4982.79,0.757541,0.912000,202.4887520,-12.7347749
"EPIC 212624936 b","EPIC 212624936",1,2,"Transit",2021,0.57865700000,1.20000000,1.87000000,,5765.00,0.930000,1.000000,210.6376171,-10.0236852
"EPIC 212737443 b","EPIC 212737443",1,2,"Transit",2019,13.60300000000,2.58600000,7.20000000,536.00,4684.00,0.673000,0.690000,204.2215065,-7.3180577
"EPIC 212737443 c","EPIC 212737443",1,2,"Transit",2019,65.55000000000,2.69000000,7.70000000,316.00,4684.00,0.673000,0.690000,204.2215065,-7.3180577
"EPIC 246851721 b","EPIC 246851721",2,1,"Transit",2018,6.18023500000,11.78065900,953.49000000,1401.00,6202.00,1.586000,1.317000,78.9198197,16.2786991
"G 192-15 b","G 192-15",1,2,"Radial Velocity",2025,2.27476000000,1.02000000,1.03000000,453.60,2999.00,0.170718,0.132000,90.6220931,49.8619390
"G 264-012 c","G 264-012",1,2,"Radial Velocity",2021,8.05180000000,1.76000000,3.75000000,387.00,3326.00,0.305000,0.297000,326.6719598,66.8038480
"G 9-40 b","G 9-40",1,1,"Transit",2019,5.74599820000,1.90000000,4.00000000,440.60,3395.00,0.302600,0.295200,134.7188514,21.0747961
"GJ 1002 b","GJ 1002",1,2,"Radial Velocity",2022,10.34650000000,1.03000000,1.08000000,230.90,3024.00,0.137000,0.120000,1.6764641,-7.5462123
"GJ 1061 b","GJ 1061",1,3,"Radial Velocity",2020,3.20730000000,1.04000000,1.11000000,388.11,2953.00,0.156000,0.120000,54.0032486,-44.5143104
"GJ 1061 c","GJ 1061",1,3,"Radial Velocity",2020,6.68210000000,1.19000000,1.81000000,304.12,2953.00,0.156000,0.120000,54.0032486,-44.5143104
"GJ 1061 d","GJ 1061",1,3,"Radial Velocity",2020,13.06600000000,1.16000000,1.67000000,242.03,2953.00,0.156000,0.120000,54.0032486,-44.5143104
"GJ 1132 b","GJ 1132",1,2,"Transit",2015,1.62892911000,1.19151465,1.83704819,583.80,3229.00,0.221100,0.194500,153.7090696,-47.1549358
"GJ 1132 c","GJ 1132",1,2,"Radial Velocity",2018,8.92900000000,1.52000000,2.91000000,300.00,3090.00,0.226000,0.198000,153.7090696,-47.1549358
"GJ 1148 c","GJ 1148",1,2,"Radial Velocity",2017,532.58000000000,9.71000000,68.06000000,99.38,3287.00,0.358519,0.344045,175.4326081,42.7515862
"GJ 1151 c","GJ 1151",1,1,"Radial Velocity",2023,389.70000000000,3.25000000,10.62000000,88.30,3280.00,0.178100,0.163900,177.7304866,48.3732334
"GJ 1214 b","GJ 1214",1,1,"Transit",2009,1.58040453100,2.73300000,8.41000000,567.00,3101.00,0.216200,0.182000,258.8313991,4.9606795
"GJ 1289 b","GJ 1289",1,1,"Radial Velocity",2024,111.74000000000,2.38000000,6.27000000,150.00,3296.00,0.245012,0.210000,355.7813464,36.5363314
"GJ 15 A b","GJ 15 A",2,2,"Radial Velocity",2014,11.44070000000,1.55000000,3.03000000,550.00,3607.00,0.380000,0.380000,4.6126677,44.0247296
"GJ 163 c","GJ 163",1,3,"Radial Velocity",2013,25.63058000000,2.50000000,6.80000000,305.07,3500.00,0.409738,0.400000,62.3228353,-53.3711768
"GJ 163 d","GJ 163",1,3,"Radial Velocity",2013,603.95116000000,5.92000000,29.40000000,106.43,3500.00,0.409738,0.400000,62.3228353,-53.3711768
"GJ 179 b","GJ 179",1,1,"Radial Velocity",2009,2288.00000000000,13.80000000,301.93698665,64.53,3370.00,0.380000,0.357000,73.0245495,6.4752347
"GJ 180 d","GJ 180",1,3,"Radial Velocity",2020,106.30000000000,2.66000000,7.56000000,187.94,3371.00,0.413049,0.430000,73.4600970,-17.7761940
"GJ 251 c","GJ 251",1,2,"Radial Velocity",2025,53.64700000000,1.80000000,3.88000000,216.00,3342.00,0.360000,0.350000,103.7002499,33.2664632
"GJ 27.1 b","GJ 27.1",1,1,"Radial Velocity",2014,15.81900000000,3.66000000,13.00000000,387.13,3542.00,0.518887,0.530000,9.9980016,-44.2541679
"GJ 3021 b","GJ 3021",2,1,"Radial Velocity",2000,133.71000000000,13.10000000,1071.04000000,350.00,5540.00,0.900000,0.900000,4.0634323,-79.8514218
"GJ 3090 b","GJ 3090",1,2,"Transit",2022,2.85310198000,2.18000000,4.52000000,723.00,3707.00,0.516000,0.519000,20.4384281,-46.7147234
"GJ 3090 c","GJ 3090",1,2,"Radial Velocity",2026,15.94070000000,3.14000000,10.00000000,407.20,3707.00,0.516000,0.519000,20.4384281,-46.7147234
"GJ 317 c","GJ 317",1,2,"Radial Velocity",2016,6500.00000000000,13.60000000,454.49462201,47.67,3496.00,0.403000,0.402000,130.2445254,-23.4528090
"GJ 328 b","GJ 328",1,2,"Radial Velocity",2013,3771.00000000000,13.30000000,797.74930157,73.57,3897.00,0.630000,0.650000,133.7819507,1.5420011
"GJ 328 c","GJ 328",1,2,"Radial Velocity",2023,241.80000000000,4.91000000,21.40000000,184.01,3897.00,0.630000,0.650000,133.7819507,1.5420011
"GJ 3323 b","GJ 3323",1,2,"Radial Velocity",2017,5.36360000000,1.23000000,2.02000000,290.06,3159.00,0.119000,0.164000,75.4868824,-6.9485133
"GJ 3341 b","GJ 3341",1,1,"Radial Velocity",2015,14.20700000000,2.46000000,6.60000000,377.62,3526.00,0.439000,0.470000,78.9471415,-31.2948458
"GJ 3378 b","GJ 3378",1,1,"Radial Velocity",2026,21.45000000000,1.32000000,2.30000000,272.00,3340.00,0.275000,0.262000,90.2951302,59.5931917
"GJ 341 b","GJ 341",1,1,"Transit",2025,7.57686000000,0.88000000,4.00000000,629.00,3770.00,0.506600,0.480000,140.3993759,-60.2811692
"GJ 3470 b","GJ 3470",1,1,"Radial Velocity",2012,3.33664960000,4.57000000,13.90000000,593.50,3600.00,0.547000,0.539000,119.7735021,15.3912090
"GJ 3473 b","GJ 3473",2,2,"Transit",2020,1.19800350000,1.26400000,1.86000000,773.00,3347.00,0.364000,0.360000,120.5936065,3.3371629
"GJ 3473 c","GJ 3473",2,2,"Radial Velocity",2020,15.50900000000,2.63000000,7.41000000,329.10,3347.00,0.364000,0.360000,120.5936065,3.3371629
"GJ 357 b","GJ 357",1,3,"Transit",2019,3.93060000000,1.20000000,1.83000000,518.00,3505.00,0.337000,0.342000,144.0074644,-21.6650634
"GJ 357 c","GJ 357",1,3,"Radial Velocity",2019,9.12470000000,1.66000000,3.40000000,401.20,3505.00,0.337000,0.342000,144.0074644,-21.6650634
"GJ 357 d","GJ 357",1,3,"Radial Velocity",2019,55.66100000000,2.34000000,6.10000000,219.60,3505.00,0.337000,0.342000,144.0074644,-21.6650634
"GJ 3634 b","GJ 3634",1,1,"Radial Velocity",2010,2.64561000000,2.83000000,8.40000000,656.45,3517.00,0.430000,0.450000,164.6433493,-31.1443383
"GJ 367 b","GJ 367",1,3,"Transit",2021,0.32192260000,0.73600000,0.50300000,1329.00,3535.00,0.457000,0.451000,146.1214640,-45.7790165
"GJ 367 c","GJ 367",1,3,"Radial Velocity",2023,11.53010000000,1.86000000,4.13000000,,3522.00,0.458000,0.455000,146.1214640,-45.7790165
"GJ 367 d","GJ 367",1,3,"Radial Velocity",2023,34.36900000000,2.33000000,6.03000000,,3522.00,0.458000,0.455000,146.1214640,-45.7790165
"GJ 3779 b","GJ 3779",1,1,"Radial Velocity",2018,3.02320000000,2.75000000,8.00000000,526.94,3324.00,0.281000,0.270000,200.7335358,24.4639425
"GJ 3929 b","GJ 3929",1,2,"Transit",2022,2.61623500000,1.09000000,1.75000000,568.00,3384.00,0.320000,0.313000,239.5775678,35.4081141
"GJ 3929 c","GJ 3929",1,2,"Radial Velocity",2022,15.04000000000,2.26000000,5.71000000,317.00,3384.00,0.320000,0.313000,239.5775678,35.4081141
"GJ 393 b","GJ 393",1,1,"Radial Velocity",2021,7.02679000000,1.17000000,1.71000000,485.00,3579.00,0.426000,0.426000,157.2288672,0.8378485
"GJ 3998 d","GJ 3998",1,3,"Radial Velocity",2025,41.78000000000,2.34000000,6.07000000,292.23,3726.00,0.500000,0.520000,259.0020507,11.0561751
"GJ 4274 c","GJ 4274",1,2,"Radial Velocity",2026,69.57000000000,2.83000000,8.39000000,157.32,3228.00,0.190000,0.180000,335.7805478,-17.6104078
"GJ 436 b","GJ 436",1,1,"Radial Velocity",2004,2.64388312000,4.17000000,22.10000000,686.00,3586.11,0.455000,0.470000,175.5505363,26.7030669
"GJ 463 b","GJ 463",1,1,"Radial Velocity",2022,3459.00000000000,13.10000000,1080.61658380,63.55,3563.00,0.483000,0.486000,185.7440496,64.0324311
"GJ 486 b","GJ 486",1,1,"Radial Velocity",2021,1.46712127000,1.28900000,2.77000000,696.30,3317.00,0.324300,0.312000,191.9815310,9.7494181
"GJ 536 b","GJ 536",1,2,"Radial Velocity",2016,8.70874000000,2.41000000,6.37000000,451.00,3641.00,0.529000,0.528000,210.2597264,-2.6522901
"GJ 581 b","GJ 581",1,3,"Radial Velocity",2005,5.36860000000,4.79000000,20.50000000,464.32,3500.00,0.302000,0.295000,229.8564725,-7.7226935
"GJ 667 C b","GJ 667 C",3,5,"Radial Velocity",2012,7.20300000000,2.25000000,5.68000000,,3350.00,,0.330000,259.7510609,-34.9977651
"GJ 667 C c","GJ 667 C",3,5,"Radial Velocity",2013,28.14000000000,1.77000000,3.80000000,,3350.00,,0.330000,259.7510609,-34.9977651
"GJ 667 C e","GJ 667 C",3,5,"Radial Velocity",2013,62.24000000000,1.45000000,2.70000000,,3350.00,,0.330000,259.7510609,-34.9977651
"GJ 667 C f","GJ 667 C",3,5,"Radial Velocity",2013,39.02600000000,1.45000000,2.70000000,,3350.00,,0.330000,259.7510609,-34.9977651
"GJ 674 b","GJ 674",1,1,"Radial Velocity",2007,4.69380000000,3.33000000,11.09000000,530.80,3600.00,0.364630,0.350000,262.1700476,-46.8989826
"GJ 676 A d","GJ 676 A",2,4,"Radial Velocity",2012,3.60076000000,1.78000000,3.81394088,757.36,3734.00,0.690000,0.626000,262.5448903,-51.6377777
"GJ 676 A e","GJ 676 A",2,4,"Radial Velocity",2012,35.47358000000,2.47000000,6.67439655,351.55,3734.00,0.690000,0.626000,262.5448903,-51.6377777
"GJ 806 b","GJ 806",1,2,"Transit",2023,0.92632370000,1.33100000,1.90000000,940.00,3600.00,0.414400,0.413000,311.2697002,44.5002351
"GJ 806 c","GJ 806",1,2,"Radial Velocity",2023,6.64064000000,2.28000000,5.80000000,490.00,3600.00,0.414400,0.413000,311.2697002,44.5002351
"GJ 876 c","GJ 876",1,4,"Radial Velocity",2000,30.08810000000,14.00000000,226.98460000,241.66,3293.74,0.300000,0.320000,343.3239737,-14.2665958
"GJ 887 b","GJ 887",1,4,"Radial Velocity",2020,9.26190000000,1.80000000,3.90000000,426.00,3688.00,0.468000,0.495000,346.5027573,-35.8473489
"GJ 887 c","GJ 887",1,4,"Radial Velocity",2020,21.78400000000,2.43000000,6.50000000,320.00,3688.00,0.468000,0.495000,346.5027573,-35.8473489
"GJ 887 e","GJ 887",1,4,"Radial Velocity",2026,4.42490000000,1.12000000,1.46000000,544.00,3688.00,0.468000,0.495000,346.5027573,-35.8473489
"GJ 9689 b","GJ 9689",1,1,"Radial Velocity",2020,18.27000000000,3.07000000,9.65000000,453.04,3836.00,0.570000,0.590000,303.4677310,13.3888921
"GJ 9714 b","GJ 9714",1,1,"Radial Velocity",2022,19240.75467000000,12.50000000,2988.54051102,47.68,4263.00,0.662662,0.670000,315.4141767,-32.5250028
"GJ 9773 b","GJ 9773",1,1,"Radial Velocity",2025,2965.00000000000,14.20000000,172.58082500,59.89,3528.00,0.362000,0.358000,333.1502333,8.5503355
"GJ 9827 b","GJ 9827",1,3,"Transit",2017,1.20897400000,1.44000000,4.28000000,1035.01,4236.00,0.580000,0.620000,351.7717763,-1.2853435
"GJ 9827 c","GJ 9827",1,3,"Transit",2017,3.64810300000,1.13000000,1.86000000,715.94,4236.00,0.580000,0.620000,351.7717763,-1.2853435
"GJ 9827 d","GJ 9827",1,3,"Transit",2017,6.20183000000,1.98000000,3.02000000,675.00,4236.00,0.580000,0.620000,351.7717763,-1.2853435
"GSC 06214-00210 b","GSC 06214-00210",1,1,"Imaging",2010,,20.17620000,5000.00000000,2300.00,4200.00,0.904840,0.900000,245.4776921,-20.7193398
"GU Psc b","GU Psc",1,1,"Imaging",2014,,14.17900000,3591.30000000,1050.00,4031.81,0.450458,0.325000,18.1464850,17.0650029
"Gaia-1 b","Gaia-1",1,1,"Transit",2022,3.05252400000,13.77583728,533.95172376,1159.07,5470.00,0.952000,0.949000,90.6436658,-0.5771099
"Gaia-2 b","Gaia-2",1,1,"Transit",2022,3.69152240000,14.81827249,259.66580852,1213.23,5720.00,1.064000,1.000000,110.7353308,67.2526565
"Gaia22dkvL b","Gaia22dkvL",1,1,"Microlensing",2024,,14.10000000,187.83658854,,,,1.145000,151.7690000,-66.1808889
"Gl 725 A b","Gl 725 A",2,2,"Radial Velocity",2025,11.22010000000,1.48000000,2.78000000,376.10,3433.00,0.351000,0.330000,280.6834312,59.6381090
"Gliese 12 b","Gliese 12",1,1,"Transit",2024,12.76141800000,0.93000000,0.95000000,314.60,3328.00,0.265000,0.255000,3.9579137,13.5576175
"HAT-P-1 b","HAT-P-1",2,1,"Transit",2006,4.46529976000,14.78467100,166.86075000,1322.00,5980.00,1.174000,1.151000,344.4453632,38.6749190
"HAT-P-11 b","HAT-P-11",1,2,"Transit",2010,4.88800000000,4.36000000,25.00000000,838.00,4653.00,0.683000,0.811000,297.7101763,48.0818635
"HAT-P-11 c","HAT-P-11",1,2,"Radial Velocity",2018,3361.00000000000,13.20000000,851.78013076,91.58,4653.00,0.683000,0.811000,297.7101763,48.0818635
"HAT-P-12 b","HAT-P-12",1,1,"Transit",2009,3.21305980000,10.74900000,67.05900000,963.00,4650.00,0.701000,0.733000,209.3886452,43.4933100
"HAT-P-13 b","HAT-P-13",1,2,"Transit",2009,2.91625000000,14.25800000,270.46200000,1740.00,5653.00,1.756000,1.320000,129.8823772,47.3519076
"HAT-P-13 c","HAT-P-13",1,2,"Radial Velocity",2009,446.27000000000,12.30000000,4538.42100000,340.00,5653.00,1.756000,1.320000,129.8823772,47.3519076
"HAT-P-14 b","HAT-P-14",2,1,"Transit",2010,4.62767000000,15.91678000,1093.33520000,1624.00,6600.00,1.820000,2.650000,260.1161719,38.2421682
"HAT-P-17 b","HAT-P-17",1,2,"Transit",2012,10.33852000000,11.76945000,184.34140000,800.00,5246.00,0.870000,0.990000,324.5359781,30.4881882
"HAT-P-17 c","HAT-P-17",1,2,"Radial Velocity",2012,5584.00000000000,13.10000000,1080.60000000,99.59,5336.96,0.838682,0.920000,324.5359781,30.4881882
"HAT-P-18 b","HAT-P-18",1,1,"Transit",2010,5.50802910000,10.70457657,55.52462270,841.00,4870.00,0.717000,0.770000,256.3463760,33.0123251
"HAT-P-2 b","HAT-P-2",1,2,"Transit",2007,5.63351580000,10.65975900,2866.81223114,1540.00,6380.00,1.390000,1.330000,245.1514324,41.0479601
"HAT-P-20 b","HAT-P-20",1,1,"Transit",2010,2.87531700000,9.71800000,2302.89900000,970.00,4595.00,0.694000,0.756000,111.9164295,24.3361185
"HAT-P-23 b","HAT-P-23",1,1,"Transit",2010,1.21288400000,15.33400000,664.23700000,2056.00,5905.00,1.203000,1.130000,306.1239076,16.7621462
"HAT-P-26 b","HAT-P-26",1,1,"Transit",2010,4.23452000000,7.06167000,22.24810000,1080.00,5079.00,0.870000,1.120000,213.1565508,4.0594175
"HAT-P-27 b","HAT-P-27",2,1,"Transit",2011,3.03957700000,11.43000000,197.05000000,1091.99,5316.00,0.864673,0.916000,222.7673221,5.9473626
"HAT-P-28 b","HAT-P-28",1,1,"Transit",2011,3.25721500000,13.58500000,198.95300000,1384.00,5680.00,1.103000,1.025000,13.0009159,34.7284020
"HAT-P-3 b","HAT-P-3",2,1,"Transit",2007,2.89970000000,10.53646000,206.58950000,1189.00,5185.00,0.870000,1.060000,206.0940142,48.0285650
"HAT-P-30 b","HAT-P-30",2,1,"Transit",2011,2.81060000000,16.14096000,263.79890000,1630.00,6304.00,1.310000,1.550000,123.9498431,5.8368669
"HAT-P-32 b","HAT-P-32",2,1,"Transit",2011,2.15000820000,22.19382000,216.12440000,1835.70,6001.00,1.367000,1.132000,31.0427614,46.6878512
"HAT-P-33 b","HAT-P-33",2,1,"Transit",2011,3.47447000000,20.73665000,292.40360000,1782.00,6446.00,1.790000,1.820000,113.1842383,33.8350214
"HAT-P-37 b","HAT-P-37",1,1,"Transit",2011,2.79743600000,13.20400000,371.52800000,1271.00,5500.00,0.877000,0.929000,284.2960393,51.2691212
"HAT-P-38 b","HAT-P-38",1,1,"Transit",2012,4.64038200000,9.24700000,84.85700000,1082.00,5330.00,0.923000,0.886000,35.3834942,32.2460441
"HAT-P-39 b","HAT-P-39",2,1,"Transit",2012,3.54387000000,17.60900000,190.37200000,1752.00,6430.00,1.625000,1.404000,113.7582526,17.8300283
"HAT-P-4 b","HAT-P-4",2,1,"Transit",2007,3.05653600000,14.28000000,213.25500000,1686.00,5860.00,1.596000,1.248000,229.9912200,36.2295450
"HAT-P-42 b","HAT-P-42",1,1,"Transit",2012,4.64187800000,14.34800000,331.80100000,1428.00,5743.00,1.530000,1.178000,135.3443583,6.0970828
"HAT-P-44 b","HAT-P-44",1,2,"Transit",2014,4.30121900000,13.92200000,111.87100000,1108.00,5295.00,0.949000,0.942000,213.1438604,47.0147826
"HAT-P-44 c","HAT-P-44",1,2,"Radial Velocity",2014,872.20000000000,13.00000000,1271.30000000,187.92,5295.00,0.949000,0.942000,213.1438604,47.0147826
"HAT-P-45 b","HAT-P-45",1,1,"Transit",2014,3.12899200000,15.98400000,283.49200000,1652.00,6330.00,1.319000,1.259000,274.3732697,-3.3810594
"HAT-P-46 b","HAT-P-46",1,1,"Transit",2014,4.46312900000,14.39200000,156.68400000,1458.00,6120.00,1.396000,1.284000,270.4441831,-2.9709800
"HAT-P-47 b","HAT-P-47",1,1,"Transit",2026,4.73217441000,14.71739166,65.47265184,1605.00,6703.00,1.515000,1.387000,38.3080745,30.3604530
"HAT-P-50 b","HAT-P-50",1,1,"Transit",2015,3.12201090000,14.43719200,429.07050000,1862.00,6280.00,1.698000,1.273000,118.0634379,12.1393474
"HAT-P-52 b","HAT-P-52",1,1,"Transit",2015,2.75359530000,11.30988100,259.98494000,1218.00,5131.00,0.893000,0.887000,42.7217412,29.0222492
"HAT-P-54 b","HAT-P-54",1,1,"Transit",2015,3.79984700000,10.58129600,241.55080000,818.00,4390.00,0.617000,0.645000,99.8979924,25.4824005
"HAT-P-55 b","HAT-P-55",1,1,"Transit",2015,3.58523130000,14.84069045,189.42573057,1367.00,5804.00,1.105000,1.028000,264.2735096,25.7311468
"HAT-P-56 b","HAT-P-56",1,1,"Transit",2015,2.79083000000,16.92559000,734.18730000,1840.00,6566.00,1.470000,1.420000,100.8480137,27.2521823
"HAT-P-60 b","HAT-P-60",1,1,"Transit",2021,4.79478130000,18.28184752,182.43350562,1772.00,6212.00,2.197000,1.435000,28.2825719,52.0539209
"HAT-P-61 b","HAT-P-61",1,1,"Transit",2021,1.90231289000,10.07687365,335.94462620,1505.00,5587.00,0.938000,1.004000,75.4801665,50.1311784
"HAT-P-62 b","HAT-P-62",1,1,"Transit",2021,2.64532350000,12.02723629,241.86741773,1512.00,5629.00,1.170000,1.023000,74.5043816,48.3008551
"HAT-P-65 b","HAT-P-65",1,1,"Transit",2016,2.60544751000,18.05766791,176.07693748,1818.00,5872.00,1.666000,1.297000,315.9054895,11.9893675
"HAT-P-66 b","HAT-P-66",1,1,"Transit",2016,2.97208600000,17.82231000,248.86089000,1896.00,6002.00,1.881000,1.255000,150.5726262,53.9508237
"HAT-P-67 b","HAT-P-67",2,1,"Transit",2017,4.81010690000,23.98721870,143.02278315,1903.00,6640.00,2.620000,1.730000,256.6107279,44.7768849
"HAT-P-70 b","HAT-P-70",1,1,"Transit",2019,2.74432452000,20.96083000,2154.88740000,2562.00,8450.00,1.858000,1.890000,74.5523332,9.9979794
"HAT-P-8 b","HAT-P-8",3,1,"Transit",2008,3.07634000000,15.69260000,406.82240000,1713.00,6200.00,1.570000,1.270000,343.0414932,35.4471778
"HATS-1 b","HATS-1",1,1,"Transit",2012,3.44645900000,14.59400000,589.55000000,1359.00,5870.00,1.038000,0.986000,175.5252399,-23.3548451
"HATS-10 b","HATS-10",1,1,"Transit",2015,3.31284600000,10.86152100,167.17858000,1407.00,5880.00,1.105000,1.101000,294.3068385,-22.2044872
"HATS-12 b","HATS-12",1,1,"Transit",2016,3.14270200000,7.76000000,759.61370000,1446.00,6357.00,1.170000,1.160000,289.2024020,-19.3559227
"HATS-13 b","HATS-13",1,1,"Transit",2015,3.04404990000,13.58530800,172.58169000,1244.00,5523.00,0.887000,0.962000,316.9614798,-26.0967205
"HATS-14 b","HATS-14",1,1,"Transit",2015,2.76676410000,11.64615100,340.39593000,1276.00,5346.00,0.933000,0.967000,313.2154754,-25.6873756
"HATS-17 b","HATS-17",1,1,"Transit",2016,16.25461100000,8.70939300,425.25654000,814.00,5846.00,1.091000,1.131000,192.1895676,-47.6136789
"HATS-18 b","HATS-18",1,1,"Transit",2016,0.83784000000,14.89676100,629.14448500,2069.48,5600.00,1.020000,1.037000,173.9574203,-29.1560639
"HATS-28 b","HATS-28",1,1,"Transit",2016,3.18107810000,13.38354600,213.58176000,1253.00,5498.00,0.922000,0.929000,284.3997616,-49.1385126
"HATS-32 b","HATS-32",1,1,"Transit",2016,2.81265480000,14.00004100,292.40360000,1437.00,5700.00,1.097000,1.099000,346.0750861,-21.2720168
"HATS-33 b","HATS-33",1,1,"Transit",2016,2.54955510000,13.78707000,378.85336000,1429.00,5659.00,1.022000,1.062000,294.6336944,-55.3302692
"HATS-38 b","HATS-38",1,1,"Transit",2020,4.37502100000,6.88232600,23.51942000,1294.00,5732.00,1.105000,0.890000,154.2710615,-25.2762982
"HATS-4 b","HATS-4",1,1,"Transit",2014,2.51672900000,11.43300000,420.47100000,1315.00,5403.00,0.925000,1.001000,94.1120914,-22.5468824
"HATS-43 b","HATS-43",1,1,"Transit",2018,4.38884970000,13.22662000,82.95363000,1003.00,5099.00,0.812000,0.837000,80.5382418,-30.9708179
"HATS-44 b","HATS-44",1,1,"Transit",2018,2.74390040000,11.96000300,177.98480000,1161.00,5080.00,0.847000,0.860000,84.3267559,-27.9725758
"HATS-46 b","HATS-46",1,1,"Transit",2018,4.74237490000,10.65974065,50.21688831,1082.10,5451.00,0.894000,0.869000,6.7026401,-56.3161021
"HATS-48 A b","HATS-48 A",2,1,"Transit",2020,3.13166660000,8.96720000,77.23269000,954.60,4546.00,0.715200,0.727900,288.6720048,-59.5793505
"HATS-5 b","HATS-5",1,1,"Transit",2014,4.76338700000,10.22300000,75.32300000,1025.00,5304.00,0.871000,0.936000,67.2228465,-21.4820568
"HATS-52 b","HATS-52",1,1,"Transit",2017,1.36665436000,15.49083800,711.93920000,1834.00,6010.00,1.046000,1.111000,140.0875894,-31.2692116
"HATS-59 c","HATS-59",1,2,"Radial Velocity",2018,1422.00000000000,12.30000000,4036.44100000,175.90,5670.00,1.036000,1.038000,170.3243250,-22.3881770
"HATS-6 b","HATS-6",1,1,"Transit",2015,3.32527250000,11.18658200,101.38777000,712.80,3724.00,0.570000,0.574000,88.1468079,-19.0316268
"HATS-61 b","HATS-61",1,1,"Transit",2018,7.81795300000,13.39475500,1080.62200000,1226.10,5542.00,1.664000,1.076000,61.6578005,-25.3496674
"HATS-64 b","HATS-64",1,1,"Transit",2018,4.90889700000,18.81991100,305.11680000,1793.00,6554.00,2.113000,1.564000,144.2876092,-29.8004440
"HATS-71 b","HATS-71",1,1,"Transit",2020,3.79552020000,11.47801600,117.59710000,586.80,3405.00,0.478300,0.486100,15.5518893,-61.7561333
"HATS-72 b","HATS-72",1,1,"Transit",2020,7.32794740000,8.09738160,39.85588200,739.30,4656.10,0.721400,0.731100,339.0258401,-17.0003046
"HATS-74 A b","HATS-74 A",2,1,"Transit",2021,1.73185606000,11.56766808,464.02947422,895.10,3776.90,0.575800,0.601000,171.0147921,-19.5569588
"HATS-75 b","HATS-75",1,1,"Transit",2021,2.78865560000,9.90873894,156.05374784,772.30,3790.40,0.584800,0.601700,60.9493919,-25.4089214
"HATS-8 b","HATS-8",1,1,"Transit",2015,3.58389300000,9.78545700,43.86054000,1324.00,5679.00,1.086000,1.056000,294.9416887,-25.7483655
"HD 100546 b","HD 100546",1,1,"Imaging",2014,,77.34210000,2701.54145950,94.67,10500.00,1.852880,2.400000,173.3555116,-70.1947897
"HD 10180 c","HD 10180",1,6,"Radial Velocity",2010,5.75969000000,,2741.58783878,1185.40,5911.00,1.109000,1.060000,24.4731133,-60.5114881
"HD 10180 d","HD 10180",1,6,"Radial Velocity",2010,16.35700000000,,3295.88058059,837.06,5911.00,1.109000,1.060000,24.4731133,-60.5114881
"HD 10180 e","HD 10180",1,6,"Radial Velocity",2010,49.74800000000,5.39000000,25.10000000,577.77,5911.00,1.109000,1.060000,24.4731133,-60.5114881
"HD 10180 h","HD 10180",1,6,"Radial Velocity",2010,2205.00000000000,9.40000000,64.40000000,163.24,5911.00,1.109000,1.060000,24.4731133,-60.5114881
"HD 102272 b","HD 102272",1,1,"Radial Velocity",2008,127.58000000000,12.90000000,1570.08020000,1038.01,4790.00,10.300000,1.450000,176.5980316,14.1240201
"HD 102329 b","HD 102329",1,2,"Radial Velocity",2011,778.09998000000,12.60000000,2593.49280000,532.95,4745.00,9.820000,3.210000,176.6941567,3.4742143
"HD 102329 c","HD 102329",1,2,"Radial Velocity",2016,1123.00000000000,13.50000000,483.10160000,,4830.00,6.300000,1.300000,176.6941567,3.4742143
"HD 103720 b","HD 103720",1,1,"Radial Velocity",2014,4.55570000000,14.10000000,197.04600000,926.24,5017.00,0.730000,0.794000,179.1713308,-2.7791393
"HD 103774 b","HD 103774",2,1,"Radial Velocity",2013,5.88810000000,13.30000000,116.00000000,1487.08,6489.00,1.581047,1.335000,179.2310729,-12.1079951
"HD 104067 c","HD 104067",1,2,"Radial Velocity",2024,13.89920000000,3.69000000,13.20000000,648.36,4952.00,0.780000,0.820000,179.7923543,-20.3556058
"HD 10442 b","HD 10442",1,1,"Radial Velocity",2014,1032.30000000000,13.60000000,472.61321000,234.49,4912.00,1.970000,1.010000,25.4715240,2.7044193
"HD 105618 b","HD 105618",1,2,"Radial Velocity",2022,10.02245000000,5.44000000,25.42627256,1023.19,5671.00,1.273990,1.010000,182.4021288,11.2115695
"HD 106270 b","HD 106270",1,1,"Radial Velocity",2011,1888.00000000000,12.40000000,3623.24383980,237.07,5509.00,2.660000,1.390000,183.4049258,-9.5135645
"HD 106315 b","HD 106315",1,2,"Transit",2017,9.55237000000,2.44000000,12.60000000,1153.00,6327.00,1.296000,1.091000,183.4724742,-0.3934357
"HD 106315 c","HD 106315",1,2,"Transit",2017,21.05704000000,4.35000000,15.20000000,886.00,6327.00,1.296000,1.091000,183.4724742,-0.3934357
"HD 106906 b","HD 106906",1,1,"Imaging",2013,,12.40000000,3496.00000000,1800.00,6516.00,2.123510,1.500000,184.4713308,-55.9755805
"HD 107148 b","HD 107148",2,2,"Radial Velocity",2005,48.05600000000,9.60000000,66.74100000,582.78,5797.00,1.169193,1.120000,184.8059773,-3.3199927
"HD 108236 f","HD 108236",1,5,"Transit",2021,29.54115000000,2.01700000,4.72000000,609.59,5660.00,0.877000,0.869000,186.5740627,-51.3630519
"HD 109246 b","HD 109246",1,1,"Radial Velocity",2010,68.27000000000,13.90000000,273.33380000,507.43,5844.00,1.070000,1.200000,188.0271840,74.4893379
"HD 109271 b","HD 109271",1,2,"Radial Velocity",2013,7.85430000000,4.31000000,17.16200000,1128.86,5783.00,1.294595,1.047000,188.3973970,-11.6215204
"HD 109271 c","HD 109271",1,2,"Radial Velocity",2013,30.93000000000,5.27000000,24.15400000,716.68,5783.00,1.294595,1.047000,188.3973970,-11.6215204
"HD 109749 b","HD 109749",2,1,"Radial Velocity",2005,5.23989100000,11.10000000,85.81410000,1250.83,5824.00,1.220000,1.130000,189.3173489,-40.8121458
"HD 109833 b","HD 109833",1,2,"Transit",2022,9.18852600000,2.88800000,8.69000000,786.00,5881.00,1.000000,1.080000,189.7758591,-74.5740205
"HD 109833 c","HD 109833",1,2,"Transit",2022,13.90014800000,2.59000000,7.22000000,756.70,5881.00,1.000000,1.080000,189.7758591,-74.5740205
"HD 110014 b","HD 110014",1,1,"Radial Velocity",2009,835.47700000000,12.40000000,3524.59000000,669.84,4445.00,20.900000,2.170000,189.8111935,-7.9956702
"HD 110067 b","HD 110067",3,6,"Transit",2023,9.11367800000,2.20000000,5.69000000,800.00,5266.00,0.788000,0.798000,189.8392243,20.0273377
"HD 110067 c","HD 110067",3,6,"Transit",2023,13.67369400000,2.38800000,6.30000000,699.00,5266.00,0.788000,0.798000,189.8392243,20.0273377
"HD 110067 d","HD 110067",3,6,"Transit",2023,20.51961700000,2.85200000,8.52000000,602.00,5266.00,0.788000,0.798000,189.8392243,20.0273377
"HD 110067 e","HD 110067",3,6,"Transit",2023,30.79309100000,1.94000000,3.90000000,533.00,5266.00,0.788000,0.798000,189.8392243,20.0273377
"HD 110067 f","HD 110067",3,6,"Transit",2023,41.05854000000,2.60100000,5.04000000,489.00,5266.00,0.788000,0.798000,189.8392243,20.0273377
"HD 110067 g","HD 110067",3,6,"Transit",2023,54.76992000000,2.60700000,8.40000000,440.00,5266.00,0.788000,0.798000,189.8392243,20.0273377
"HD 112300 b","HD 112300",1,1,"Radial Velocity",2023,466.63000000000,12.20000000,5031.22368281,1240.35,3657.00,65.800000,1.400000,193.8988441,3.3972376
"HD 112640 b","HD 112640",1,1,"Radial Velocity",2020,613.20000000000,12.90000000,1589.15000000,959.65,4155.00,39.000000,1.800000,194.2415171,67.2429122
"HD 11343 c","HIP 8541",2,2,"Radial Velocity",2022,228.53731000000,13.90000000,255.53403923,613.29,4672.00,6.840000,2.009000,27.5271962,-54.4651633
"HD 113538 c","HD 113538",1,2,"Radial Velocity",2010,1818.00000000000,13.80000000,295.57000000,100.28,4462.00,0.530000,0.585000,196.2339330,-52.4463502
"HD 114082 b","HD 114082",1,1,"Transit",2022,225.55040000000,11.72459381,508.52545120,949.67,6610.00,1.482000,1.280000,197.3171237,-60.3084347
"HD 114783 b","HD 114783",1,2,"Radial Velocity",2001,493.70000000000,13.70000000,349.60000000,210.79,5135.00,0.840622,0.853000,198.1818436,-2.2649921
"HD 11506 d","HD 11506",1,3,"Radial Velocity",2022,26500.00000000000,12.30000000,4068.20360960,77.07,6123.00,1.240000,1.220000,28.2106607,-19.5073960
"HD 116029 c","HD 116029",2,2,"Radial Velocity",2016,907.00000000000,13.70000000,403.64410000,,4951.00,4.600000,1.330000,200.1646905,24.6484725
"HD 11964 b","HD 11964",2,2,"Radial Velocity",2005,1945.00000000000,14.10000000,198.00000000,203.93,5303.00,2.009710,0.910000,29.2884252,-10.2434693
"HD 11964 c","HD 11964",2,2,"Radial Velocity",2008,37.91000000000,5.38000000,25.00000000,757.54,5303.00,2.009710,0.910000,29.2884252,-10.2434693
"HD 11977 b","HD 11977",1,1,"Radial Velocity",2005,711.00000000000,12.70000000,2080.00000000,547.97,4970.00,10.090000,1.910000,28.7347403,-67.6469871
"HD 120084 b","HD 120084",1,1,"Radial Velocity",2013,2142.00000000000,12.70000000,2034.10180480,369.24,4879.00,10.370000,2.160000,205.6619890,78.0646376
"HD 12235 b","HD 12235",1,2,"Radial Velocity",2022,4.36305000000,3.23000000,10.48833743,1667.37,5986.00,1.801850,1.100000,30.0391601,3.0959098
"HD 124330 b","HD 124330",1,1,"Radial Velocity",2021,270.66000000000,14.00000000,238.37130525,348.79,5873.00,1.304460,1.150000,212.8207093,54.4089731
"HD 125136 b","HD 125136",1,1,"Radial Velocity",2026,849.77000000000,13.30000000,718.29219982,,4959.00,5.390000,1.550000,215.3703435,-72.3175327
"HD 125271 b","HD 125271",1,1,"Radial Velocity",2022,14901.99295000000,12.40000000,3465.60094993,59.78,4703.93,0.751364,0.750000,216.6474037,-81.4542756
"HD 125390 b","HD 125390",1,1,"Radial Velocity",2019,1757.39151000000,11.90000000,8646.20398403,320.26,4882.00,6.470000,1.820000,214.5387463,38.9669132
"HD 12661 c","HD 12661",1,2,"Radial Velocity",2002,1708.00000000000,13.20000000,899.45439181,174.06,5748.00,1.110000,1.020000,31.1423525,25.4135632
"HD 127195 b","HD 127195",1,2,"Radial Velocity",2026,534.50000000000,14.00000000,212.94503269,,4981.00,4.160000,1.340000,217.8714193,-47.7292571
"HD 127195 c","HD 127195",1,2,"Radial Velocity",2026,836.99000000000,14.10000000,206.58846455,,4981.00,4.160000,1.340000,217.8714193,-47.7292571
"HD 128311 b","HD 128311",1,2,"Radial Velocity",2002,453.01900000000,13.50000000,562.24127000,200.47,4965.00,0.760000,0.828000,219.0032292,9.7454368
"HD 128311 c","HD 128311",1,2,"Radial Velocity",2005,921.53800000000,13.00000000,1204.25787000,158.23,4965.00,0.760000,0.828000,219.0032292,9.7454368
"HD 128717 b","HD 128717",1,1,"Astrometry",2025,3420.00000000000,12.10000000,6293.00245860,151.90,6210.00,1.248000,1.212000,219.0881687,57.5609512
"HD 129445 b","HD 129445",1,1,"Radial Velocity",2009,1840.00000000000,13.30000000,797.74930157,173.36,5646.00,1.175816,0.990000,221.5104196,-68.7629901
"HD 130322 b","HD 130322",1,1,"Radial Velocity",1999,10.70871000000,13.70000000,365.49000000,720.00,5387.00,0.850000,0.920000,221.8857975,-0.2820782
"HD 132563 b","HD 132563",3,1,"Radial Velocity",2011,1544.00000000000,13.60000000,473.54700000,213.27,6289.00,1.295770,1.231000,224.5892892,44.0428571
"HD 133131 A b","HD 133131 A",2,3,"Radial Velocity",2016,649.00000000000,13.60000000,451.31860000,227.72,5799.00,0.955014,0.950000,225.8984524,-27.8431369
"HD 133131 A c","HD 133131 A",2,3,"Radial Velocity",2016,3568.00000000000,14.30000000,133.48860000,128.96,5799.00,0.955014,0.950000,225.8984524,-27.8431369
"HD 133131 B b","HD 133131 B",2,3,"Radial Velocity",2016,5769.00000000000,13.30000000,794.57500000,112.28,5805.00,0.989538,0.930000,225.8999745,-27.8415947
"HD 134606 b","HD 134606",1,5,"Radial Velocity",2024,12.08900000000,2.97000000,9.09000000,894.63,5576.00,1.158000,1.046000,228.8103897,-70.5203328
"HD 134606 c","HD 134606",1,5,"Radial Velocity",2024,58.88300000000,3.37000000,11.31000000,527.65,5576.00,1.158000,1.046000,228.8103897,-70.5203328
"HD 134987 b","HD 134987",1,2,"Radial Velocity",1999,258.17999000000,13.50000000,511.70630000,339.45,5736.00,1.220000,1.100000,228.3675397,-25.3096721
"HD 134987 c","HD 134987",1,2,"Radial Velocity",2009,5000.00000000000,13.90000000,260.00000000,125.03,5585.00,1.250000,1.100000,228.3675397,-25.3096721
"HD 135625 b","HD 135625",1,1,"Radial Velocity",2023,4055.00000000000,13.30000000,731.00533610,146.04,6040.64,1.357430,1.280000,229.4511514,-45.9225871
"HD 136352 c","HD 136352",1,3,"Radial Velocity",2019,27.59221000000,2.91600000,11.24000000,677.00,5664.00,1.058000,0.870000,230.4401147,-48.3188174
"HD 13724 c","HD 13724",1,1,"Radial Velocity",2022,142.22895000000,8.18000000,50.85254512,393.06,5835.31,1.041980,1.004000,33.0859626,-46.8166738
"HD 13808 c","HD 13808",1,2,"Radial Velocity",2021,53.75300000000,3.13000000,9.96000000,424.57,5035.00,0.781000,0.771000,33.1780708,-53.7437591
"HD 13908 c","HD 13908",1,2,"Radial Velocity",2013,931.00000000000,12.80000000,1630.40000000,273.57,6255.00,1.670000,1.290000,34.5609102,65.5941901
"HD 141004 b","HD 141004",1,1,"Radial Velocity",2021,15.50830000000,3.77000000,13.63483866,950.73,5885.38,1.389372,1.051904,236.6099205,7.3527684
"HD 141399 b","HD 141399",1,4,"Radial Velocity",2014,94.44000000000,14.30000000,143.34133000,493.71,5600.00,1.387236,1.070000,236.7235392,46.9862880
"HD 141399 c","HD 141399",1,4,"Radial Velocity",2014,201.99000000000,13.60000000,422.71390000,383.17,5600.00,1.387236,1.070000,236.7235392,46.9862880
"HD 141399 d","HD 141399",1,4,"Radial Velocity",2014,1069.80000000000,13.70000000,375.03940000,220.00,5600.00,1.387236,1.070000,236.7235392,46.9862880
"HD 141399 e","HD 141399",1,4,"Radial Velocity",2014,5000.00000000000,14.10000000,209.76780000,142.24,5600.00,1.387236,1.070000,236.7235392,46.9862880
"HD 142415 b","HD 142415",1,1,"Radial Velocity",2003,386.29999000000,13.50000000,530.77610000,283.72,5940.00,1.040000,1.070000,239.4189890,-60.2006948
"HD 143105 b","HD 143105",1,1,"Radial Velocity",2016,2.19740000000,13.70000000,384.57430000,2028.25,6380.00,1.647304,1.510000,238.4023547,68.7199779
"HD 1461 b","HD 1461",1,2,"Radial Velocity",2010,5.77152000000,2.42000000,6.44000000,1185.14,5765.00,1.152288,1.020000,4.6762645,-8.0536206
"HD 1461 c","HD 1461",1,2,"Radial Velocity",2015,13.50520000000,2.23000000,5.59000000,892.87,5765.00,1.152288,1.020000,4.6762645,-8.0536206
"HD 147018 b","HD 147018",1,2,"Radial Velocity",2009,44.23600000000,13.40000000,674.00000000,519.98,5441.00,0.937948,0.927000,245.7490012,-61.6901291
"HD 147018 c","HD 147018",1,2,"Radial Velocity",2009,1008.00000000000,12.70000000,2080.00000000,183.28,5441.00,0.937948,0.927000,245.7490012,-61.6901291
"HD 147513 b","HD 147513",2,1,"Radial Velocity",2003,528.40000000000,13.70000000,385.00000000,244.43,5883.00,0.980000,1.110000,246.0057894,-39.1929661
"HD 14787 b","HD 14787",1,1,"Radial Velocity",2018,676.60000000000,13.70000000,356.28743000,409.43,4946.00,5.010000,1.430000,35.8085099,10.8367972
"HD 147873 b","HD 147873",2,2,"Radial Velocity",2016,116.59600000000,12.80000000,1633.64620000,603.16,5972.00,2.290000,1.380000,246.4380471,-33.5672217
"HD 148164 b","HD 148164",1,2,"Radial Velocity",2018,328.55000000000,13.70000000,390.93090000,337.89,6032.00,1.340000,1.210000,246.4351678,11.9190729
"HD 148164 c","HD 148164",1,2,"Radial Velocity",2018,5062.00000000000,12.80000000,1640.00280000,135.77,6032.00,1.340000,1.210000,246.4351678,11.9190729
"HD 149026 b","HD 149026",1,1,"Radial Velocity",2005,2.87589000000,8.29466000,120.77540000,1626.00,6179.00,1.410000,1.420000,247.6229827,38.3475349
"HD 149143 b","HD 149143",1,1,"Radial Velocity",2005,4.07182000000,13.60000000,422.71390000,1471.90,5856.00,1.440000,1.200000,248.2126715,2.0844547
"HD 150010 b","HD 150010",1,1,"Radial Velocity",2022,562.00000000000,13.30000000,762.78817680,681.22,4153.00,16.200000,1.300000,247.8670682,72.6125804
"HD 150706 b","HD 150706",1,1,"Radial Velocity",2012,5894.00000000000,13.30000000,772.32302901,108.81,5961.00,0.960000,1.170000,247.8255687,79.7894032
"HD 15337 b","HD 15337",1,2,"Transit",2019,4.75598040000,1.77000000,6.51900000,1001.00,5131.00,0.855000,0.829000,36.8678846,-27.6361171
"HD 15337 c","HD 15337",1,2,"Transit",2019,17.18054600000,2.52600000,6.79200000,656.10,5131.00,0.855000,0.829000,36.8678846,-27.6361171
"HD 153557 b","HD 153557",1,3,"Radial Velocity",2022,7.29903000000,4.77000000,20.34101805,772.12,4837.00,0.745171,0.790000,254.4706516,47.3678558
"HD 153950 b","HD 153950",1,1,"Radial Velocity",2008,499.39999000000,13.20000000,937.59850000,295.30,6124.00,1.280000,1.250000,256.1292826,-43.3103753
"HD 154088 b","HD 154088",1,1,"Radial Velocity",2021,18.56000000000,2.46000000,6.60000000,689.99,5374.00,0.950000,0.910000,256.1164214,-28.5838342
"HD 154857 c","HD 154857",1,2,"Radial Velocity",2014,3452.00000000000,13.20000000,819.97000000,154.88,5605.00,1.760000,1.718000,257.8161940,-56.6810380
"HD 155193 b","HD 155193",1,1,"Radial Velocity",2021,352.65000000000,14.00000000,238.37130525,391.86,6239.00,1.764390,1.221000,257.4208876,10.0381003
"HD 156846 b","HD 156846",2,1,"Radial Velocity",2007,359.51001000000,12.40000000,3391.24610000,382.49,6090.00,1.900000,1.380000,260.1423366,-19.3343650
"HD 158259 b","HD 158259",1,5,"Radial Velocity",2020,2.17800000000,1.28228000,2.22000000,1462.00,5801.89,1.210000,1.080000,261.3495847,52.7904721
"HD 158259 d","HD 158259",1,5,"Radial Velocity",2020,5.19808140000,2.18000000,5.41000000,,5801.89,1.210000,1.080000,261.3495847,52.7904721
"HD 158259 f","HD 158259",1,5,"Radial Velocity",2020,12.02800000000,2.35000000,6.14000000,,5801.89,1.210000,1.080000,261.3495847,52.7904721
"HD 159243 b","HD 159243",1,2,"Radial Velocity",2013,12.62000000000,13.70000000,359.13000000,942.13,6123.00,1.120000,1.125000,263.3395365,5.7008254
"HD 159868 c","HD 159868",1,2,"Radial Velocity",2012,351.00000000000,14.00000000,244.09344000,383.37,5534.00,2.130000,1.190000,264.7466665,-43.1462347
"HD 1605 c","HD 1605",1,2,"Radial Velocity",2015,2149.00000000000,13.00000000,1150.54460000,233.88,4915.00,3.490000,1.330000,5.1317548,30.9750611
"HD 160691 b","HD 160691",1,4,"Radial Velocity",2000,645.00000000000,,1366.66215010,262.13,5773.00,1.330000,1.130000,266.0361585,-51.8348751
"HD 163607 b","HD 163607",1,2,"Radial Velocity",2012,75.22030000000,13.90000000,249.05158800,587.13,5522.00,1.760000,1.120000,268.4181383,56.3924701
"HD 16417 b","HD 16417",2,1,"Radial Velocity",2008,17.24000000000,5.00000000,22.10000000,964.00,5841.00,1.639984,1.200000,39.2441029,-34.5790905
"HD 164509 b","HD 164509",2,1,"Radial Velocity",2012,280.17000000000,14.30000000,140.79869000,319.12,5859.00,1.110000,1.120000,270.3800811,0.1044685
"HD 164595 b","HD 164595",2,1,"Radial Velocity",2015,40.00000000000,4.16000000,16.14000000,589.00,5790.00,1.023606,0.990000,270.1613723,29.5726698
"HD 165155 b","HD 165155",1,1,"Radial Velocity",2016,434.50000000000,13.20000000,918.52870000,239.90,5426.00,0.950000,1.020000,271.4893395,-29.9172536
"HD 1666 b","HD 1666",1,1,"Radial Velocity",2015,270.00000000000,12.70000000,2040.00000000,436.47,6317.00,1.930000,1.500000,5.2180424,-19.9314823
"HD 166724 b","HD 166724",1,1,"Radial Velocity",2012,5144.00000000000,13.00000000,1207.74794660,94.83,5127.00,0.797485,0.810000,273.4988604,-42.5757218
"HD 167768 b","HD 167768",1,1,"Radial Velocity",2022,20.65320000000,13.90000000,270.15414595,1873.59,4851.00,9.700000,1.080000,274.2213308,-3.0085807
"HD 170469 b","HD 170469",2,1,"Radial Velocity",2007,1145.00000000000,14.10000000,209.76780000,209.60,5842.00,1.240000,1.100000,277.2955423,11.6954244
"HD 175541 b","HD 175541",1,1,"Radial Velocity",2007,298.43000000000,14.10000000,190.06234000,501.11,5013.00,4.190000,1.390000,283.9203211,4.2649344
"HD 175607 b","HD 175607",1,1,"Radial Velocity",2015,29.01000000000,,2456.17792930,,5392.00,0.700000,0.710000,285.2742901,-66.1943379
"HD 176986 c","HD 176986",1,3,"Radial Velocity",2017,16.81240000000,,2097.98531461,558.00,4931.00,0.782000,0.789000,285.7739138,-11.0449410
"HD 177830 c","HD 177830",2,2,"Radial Velocity",2010,110.90000000000,7.87000000,47.67250000,538.95,4949.00,2.620000,1.470000,286.3363574,25.9204327
"HD 179079 b","HD 179079",1,1,"Radial Velocity",2008,14.47900000000,,4195.33497240,997.61,5646.00,1.630000,1.140000,287.7903733,-2.6387703
"HD 179949 b","HD 179949",1,1,"Radial Velocity",2000,3.09251400000,13.90000000,291.12000000,1590.53,6168.00,1.266865,1.210000,288.8890182,-24.1797939
"HD 18015 b","HD 18015",1,1,"Radial Velocity",2018,2278.00000000000,13.10000000,1048.83374310,242.98,5603.00,3.130000,1.490000,43.3636339,-8.8480392
"HD 180314 b","HD 180314",1,1,"Radial Velocity",2010,394.73000000000,12.00000000,7216.92963775,597.64,4917.00,9.200000,2.600000,288.7094401,31.8604391
"HD 180902 b","HD 180902",2,1,"Radial Velocity",2009,510.90000000000,13.50000000,535.54355000,412.37,4961.00,4.160000,1.410000,289.8239604,-23.5582432
"HD 181720 b","HD 181720",1,1,"Radial Velocity",2009,956.00000000000,14.00000000,127.13200000,249.06,5736.00,1.500000,1.030000,290.7212224,-32.9208401
"HD 184010 c","HD 184010",1,3,"Radial Velocity",2022,484.30000000000,11.80000000,95.34852210,457.53,4971.00,4.860000,1.350000,292.8401421,26.6172796
"HD 184010 d","HD 184010",1,3,"Radial Velocity",2022,836.40000000000,14.30000000,143.02278315,381.37,4971.00,4.860000,1.350000,292.8401421,26.6172796
"HD 18438 b","HD 18438",1,1,"Radial Velocity",2023,803.00000000000,12.10000000,6674.39654700,1208.15,3860.00,88.475000,1.840000,46.5318358,79.4185800
"HD 185283 b","HD 185283",1,1,"Radial Velocity",2023,4060.00000000000,13.60000000,413.17692910,93.97,4848.00,0.743303,0.800000,295.3233609,-56.3221096
"HD 187123 b","HD 187123",1,2,"Radial Velocity",1998,3.09658280000,14.20000000,166.21800000,1450.90,5790.00,1.150430,1.040000,296.7428786,34.4189900
"HD 188015 b","HD 188015",2,1,"Radial Velocity",2004,461.20000000000,13.60000000,476.72000000,267.98,5746.00,1.125296,1.090000,298.0191857,28.0999769
"HD 189733 b","HD 189733",2,1,"Radial Velocity",2005,2.21857567000,12.66617000,359.14790000,1209.00,5052.00,0.750000,0.790000,300.1821223,22.7097759
"HD 190007 b","HD 190007",1,1,"Radial Velocity",2020,11.72412800000,4.06000000,15.50000000,651.41,4610.00,0.790000,0.770000,300.6956339,3.3266992
"HD 191939 b","HD 191939",1,6,"Transit",2020,8.88032560000,3.41000000,10.00000000,880.00,5348.00,0.940000,0.810000,302.0256247,66.8503014
"HD 191939 e","HD 191939",1,6,"Radial Velocity",2022,101.12000000000,13.00000000,112.20000000,390.00,5348.00,0.940000,0.810000,302.0256247,66.8503014
"HD 191939 f","HD 191939",1,6,"Radial Velocity",2022,2898.00000000000,13.20000000,915.34581216,125.00,5348.00,0.940000,0.810000,302.0256247,66.8503014
"HD 191939 g","HD 191939",1,6,"Radial Velocity",2022,284.00000000000,3.74000000,13.50000000,278.00,5348.00,0.940000,0.810000,302.0256247,66.8503014
"HD 192310 b","HD 192310",1,2,"Radial Velocity",2011,74.72000000000,4.27000000,16.90000000,355.00,5166.00,0.857922,0.800000,303.8284712,-27.0337556
"HD 196050 b","HD 196050",3,1,"Radial Velocity",2002,1392.00000000000,12.90000000,1493.79351290,207.52,5879.00,1.420000,1.270000,309.4637796,-60.6347649
"HD 196067 b","HD 196067",2,2,"Radial Velocity",2012,3413.70000000000,12.40000000,3623.24383980,176.42,6072.00,1.710000,1.160000,310.4364195,-75.3514992
"HD 196885 A b","HD 196885 A",2,1,"Radial Velocity",2007,1333.00000000000,13.20000000,819.97000000,224.21,6254.00,1.310000,1.280000,309.9664609,11.2500236
"HD 199509 b","HD 199509",1,1,"Radial Velocity",2022,99.62167000000,7.43000000,43.22466335,410.73,5796.02,0.920000,1.040000,317.3445632,-82.0274926
"HD 19994 b","HD 19994",3,1,"Radial Velocity",2003,466.20000000000,13.60000000,435.41000000,350.10,6188.00,1.796470,1.365000,48.1943193,-1.1963955
"HD 20003 c","HD 20003",1,2,"Radial Velocity",2019,33.92390000000,3.89000000,14.44000000,573.89,5494.00,0.921637,0.875000,46.9090081,-72.3219221
"HD 200964 c","HD 200964",1,2,"Radial Velocity",2010,852.50000000000,13.70000000,385.84562000,380.62,4982.00,4.920000,1.390000,316.6664183,3.8033357
"HD 202206 c","HD 202206",1,2,"Radial Velocity",2004,1299.22000000000,13.10000000,982.08977763,183.35,5764.23,1.040000,1.060000,318.7405221,-20.7897284
"HD 20329 b","HD 20329",1,1,"Transit",2022,0.92611800000,1.72000000,7.42000000,2141.00,5596.00,1.130000,0.900000,49.1781240,15.6563542
"HD 2039 b","HD 2039",1,1,"Radial Velocity",2002,1120.00000000000,12.70000000,1999.15070000,210.84,5945.00,1.190000,1.230000,6.0851069,-56.6499880
"HD 204313 b","HD 204313",1,3,"Radial Velocity",2010,2041.11539000000,12.90000000,1466.77809830,163.43,5767.00,1.100000,1.030000,322.0510568,-21.7274194
"HD 205158 b","HD 205158",1,1,"Radial Velocity",2022,25.33798000000,13.90000000,124.58873554,963.25,6133.55,1.877410,1.160000,323.9186227,-59.6933144
"HD 205739 b","HD 205739",1,1,"Radial Velocity",2008,279.80000000000,13.60000000,435.41000000,362.84,6176.00,1.330000,1.220000,324.5351273,-31.7378373
"HD 206610 b","HD 206610",1,1,"Radial Velocity",2009,673.20000000000,13.40000000,647.10188000,437.88,4842.00,6.120000,1.550000,325.8537599,-7.4082451
"HD 206893 c","HD 206893",1,2,"Imaging",2022,2290.00000000000,16.36511182,3527.89531770,1181.90,6500.00,1.311160,1.310000,326.3416874,-12.7833522
"HD 207496 b","HD 207496",1,1,"Transit",2023,6.44100800000,2.25000000,6.10000000,743.00,4819.00,0.769000,0.800000,328.7181708,-77.3388025
"HD 20782 b","HD 20782",2,5,"Radial Velocity",2006,597.06430000000,13.60000000,472.83000000,253.34,5782.13,1.126810,1.040000,50.0166232,-28.8543535
"HD 207832 b","HD 207832",3,2,"Radial Velocity",2012,160.07000000000,14.20000000,177.98480000,340.28,5726.00,0.890000,1.050000,328.1517893,-26.0271749
"HD 207832 c","HD 207832",3,2,"Radial Velocity",2012,1155.70000000000,14.00000000,232.01590000,179.84,5710.00,0.901000,0.940000,328.1517893,-26.0271749
"HD 207897 b","HD 207897",1,1,"Transit",2021,16.20166000000,2.34302132,14.80000000,581.75,5106.00,0.782700,0.820800,325.2016451,84.3337613
"HD 20794 f","HD 20794",1,4,"Radial Velocity",2025,647.60000000000,2.28000000,5.82000000,214.52,5368.00,0.930000,0.790000,49.9997666,-43.0666533
"HD 208527 b","HD 208527",1,1,"Radial Velocity",2012,875.50000000000,12.50000000,3146.40000000,959.79,4035.00,51.100000,1.600000,329.0999413,21.2399220
"HD 20868 b","HD 20868",1,1,"Radial Velocity",2008,380.85001000000,13.70000000,397.28750000,207.11,4802.00,0.760000,0.390000,50.1794053,-33.7296900
"HD 208897 b","HD 208897",1,1,"Radial Velocity",2017,358.27000000000,13.70000000,379.48711796,507.24,4860.00,4.980000,1.250000,329.7490639,19.0201591
"HD 209458 b","HD 209458",1,1,"Radial Velocity",1999,3.52474859000,15.58051000,232.01590000,1459.00,6091.00,1.190000,1.230000,330.7950219,18.8842419
"HD 210277 b","HD 210277",1,1,"Radial Velocity",1998,442.19000000000,13.60000000,410.00070000,259.86,5538.00,1.070000,1.010000,332.3748117,-7.5505962
"HD 211810 b","HD 211810",1,1,"Radial Velocity",2018,1558.00000000000,14.00000000,212.94610000,177.77,5652.00,1.130000,1.030000,334.5286724,61.1349912
"HD 211970 b","HD 211970",1,1,"Radial Velocity",2019,25.20100000000,3.66000000,13.00000000,398.77,4127.00,0.574175,0.610000,335.5661579,-54.5596006
"HD 212771 b","HD 212771",1,1,"Radial Velocity",2009,380.70000000000,13.30000000,759.61370000,507.69,5003.00,5.270000,1.560000,336.7624130,-17.2641046
"HD 21411 b","HD 21411",1,1,"Radial Velocity",2019,84.28800000000,9.52000000,65.90000000,408.17,5605.00,0.825605,0.890000,51.5474155,-30.6168403
"HD 215152 e","HD 215152",1,4,"Radial Velocity",2018,25.19670000000,,975.41538108,517.82,4935.00,0.730000,0.770000,340.8380941,-6.4020685
"HD 219077 b","HD 219077",1,1,"Radial Velocity",2012,5478.68861000000,12.50000000,3057.50927534,146.68,5362.00,1.910000,0.920000,348.5319387,-62.7018297
"HD 219134 g","HD 219134",1,6,"Radial Velocity",2015,94.20000000000,3.28000000,10.80622000,339.34,4913.00,0.770000,0.794000,348.3372026,57.1696255
"HD 219134 h","HD 219134",1,6,"Radial Velocity",2015,2247.00000000000,12.70000000,108.06220000,117.88,4913.00,0.770000,0.794000,348.3372026,57.1696255
"HD 219828 b","HD 219828",1,2,"Radial Velocity",2007,3.83483000000,4.59000000,19.06970442,1602.83,5891.00,1.560000,1.040000,349.6947029,18.6457524
"HD 220773 b","HD 220773",1,1,"Radial Velocity",2011,3724.70000000000,13.60000000,460.80000000,167.02,5940.00,1.679696,1.160000,351.6144715,8.6428871
"HD 220842 b","HD 220842",2,1,"Radial Velocity",2016,218.47000000000,13.10000000,1010.69940000,397.62,5960.00,1.416470,1.130000,351.6534162,56.8871415
"HD 221287 b","HD 221287",1,1,"Radial Velocity",2007,456.10000000000,13.10000000,982.05000000,290.13,6304.00,1.138640,1.250000,352.8362230,-58.2097540
"HD 221416 b","HD 221416",1,1,"Transit",2019,14.27670000000,9.17000000,60.50000000,1314.67,5080.00,2.943000,1.212000,353.0331863,-21.8012007
"HD 221585 b","HD 221585",1,1,"Radial Velocity",2016,1173.00000000000,13.50000000,511.70630000,242.77,5620.00,1.850575,1.190000,353.2293802,63.1556146
"HD 222076 b","HD 222076",1,1,"Radial Velocity",2016,871.00000000000,13.50000000,495.81480000,346.88,4806.00,4.100000,1.070000,354.5319820,-70.9032461
"HD 222582 b","HD 222582",2,1,"Radial Velocity",1999,572.38000000000,12.60000000,2660.23710000,256.39,5790.00,1.130000,1.120000,355.4640788,-5.9862379
"HD 224018 b","HD 224018",1,3,"Radial Velocity",2025,10.64130000000,0.91000000,4.10000000,968.00,5784.00,1.147000,1.013000,358.6390056,-4.7233362
"HD 224693 b","HD 224693",1,1,"Radial Velocity",2006,26.69040000000,14.00000000,222.48100000,903.45,5894.00,1.930000,1.310000,359.9749837,-22.4279999
"HD 22496 b","HD 22496",1,1,"Radial Velocity",2021,5.09071000000,2.22000000,5.57000000,573.00,4385.00,0.674000,0.684000,53.7565398,-48.4178173
"HD 22532 b","HD 22532",1,1,"Radial Velocity",2022,872.60000000000,13.40000000,673.79622284,420.41,5038.00,5.690000,1.570000,53.8148478,-49.4172669
"HD 22781 b","HD 22781",1,1,"Radial Velocity",2011,528.07000000000,12.30000000,4338.20000000,193.48,5027.00,0.743475,0.750000,55.2065581,31.8258855
"HD 22946 d","HD 22946",1,3,"Transit",2023,47.42489000000,2.60700000,26.57000000,546.00,6169.00,1.117000,1.098000,54.8195380,-42.7630276
"HD 23079 c","HD 23079",1,2,"Radial Velocity",2025,5.74891300000,2.80000000,8.26000000,,5994.00,1.080000,1.160000,54.9281897,-52.9162344
"HD 231701 b","HD 231701",1,1,"Radial Velocity",2007,141.63000000000,13.70000000,359.14790000,483.27,6101.00,1.530000,1.210000,293.0176220,16.4743566
"HD 233604 b","HD 233604",1,1,"Radial Velocity",2013,192.00000000000,12.70000000,2089.64400000,882.50,4791.00,10.900000,1.500000,137.4535054,53.5682016
"HD 235088 b","HD 235088",1,1,"Transit",2023,7.43413250000,1.98200000,4.15000000,805.00,5075.00,0.772000,0.849000,300.6154535,53.3774418
"HD 23596 b","HD 23596",2,1,"Radial Velocity",2003,1535.11912000000,12.40000000,3786.60764100,219.49,6040.00,1.530000,1.100000,57.0018601,40.5307308
"HD 238914 b","HD 238914",1,1,"Radial Velocity",2018,4100.00000000000,12.80000000,1906.98000000,343.67,4769.00,12.730000,1.470000,279.5842102,59.2538819
"HD 240210 b","HD 240210",1,1,"Radial Velocity",2009,501.75000000000,12.80000000,1655.82000000,970.67,4297.00,25.456816,0.820000,347.6219227,57.0294818
"HD 24064 b","HD 24064",1,1,"Radial Velocity",2015,535.59998000000,12.30000000,4096.82870000,1088.02,4052.00,40.000000,1.610000,59.1510071,74.0800789
"HD 25463 c","HD 25463",1,2,"Transit",2023,3.04405000000,1.36354953,4.30000000,1585.57,6353.00,1.418200,1.251000,60.7483361,9.2077676
"HD 25723 b","HD 25723",1,1,"Radial Velocity",2020,457.01000000000,13.30000000,794.57101750,698.40,4766.00,13.760000,2.120000,61.0947182,-12.7922241
"HD 260655 b","HD 260655",1,2,"Transit",2022,2.76953000000,1.24000000,2.14000000,709.00,3803.00,0.439000,0.439000,99.2915429,17.5662696
"HD 260655 c","HD 260655",1,2,"Transit",2022,5.70588000000,1.53300000,3.09000000,557.00,3803.00,0.439000,0.439000,99.2915429,17.5662696
"HD 26161 b","HD 26161",1,1,"Radial Velocity",2021,10942.29013000000,11.90000000,9045.39646322,110.98,6057.62,1.455981,1.120000,62.4122255,31.6524346
"HD 27442 b","HD 27442",2,1,"Radial Velocity",2000,428.10000000000,13.50000000,495.80000000,369.62,4846.00,3.180000,1.230000,64.1205476,-59.3028771
"HD 278555 b","HD 278555",1,1,"Transit",2026,28.84243800000,11.02963701,266.97586188,853.00,6047.00,1.624000,1.255000,50.3680468,32.9138110
"HD 28109 c","HD 28109",1,3,"Transit",2022,55.99712000000,4.13000000,9.20000000,643.00,6189.00,1.425000,1.227000,65.2383065,-68.1026875
"HD 28185 c","HD 28185",1,2,"Radial Velocity",2022,9090.00000000000,12.80000000,1906.97044200,94.85,5602.00,1.048000,0.974000,66.6100461,-10.5510754
"HD 285968 b","HD 285968",1,1,"Radial Velocity",2008,8.78360000000,2.83000000,8.40000000,450.00,3703.49,0.478214,0.500000,70.7353853,18.9533580
"HD 29399 b","HD 29399",1,1,"Radial Velocity",2022,892.70000000000,13.50000000,498.99059899,358.32,4845.00,4.500000,1.170000,68.3903471,-62.8237576
"HD 29985 b","HD 29985",1,1,"Radial Velocity",2022,20608.14049000000,12.80000000,1739.47487151,46.73,4678.00,0.574666,0.750000,70.5216589,-33.9210696
"HD 30669 b","HD 30669",1,1,"Radial Velocity",2014,1684.00000000000,14.30000000,149.37000000,151.45,5400.00,0.910000,0.920000,72.1198522,-28.4190757
"HD 31527 c","HD 31527",1,3,"Radial Velocity",2019,51.20530000000,3.85000000,14.16000000,571.07,5898.00,1.073694,0.960000,73.9096193,-23.2413163
"HD 3167 b","HD 3167",1,4,"Transit",2016,0.95965451000,1.60100000,4.84400000,1781.00,5338.00,0.871000,0.864000,8.7401487,4.3807215
"HD 3167 c","HD 3167",1,4,"Transit",2016,29.84651100000,2.98300000,11.41000000,567.00,5338.00,0.871000,0.864000,8.7401487,4.3807215
"HD 3167 d","HD 3167",1,4,"Radial Velocity",2017,8.39670000000,2.61000000,7.30000000,865.00,5338.00,0.871000,0.864000,8.7401487,4.3807215
"HD 3167 e","HD 3167",1,4,"Radial Velocity",2022,91.90000000000,3.97000000,14.90000000,389.00,5338.00,0.871000,0.864000,8.7401487,4.3807215
"HD 331093 b","HD 331093",1,1,"Radial Velocity",2021,621.62000000000,13.60000000,476.74261050,234.84,5544.00,1.111200,1.030000,295.6200054,31.7395451
"HD 33142 c","HD 33142",1,3,"Radial Velocity",2016,810.20000000000,13.90000000,282.86728223,353.91,5025.40,4.170000,1.520000,76.8980559,-13.9863374
"HD 332231 b","HD 332231",1,1,"Transit",2020,18.71202400000,9.07303305,74.10000000,798.30,6128.00,1.266000,1.164200,306.7411340,33.7443882
"HD 33283 b","HD 33283",2,1,"Radial Velocity",2006,18.19910000000,12.50000000,104.56607000,1034.40,5935.00,1.970000,1.380000,77.0044889,-26.7976689
"HD 33844 b","HD 33844",1,2,"Radial Velocity",2015,551.40002000000,13.40000000,638.83830000,430.22,4861.00,5.390000,1.840000,78.1505649,-14.9509775
"HD 35759 b","HD 35759",1,1,"Radial Velocity",2016,82.46700000000,13.00000000,1195.04080000,621.56,6060.00,1.759974,1.150000,82.8886636,64.3183753
"HD 35843 b","HD 35843",1,2,"Radial Velocity",2025,9.89910000000,2.29000000,5.84000000,872.30,5666.00,0.897000,0.940000,81.3488924,-44.4312849
"HD 360 b","HD 360",1,1,"Radial Velocity",2021,273.10000000000,14.00000000,238.37130525,765.69,4770.00,10.860000,1.690000,2.0729030,-8.8242618
"HD 37124 b","HD 37124",1,3,"Radial Velocity",2002,154.37800000000,14.00000000,214.53525000,366.48,5698.64,0.949168,0.850000,84.2599947,20.7289784
"HD 37124 d","HD 37124",1,3,"Radial Velocity",2005,1862.00000000000,14.00000000,221.20968000,159.79,5698.64,0.949168,0.850000,84.2599947,20.7289784
"HD 37605 b","HD 37605",1,2,"Radial Velocity",2004,55.01292000000,13.20000000,854.96270000,465.76,5329.00,0.910000,0.940000,85.0074276,6.0595116
"HD 37605 c","HD 37605",1,2,"Radial Velocity",2012,2720.00000000000,13.10000000,1013.87770000,126.75,5329.00,0.910000,0.940000,85.0074276,6.0595116
"HD 38283 b","HD 38283",1,1,"Radial Velocity",2010,363.20001000000,14.00000000,127.13200000,348.58,5981.00,1.490000,1.370000,84.2605324,-73.6998131
"HD 39091 b","HD 39091",1,3,"Radial Velocity",2001,2088.80000000000,12.30000000,4481.38053870,172.74,5998.00,1.170000,1.070000,84.2992798,-80.4646041
"HD 39194 b","HD 39194",1,3,"Radial Velocity",2021,5.63692000000,1.99000000,4.62000000,915.16,5205.00,0.783742,0.860000,86.1290710,-70.1382377
"HD 40307 b","HD 40307",1,5,"Radial Velocity",2009,4.31230000000,,1188.99607059,910.00,4956.00,0.716684,0.770000,88.5172191,-60.0237289
"HD 40307 c","HD 40307",1,5,"Radial Velocity",2009,9.61840000000,,1868.51320475,696.00,4956.00,0.716684,0.770000,88.5172191,-60.0237289
"HD 40307 d","HD 40307",1,5,"Radial Velocity",2009,20.43200000000,,1775.38948150,541.00,4956.00,0.716684,0.770000,88.5172191,-60.0237289
"HD 40307 f","HD 40307",1,5,"Radial Velocity",2013,51.76000000000,2.13000000,5.20000000,398.00,4956.00,0.716684,0.770000,88.5172191,-60.0237289
"HD 40307 g","HD 40307",1,5,"Radial Velocity",2013,197.80000000000,2.56000000,7.10000000,255.00,4956.00,0.716684,0.770000,88.5172191,-60.0237289
"HD 41004 A b","HD 41004 A",2,2,"Radial Velocity",2004,963.00000000000,13.20000000,807.25000000,,5310.00,0.850000,0.950000,89.9566041,-48.2394189
"HD 4203 c","HD 4203",1,2,"Radial Velocity",2014,6700.00000000000,13.30000000,689.66000000,124.96,5582.00,1.497950,0.990000,11.1722288,20.4483925
"HD 42618 b","HD 42618",1,1,"Radial Velocity",2016,149.61000000000,3.89000000,14.40000000,337.00,5727.00,0.999000,1.015000,93.0032173,6.7819742
"HD 43691 b","HD 43691",3,1,"Radial Velocity",2007,36.99870000000,13.20000000,810.46650000,761.79,6093.00,1.600000,1.320000,94.8946124,41.0920773
"HD 44219 b","HD 44219",1,1,"Radial Velocity",2010,472.00000000000,14.10000000,184.34047606,283.89,5752.00,1.320000,1.200000,95.0599971,-10.7250799
"HD 45350 b","HD 45350",1,1,"Radial Velocity",2004,963.60000000000,13.50000000,568.89000000,217.81,5566.00,1.264420,0.980000,97.1902262,38.9627315
"HD 457 b","HD 457",1,1,"Radial Velocity",2022,20324.58153000000,11.90000000,8445.33643080,85.15,6114.04,1.281940,1.150000,2.2492922,-39.7372401
"HD 46375 b","HD 46375",2,1,"Radial Velocity",2000,3.02357300000,10.00000000,71.80000000,1221.40,5285.00,0.914196,0.920000,98.3030763,5.4625071
"HD 47186 c","HD 47186",1,2,"Radial Velocity",2008,1353.60000000000,13.00000000,111.42000000,183.18,5657.00,1.080000,0.960000,99.0367212,-27.6234285
"HD 47536 b","HD 47536",1,1,"Radial Velocity",2002,712.13000000000,12.60000000,2330.00000000,736.52,4380.00,23.470000,2.100000,99.4489580,-32.3394531
"HD 4917 b","HD 4917",1,1,"Radial Velocity",2018,400.50000000000,13.50000000,513.29545000,479.78,4802.00,5.010000,1.320000,12.7762624,-12.9276648
"HD 50499 b","HD 50499",1,2,"Radial Velocity",2005,2447.10000000000,13.50000000,519.96988000,174.69,6102.00,1.351000,1.253000,103.0080750,-33.9152670
"HD 50499 c","HD 50499",1,2,"Radial Velocity",2019,8619.90000000000,13.20000000,931.24190000,116.69,6099.00,1.420000,1.310000,103.0080750,-33.9152670
"HD 50554 b","HD 50554",1,3,"Radial Velocity",2002,1240.00000000000,12.80000000,1859.29618095,192.65,6050.00,1.020000,1.100000,103.6782730,24.2451409
"HD 51608 b","HD 51608",1,2,"Radial Velocity",2019,14.07260000000,3.62000000,12.77000000,759.92,5358.00,0.916136,0.800000,103.7137102,-55.2600189
"HD 51608 c","HD 51608",1,2,"Radial Velocity",2019,95.94460000000,3.87000000,14.31000000,400.69,5358.00,0.916136,0.800000,103.7137102,-55.2600189
"HD 5278 b","HD 5278",1,2,"Transit",2021,14.33915600000,2.45000000,7.80000000,943.00,6203.00,1.194000,1.126000,12.5467785,-83.7437671
"HD 5278 c","HD 5278",1,2,"Radial Velocity",2021,40.87000000000,4.49000000,18.40000000,664.95,6203.00,1.194000,1.126000,12.5467785,-83.7437671
"HD 55696 b","HD 55696",1,1,"Radial Velocity",2018,1827.00000000000,12.90000000,1357.12729789,200.43,6012.00,1.520000,1.290000,108.0622029,-38.1746390
"HD 5583 b","HD 5583",1,1,"Radial Velocity",2016,139.35000000000,12.80000000,1837.05740000,964.55,4830.00,9.090000,1.010000,14.4869460,34.9853306
"HD 60532 b","HD 60532",1,2,"Radial Velocity",2008,201.90000000000,13.80000000,336.89980000,550.16,6245.00,2.570000,1.500000,113.5130656,-22.2958661
"HD 60532 c","HD 60532",1,2,"Radial Velocity",2008,600.10000000000,13.30000000,797.75330000,381.66,6245.00,2.570000,1.500000,113.5130656,-22.2958661
"HD 60779 b","HD 60779",1,2,"Transit",2026,29.98617500000,3.24600000,14.19000000,650.00,6081.00,1.129000,1.050000,114.0047579,-3.1512910
"HD 60779 c","HD 60779",1,2,"Radial Velocity",2026,104.79000000000,5.79000000,28.30000000,,6081.00,1.129000,1.050000,114.0047579,-3.1512910
"HD 62509 b","HD 62509",1,1,"Radial Velocity",2006,589.64000000000,13.30000000,731.00000000,549.60,4892.63,8.900000,2.000000,116.3288240,28.0261270
"HD 63433 b","HD 63433",1,3,"Transit",2020,7.10794750000,2.14000000,21.75500000,967.11,5553.00,0.934000,0.956000,117.4793699,27.3631342
"HD 63765 b","HD 63765",1,1,"Radial Velocity",2011,358.00000000000,14.20000000,168.44990000,246.90,5449.00,0.830000,0.650000,116.9582617,-54.2653450
"HD 63935 b","HD 63935",1,2,"Transit",2021,9.05880700000,2.91575244,10.50000000,825.22,5513.00,0.959800,0.940600,117.9246417,9.3852412
"HD 63935 c","HD 63935",1,2,"Radial Velocity",2021,21.40270000000,3.06451296,11.10000000,619.59,5513.00,0.959800,0.940600,117.9246417,9.3852412
"HD 64121 b","HD 64121",1,1,"Radial Velocity",2022,623.00000000000,13.20000000,813.64072192,464.77,5078.00,5.440000,1.640000,117.3651424,-54.8126136
"HD 65216 b","HD 65216",3,2,"Radial Velocity",2003,577.60000000000,13.60000000,411.58985000,222.56,5612.00,0.880000,0.874000,118.4209646,-63.6466892
"HD 67087 b","HD 67087",1,2,"Radial Velocity",2015,352.20000000000,13.10000000,973.00000000,365.67,6330.00,1.550000,1.360000,121.9155672,31.5511553
"HD 67087 c","HD 67087",1,2,"Radial Velocity",2015,2374.00000000000,12.90000000,1540.00000000,193.42,6330.00,1.550000,1.360000,121.9155672,31.5511553
"HD 69830 c","HD 69830",1,3,"Radial Velocity",2006,31.56000000000,3.46000000,11.80000000,567.04,5385.00,0.886947,0.860000,124.6010091,-12.6364246
"HD 715 b","HD 715",2,1,"Transit",2026,56.40000000000,11.99360935,201.82103844,798.00,6070.00,2.500000,1.600000,2.8927229,4.7672123
"HD 72490 b","HD 72490",1,1,"Radial Velocity",2018,858.00000000000,13.50000000,561.92344000,386.45,4934.00,4.960000,1.210000,128.4028287,13.5507189
"HD 72659 b","HD 72659",1,2,"Radial Velocity",2002,3549.00000000000,13.20000000,949.67128012,155.34,5929.00,1.360000,1.033000,128.5128072,-1.5686323
"HD 73256 c","HD 73256",1,1,"Radial Velocity",2023,2690.00000000000,12.20000000,5085.25451200,133.92,5570.00,0.944723,1.000000,129.0949961,-30.0373339
"HD 73267 c","HD 73267",1,2,"Radial Velocity",2022,17071.78045000000,12.80000000,1630.77755632,69.53,5387.00,0.909000,0.930000,129.0735123,-34.4594469
"HD 73526 b","HD 73526",1,2,"Radial Velocity",2002,188.30000000000,13.10000000,978.91640000,414.37,5601.00,1.530000,1.140000,129.3183310,-41.3184231
"HD 73526 c","HD 73526",1,2,"Radial Velocity",2005,379.10000000000,13.30000000,715.09000000,329.17,5601.00,1.530000,1.014000,129.3183310,-41.3184231
"HD 73534 b","HD 73534",1,1,"Radial Velocity",2008,1750.00000000000,13.70000000,353.42696000,220.25,4917.00,2.580000,1.160000,129.8153421,12.9599703
"HD 74156 c","HD 74156",1,2,"Radial Velocity",2003,2448.48726000000,12.50000000,2753.98314665,187.52,6068.00,1.510576,1.100000,130.6047813,4.5772338
"HD 75784 b","HD 75784",1,2,"Radial Velocity",2014,341.20000000000,13.80000000,317.83000000,425.98,4867.00,3.400000,1.260000,133.0992289,13.2330548
"HD 75898 c","HD 75898",1,2,"Radial Velocity",2024,6717.00000000000,12.60000000,2698.36317543,135.20,6122.00,1.550000,1.295000,133.4611999,33.0566885
"HD 7924 d","HD 7924",1,3,"Radial Velocity",2015,24.45100000000,,1568.16536014,499.00,5075.00,0.782100,0.832000,20.4956562,76.7101475
"HD 80606 b","HD 80606",2,1,"Radial Velocity",2001,111.43676500000,11.56766808,1323.46926959,405.00,5565.00,1.050000,1.050000,140.6569501,50.6037764
"HD 80653 b","HD 80653",1,2,"Transit",2020,0.71957926000,1.62100000,5.61000000,2438.00,5959.00,1.199000,1.150000,140.3390845,14.3678691
"HD 82943 b","HD 82943",1,2,"Radial Velocity",2003,441.47000000000,13.50000000,534.25000000,286.13,5935.00,1.182600,1.080000,143.7114034,-12.1302976
"HD 82943 c","HD 82943",1,2,"Radial Velocity",2003,220.07800000000,13.40000000,622.60300000,360.95,5935.00,1.182600,1.080000,143.7114034,-12.1302976
"HD 8326 b","HD 8326",1,1,"Radial Velocity",2019,158.99100000000,9.58000000,66.60000000,287.23,4914.00,0.783181,0.800000,20.5314418,-26.8940678
"HD 83443 b","HD 83443",1,2,"Radial Velocity",2002,2.98562800000,14.10000000,127.76701961,1262.68,5442.00,0.940000,1.000000,144.2994103,-43.2727210
"HD 8535 b","HD 8535",2,1,"Radial Velocity",2010,1313.00000000000,14.00000000,216.12440000,206.21,6136.00,1.190000,1.130000,20.9054804,-41.2701007
"HD 8574 b","HD 8574",1,1,"Radial Velocity",2002,227.00000000000,13.40000000,645.19490000,394.03,6064.00,1.380000,1.340000,21.3033807,28.5660169
"HD 86226 b","HD 86226",1,2,"Radial Velocity",2009,1628.00000000000,14.30000000,143.02350000,176.00,5863.00,1.053000,1.019000,149.1235154,-24.0991859
"HD 86226 c","HD 86226",1,2,"Transit",2020,3.98442000000,2.16000000,7.25000000,1311.00,5863.00,1.053000,1.019000,149.1235154,-24.0991859
"HD 86950 b","HD 86950",1,1,"Radial Velocity",2016,1270.00000000000,13.00000000,1144.18800000,416.76,4805.00,8.800000,1.660000,150.4066612,-17.3330699
"HD 87816 c","HD 87816",1,2,"Radial Velocity",2025,7596.00000000000,12.40000000,3877.50656540,226.65,4989.00,9.000000,2.410000,151.5296524,-52.1878679
"HD 88133 b","HD 88133",1,1,"Radial Velocity",2004,3.41488400000,13.80000000,324.18660000,1762.08,5392.00,2.200000,1.260000,152.5319349,18.1857284
"HD 88986 b","HD 88986",1,1,"Radial Velocity",2023,146.05000000000,2.49000000,17.20000000,460.00,5861.00,1.543000,1.250000,154.1166869,28.6820708
"HD 89839 b","HD 89839",1,1,"Radial Velocity",2023,3391.20000000000,12.80000000,1748.05623850,159.03,6314.00,1.285880,1.210000,155.1688790,-53.6640291
"HD 90156 b","HD 90156",1,1,"Radial Velocity",2011,49.77000000000,4.43000000,17.98000000,518.01,5599.00,0.920286,0.840000,155.9801144,-29.6451030
"HD 93385 c","HD 93385",1,3,"Radial Velocity",2021,13.18000000000,2.56000000,7.10000000,937.43,5977.00,1.184840,1.040000,161.5627065,-41.4646040
"HD 9446 b","HD 9446",1,2,"Radial Velocity",2009,30.05200000000,14.00000000,222.47200000,642.55,5793.00,1.000000,1.000000,23.3350424,29.2649187
"HD 9446 c","HD 9446",1,2,"Radial Velocity",2009,192.90000000000,13.40000000,578.42600000,345.42,5793.00,1.000000,1.000000,23.3350424,29.2649187
"HD 95086 b","HD 95086",1,1,"Imaging",2013,,12.90000000,1589.00000000,1000.00,7595.00,1.486670,1.600000,164.2621032,-68.6672917
"HD 95089 b","HD 95089",1,2,"Radial Velocity",2009,464.40000000000,13.70000000,400.46580000,458.34,4918.00,5.080000,1.540000,164.6987480,1.7290087
"HD 95872 b","HD 95872",1,1,"Radial Velocity",2015,4375.00000000000,13.00000000,1188.68420000,103.45,5312.00,0.840000,0.700000,165.8658796,-22.0943303
"HD 96167 b","HD 96167",2,1,"Radial Velocity",2009,498.04000000000,14.00000000,227.88411000,333.63,5733.00,1.940000,1.270000,166.3125657,-10.2913450
"HD 96700 b","HD 96700",1,3,"Radial Velocity",2021,8.12450000000,2.93000000,8.90000000,1089.02,5845.00,1.160000,0.890000,166.9742616,-30.1751383
"HD 97037 b","HD 97037",1,1,"Radial Velocity",2022,6449.08337000000,12.10000000,6707.76852973,120.99,5874.10,1.263560,1.060000,167.5545621,-7.3901483
"HD 98219 b","HD 98219",1,1,"Radial Velocity",2011,433.80000000000,13.40000000,624.21812000,453.77,4925.00,4.600000,1.410000,169.4475218,-23.9754880
"HD 98736 b","HD 98736",2,1,"Radial Velocity",2018,968.80000000000,13.30000000,740.54390000,179.53,5271.00,0.930000,0.920000,170.4549045,18.1896082
"HD 99109 b","HD 99109",1,1,"Radial Velocity",2005,439.29999000000,14.30000000,139.84520000,239.32,5282.00,0.980000,0.760000,171.0715576,-1.5297610
"HD 99492 c","HD 99492",2,2,"Radial Velocity",2023,95.23300000000,4.42000000,17.90000000,,4929.00,0.822539,0.850000,171.6896870,3.0071331
"HD 99706 c","HD 99706",1,2,"Radial Velocity",2016,1278.00000000000,12.80000000,1808.45270000,,4891.00,5.400000,1.720000,172.1261621,43.9662025
"HIP 10090 c","HIP 10090",1,2,"Radial Velocity",2026,321.82000000000,13.90000000,270.15414595,338.35,5661.00,1.382680,0.940000,32.4351198,-30.7470844
"HIP 105854 b","HIP 105854",1,1,"Radial Velocity",2014,184.20000000000,12.60000000,2606.10000000,822.14,4780.00,10.305119,2.100000,321.5962275,-37.8294782
"HIP 107772 b","HIP 107772",1,1,"Radial Velocity",2020,55.19900000000,3.64000000,12.90000000,280.92,4006.00,0.513922,0.630000,327.4977057,-41.2440371
"HIP 107773 b","HIP 107773",1,1,"Radial Velocity",2015,144.30000000000,13.40000000,629.30340000,957.11,4945.00,11.600000,2.420000,327.5005089,-64.7126993
"HIP 109600 b","HIP 109600",2,1,"Radial Velocity",2016,232.08000000000,13.20000000,851.78440000,312.88,5530.00,0.971958,0.870000,333.0270790,29.0662082
"HIP 111909 b","HIP 111909",1,2,"Radial Velocity",2025,487.08000000000,13.70000000,384.57237247,436.91,4891.00,4.530000,1.280000,340.0304354,-49.5985391
"HIP 114933 b","HIP 114933",1,1,"Radial Velocity",2021,1481.60000000000,13.40000000,616.58710958,316.81,4823.00,5.270000,1.390000,349.2071949,-21.2033101
"HIP 14810 b","HIP 14810",1,3,"Radial Velocity",2005,6.67389200000,13.00000000,1239.53700000,1048.20,5544.00,1.070000,1.010000,47.8092750,21.0971302
"HIP 14810 c","HIP 14810",1,3,"Radial Velocity",2006,147.74700000000,13.60000000,416.35730000,373.22,5544.00,1.070000,1.010000,47.8092750,21.0971302
"HIP 14810 d","HIP 14810",1,3,"Radial Velocity",2009,981.80000000000,14.10000000,187.51970000,198.54,5544.00,1.070000,1.010000,47.8092750,21.0971302
"HIP 29442 d","TOI-469",1,3,"Radial Velocity",2023,6.42957500000,1.53800000,5.14000000,920.00,5289.00,0.980000,0.901000,93.0578446,-14.6493167
"HIP 38594 c","HIP 38594",2,2,"Radial Velocity",2020,3477.76800000000,7.94000000,48.40000000,79.96,4086.30,0.626646,0.610000,118.5439118,-25.3023073
"HIP 39330 b","HIP 39330",1,1,"Radial Velocity",2026,4650.00000000000,13.50000000,530.77343969,125.05,5748.00,1.027860,0.960000,120.6116831,-46.3353155
"HIP 41378 b","HIP 41378",1,6,"Transit",2016,15.57209000000,2.64000000,6.90000000,959.00,6290.00,1.300000,1.220000,126.6158279,10.0803708
"HIP 41378 c","HIP 41378",1,6,"Transit",2016,31.70591000000,2.74000000,5.97000000,757.00,6290.00,1.300000,1.220000,126.6158279,10.0803708
"HIP 41378 d","HIP 41378",1,6,"Transit",2016,278.36180000000,3.65000000,6.53000000,367.00,6290.00,1.300000,1.220000,126.6158279,10.0803708
"HIP 41378 e","HIP 41378",1,6,"Transit",2016,393.00000000000,5.19000000,7.62000000,335.00,6290.00,1.300000,1.220000,126.6158279,10.0803708
"HIP 41378 f","HIP 41378",1,6,"Transit",2016,542.07970000000,9.47000000,25.00000000,294.00,6290.00,1.300000,1.220000,126.6158279,10.0803708
"HIP 41378 g","HIP 41378",1,6,"Radial Velocity",2025,63.19000000000,2.50000000,6.81000000,605.00,6290.00,1.300000,1.220000,126.6158279,10.0803708
"HIP 5158 b","HIP 5158",1,2,"Radial Velocity",2009,345.72000000000,13.60000000,451.00000000,219.65,4962.00,0.750000,0.780000,16.5094891,-22.4536134
"HIP 5158 c","HIP 5158",1,2,"Radial Velocity",2011,9017.76000000000,12.20000000,4780.16320000,72.63,4813.00,0.754089,0.780000,16.5094891,-22.4536134
"HIP 54373 c","HIP 54373",1,2,"Radial Velocity",2019,15.14400000000,3.57000000,12.44000000,463.20,4021.00,0.564998,0.570000,166.8643532,-19.2916857
"HIP 57274 b","HIP 57274",1,3,"Radial Velocity",2011,8.13520000000,,3359.44626199,725.95,4510.00,0.780000,0.290000,176.1705487,30.9576484
"HIP 57274 d","HIP 57274",1,3,"Radial Velocity",2011,431.70000000000,14.20000000,167.40000000,183.59,4640.00,0.680000,0.730000,176.1705487,30.9576484
"HIP 63242 b","HIP 63242",1,1,"Radial Velocity",2013,124.60000000000,12.50000000,2917.56000000,993.26,4830.00,10.275655,1.540000,194.3824825,-65.6463263
"HIP 65407 c","HIP 65407",1,2,"Radial Velocity",2016,67.30000000000,13.90000000,249.17872000,457.04,5460.00,0.952252,0.930000,201.0876630,48.8847322
"HIP 65891 b","HIP 65891",1,1,"Radial Velocity",2015,1089.60000000000,12.70000000,1938.75328270,429.05,5000.00,8.930000,2.500000,202.6050857,-58.6643937
"HIP 67522 b","HIP 67522",1,2,"Transit",2020,6.95947310000,9.98720180,71.40000000,1175.00,5675.00,1.380000,1.220000,207.5260010,-40.8358961
"HIP 67522 c","HIP 67522",1,2,"Transit",2024,14.33489200000,7.93595834,48.30000000,917.00,5675.00,1.380000,1.220000,207.5260010,-40.8358961
"HIP 71135 b","HIP 71135",1,1,"Radial Velocity",2019,87.19000000000,4.55000000,18.80000000,285.11,4146.00,0.681296,0.660000,218.2158073,-52.6464757
"HIP 74890 b","HIP 74890",1,1,"Radial Velocity",2016,822.30000000000,13.30000000,762.79200000,387.66,4850.00,5.770000,1.740000,229.5714974,-41.4210961
"HIP 75092 b","HIP 75092",1,1,"Radial Velocity",2021,926.40000000000,13.50000000,568.91284853,353.19,4891.00,4.530000,1.280000,230.1724206,-25.9910525
"HIP 78530 b","HIP 78530",1,1,"Imaging",2010,,12.00000000,7300.00000000,2700.00,10500.00,2.108760,2.500000,240.4810052,-21.9804920
"HIP 79431 b","HIP 79431",1,1,"Radial Velocity",2009,111.70000000000,13.40000000,667.41500000,177.42,3191.00,0.478625,0.490000,243.1742467,-18.8764247
"HIP 81991 b","HIP 81991",2,1,"Radial Velocity",2026,5860.00000000000,12.50000000,3019.36986650,163.28,5100.00,2.821110,1.090000,251.2490143,6.0870480
"HIP 9618 b","HIP 9618",1,2,"Transit",2023,20.77285800000,3.82838127,8.30000000,640.88,5649.00,0.959300,0.942000,30.9050061,21.2813274
"HIP 9618 c","HIP 9618",1,2,"Transit",2023,52.56363000000,3.42855926,7.00000000,470.31,5649.00,0.959300,0.942000,30.9050061,21.2813274
"HIP 98599 b","HIP 98599",1,1,"Radial Velocity",2026,2656.00000000000,12.70000000,2177.12458795,171.08,5978.00,1.394840,1.190000,300.4090608,-22.1110649
"HN Peg b","HN Peg",1,1,"Imaging",2006,,11.77680000,6991.57000000,10.77,6186.00,1.006954,1.080000,326.1315705,14.7714524
"HR 2562 b","HR 2562",1,1,"Imaging",2016,,12.44199000,6992.22495400,1255.00,6597.00,1.334000,1.300000,102.5042716,-60.2486775
"HR 858 b","HR 858",2,3,"Transit",2019,3.58528700000,2.00400000,3.55000000,1552.00,6354.00,1.258000,1.204000,42.9849779,-30.8140609
"HR 858 d","HR 858",2,3,"Transit",2019,11.23051100000,2.00100000,7.10000000,1061.00,6354.00,1.258000,1.204000,42.9849779,-30.8140609
"HR 8799 b","HR 8799",1,4,"Imaging",2008,170000.00000000000,13.00000000,2000.00000000,1200.00,7204.58,1.493380,1.500000,346.8701486,21.1340376
"HR 8799 c","HR 8799",1,4,"Imaging",2008,69000.00000000000,13.00000000,3000.00000000,1200.00,7204.58,1.493380,1.500000,346.8701486,21.1340376
"HR 8799 d","HR 8799",1,4,"Imaging",2008,37000.00000000000,13.00000000,3000.00000000,1300.00,7204.58,1.493380,1.500000,346.8701486,21.1340376
"HU Aqr AB b","HU Aqr",2,2,"Eclipse Timing Variations",2011,2390.00000000000,12.80000000,1875.19700000,,5952.00,,0.880000,316.9921976,-5.2948694
"HU Aqr AB c","HU Aqr",2,2,"Eclipse Timing Variations",2011,4368.00000000000,12.90000000,1430.23500000,,5952.00,,0.880000,316.9921976,-5.2948694
"IRAS 04125+2902 b","IRAS 04125+2902",2,1,"Transit",2024,8.83497800000,10.73820351,80.80000000,854.00,4080.00,1.450000,0.700000,63.9283394,29.1665420
"K2-107 b","K2-107",1,1,"Transit",2017,3.31395900000,15.98000000,266.97720000,1649.00,6061.00,1.810000,1.300000,284.9853550,-22.2934206
"K2-11 b","K2-11",1,1,"Transit",2015,39.93767000000,7.55000000,44.40000000,734.00,5433.00,5.150000,1.350000,169.0418328,1.9866832
"K2-123 b","K2-123",1,1,"Transit",2017,30.95152400000,2.76000000,8.05000000,338.00,4035.00,0.590000,0.620000,134.4441404,21.4532748
"K2-126 b","K2-126",1,1,"Transit",2017,7.38565500000,1.97000000,4.54000000,601.00,4339.00,0.650000,0.690000,203.5467021,-13.5769705
"K2-127 b","K2-127",1,1,"Transit",2017,3.58816300000,8.37000000,52.90000000,809.00,4575.00,0.660000,0.720000,207.0782895,-11.5889878
"K2-13 b","K2-13",1,1,"Transit",2015,39.91488000000,1.89000000,4.23000000,511.00,5698.00,0.780000,0.800000,170.1554763,2.5027534
"K2-131 b","K2-131",1,1,"Transit",2017,0.36930380000,1.69000000,7.90000000,2223.00,5120.00,0.759500,0.803000,182.7514040,-9.7652392
"K2-136 b","K2-136",2,3,"Transit",2017,7.97525000000,1.01400000,4.30000000,610.00,4500.00,0.677000,0.742000,67.4128615,22.8825674
"K2-136 c","K2-136",2,3,"Transit",2017,17.30723000000,3.00000000,18.10000000,470.00,4500.00,0.677000,0.742000,67.4128615,22.8825674
"K2-136 d","K2-136",2,3,"Transit",2017,25.57500000000,1.56500000,3.00000000,420.00,4500.00,0.677000,0.742000,67.4128615,22.8825674
"K2-138 g","K2-138",1,6,"Transit",2021,41.96797000000,3.01300000,4.32000000,445.00,5356.30,0.863000,0.935000,348.9490311,-10.8497391
"K2-139 b","K2-139",1,1,"Transit",2017,28.38061900000,9.11000000,123.00021000,524.00,5370.00,0.880000,0.960000,289.0667070,-17.9107147
"K2-14 b","K2-14",1,1,"Transit",2015,8.36802000000,4.81000000,20.70000000,488.00,3789.00,0.450000,0.470000,178.0568745,2.5941222
"K2-140 b","K2-140",1,1,"Transit",2017,6.56918800000,13.56286665,295.58041851,962.00,5585.00,1.060000,0.960000,188.1373172,-9.6076115
"K2-141 b","K2-141",1,2,"Transit",2018,0.28032440000,1.51000000,4.97000000,2103.00,4570.00,0.681000,0.708000,350.9170464,-1.1891827
"K2-141 c","K2-141",1,2,"Transit",2018,7.74850000000,7.00000000,8.00000000,695.00,4570.00,0.681000,0.708000,350.9170464,-1.1891827
"K2-147 b","K2-147",1,1,"Transit",2018,0.96193900000,1.47286006,2.77000000,1077.00,3690.00,0.578000,0.563000,293.8330329,-28.4984750
"K2-148 c","K2-148",2,3,"Transit",2018,6.92260000000,1.73000000,3.64000000,630.02,4079.00,0.632000,0.650000,14.5176494,-0.1932580
"K2-15 b","K2-15",1,1,"Transit",2015,11.81040000000,2.48000000,6.71000000,676.00,5131.00,0.680000,0.720000,178.1105741,4.2546649
"K2-150 b","K2-150",1,1,"Transit",2018,10.59357000000,2.00000000,4.66000000,413.19,3499.00,0.436000,0.457000,18.3443908,8.9874328
"K2-154 b","K2-154",1,2,"Transit",2018,3.67626000000,1.99000000,4.62000000,715.00,4097.00,0.630000,0.650000,189.0015173,-2.6696217
"K2-158 c","K2-158",1,2,"Transit",2018,5.90279000000,1.28000000,2.18000000,948.00,5503.00,0.950000,0.920000,179.9397081,-5.7216879
"K2-17 b","K2-17",1,1,"Transit",2015,17.96753000000,2.23000000,5.60000000,487.00,4320.00,0.660000,0.710000,178.3296746,6.4123178
"K2-170 c","K2-170",1,2,"Transit",2018,12.40004700000,1.80176470,3.90000000,,5748.00,0.981614,0.963657,335.4506923,-14.5933554
"K2-174 b","K2-174",1,1,"Transit",2018,19.56230700000,2.60000000,7.27000000,455.00,4455.00,0.676000,0.700000,60.7929729,16.3471660
"K2-18 b","K2-18",1,2,"Transit",2015,32.93962300000,2.37000000,8.92000000,284.00,3457.00,0.411000,0.359000,172.5601410,7.5878315
"K2-18 c","K2-18",1,2,"Radial Velocity",2017,8.96200000000,2.65000000,7.51000000,363.00,3457.00,0.411000,0.359000,172.5601410,7.5878315
"K2-183 c","K2-183",1,3,"Transit",2018,10.78799200000,2.30000000,5.90000000,787.00,5482.00,0.870000,0.942219,125.0071770,14.0194586
"K2-183 d","K2-183",1,3,"Transit",2018,22.62034400000,2.30000000,5.90000000,615.00,5482.00,0.870000,0.942219,125.0071770,14.0194586
"K2-187 d","K2-187",1,4,"Transit",2018,7.14958400000,2.40000000,6.35000000,865.00,5438.00,0.830000,0.966999,132.5235618,23.1924709
"K2-19 c","K2-19",1,3,"Transit",2015,11.90600000000,4.10000000,11.00000000,679.00,5322.00,0.820000,0.880000,174.9602543,0.6035960
"K2-190 c","K2-190",1,2,"Transit",2018,21.57402300000,1.09308317,1.34000000,,5631.00,0.912206,0.904597,205.3630485,-13.1608686
"K2-194 b","K2-194",1,1,"Transit",2018,39.72138600000,3.64229858,12.90000000,,5979.00,1.281115,1.110086,204.6089755,-8.9271609
"K2-195 b","K2-195",1,2,"Transit",2018,15.85297500000,3.13000000,9.96000000,720.00,5713.00,0.990000,0.940000,199.8315191,-8.5095364
"K2-196 b","K2-196",1,1,"Transit",2018,48.32422200000,3.59970536,12.60000000,,6045.00,1.538801,1.162095,200.4562487,-8.4717104
"K2-198 c","K2-198",1,3,"Transit",2019,3.35960550000,1.42300000,2.61000000,1229.90,5212.90,0.757000,0.799000,198.8436817,-6.4649888
"K2-198 d","K2-198",1,3,"Transit",2019,7.45001770000,2.43800000,6.52000000,943.20,5212.90,0.757000,0.799000,198.8436817,-6.4649888
"K2-199 c","K2-199",1,2,"Transit",2018,7.37448970000,2.85000000,12.40000000,694.00,4491.00,0.682000,0.711000,208.9014508,-6.1360833
"K2-212 b","K2-212",1,1,"Transit",2018,9.79564700000,2.65000000,7.51000000,542.00,4349.00,0.678000,0.622000,18.4241015,3.0970732
"K2-219 c","K2-219",1,3,"Transit",2018,6.66767000000,1.43839723,2.66000000,,5753.00,1.189232,1.021545,12.8452963,8.8675474
"K2-22 b","K2-22",2,1,"Transit",2015,0.38107300000,2.30000000,444.96200000,2100.00,3879.00,0.580000,0.595292,169.4827046,2.6190363
"K2-223 b","K2-223",1,2,"Transit",2018,0.50560800000,0.79000000,2.80000000,2480.00,5858.00,1.050000,1.070000,185.3061830,-10.2820915
"K2-223 c","K2-223",1,2,"Transit",2018,4.56395000000,1.41000000,4.20000000,1191.00,5858.00,1.050000,1.070000,185.3061830,-10.2820915
"K2-224 b","K2-224",1,2,"Transit",2018,4.47904000000,1.56000000,3.05000000,1002.00,5620.00,0.840000,0.910000,189.7041426,-10.0605942
"K2-229 c","K2-229",1,2,"Transit",2018,8.32727000000,2.03000000,7.00000000,750.00,5315.00,0.790000,0.870000,186.8729195,-6.7218474
"K2-232 b","K2-232",1,2,"Transit",2018,11.16843770000,11.62371299,135.71272979,1001.00,6100.00,1.210000,1.121000,73.7667927,18.6543230
"K2-232 c","K2-232",1,2,"Radial Velocity",2026,1950.00000000000,12.80000000,1687.66884117,181.73,6100.00,1.210000,1.121000,73.7667927,18.6543230
"K2-24 b","K2-24",1,2,"Transit",2016,20.88959610000,5.63800000,20.60000000,732.00,5726.00,1.185000,1.091000,242.5734559,-24.9906029
"K2-24 c","K2-24",1,2,"Transit",2016,42.34732000000,7.93000000,16.40000000,591.00,5726.00,1.185000,1.091000,242.5734559,-24.9906029
"K2-240 c","K2-240",1,2,"Transit",2018,20.52300000000,1.80000000,3.89000000,389.00,3810.00,0.540000,0.580000,227.8493710,-17.8754464
"K2-242 b","K2-242",1,1,"Transit",2018,6.51389000000,2.54000000,6.99000000,416.00,3459.00,0.370000,0.380000,179.8358421,-6.5178542
"K2-247 c","K2-247",1,2,"Transit",2018,6.49424000000,2.19000000,5.43000000,688.00,4667.00,0.690000,0.740000,188.8935189,-10.0692793
"K2-249 b","K2-249",1,1,"Transit",2018,12.40900000000,2.79000000,8.20000000,1061.00,6504.00,1.570000,1.320000,183.3667344,-8.9952309
"K2-250 b","K2-250",1,1,"Transit",2018,4.01392000000,2.71257333,7.81000000,1003.00,5003.00,0.797000,0.809000,185.0315429,-8.9757427
"K2-253 b","K2-253",1,1,"Transit",2018,4.00167000000,12.67000000,,1238.00,6027.00,1.100000,1.080000,186.0853062,-6.3789537
"K2-255 b","K2-255",1,1,"Transit",2018,1.96417000000,2.90000000,8.75000000,1034.00,4676.00,0.690000,0.710000,189.9128532,-3.3705631
"K2-257 b","K2-257",1,1,"Transit",2018,1.60588000000,0.83000000,0.49800000,789.00,3725.00,0.500000,0.520000,188.2782840,-1.9532879
"K2-259 b","K2-259",1,1,"Transit",2018,15.48043000000,2.32000000,5.99000000,795.00,6059.00,1.130000,1.140000,186.8026947,1.5668631
"K2-26 b","K2-26",1,1,"Transit",2016,14.56650000000,2.67000000,7.61000000,430.00,3785.00,0.520000,0.560000,94.2064312,24.5958335
"K2-264 c","K2-264",1,2,"Transit",2018,19.66030200000,2.66800000,7.60000000,331.00,3660.00,0.473000,0.496000,131.3583524,19.6984010
"K2-268 b","K2-268",1,5,"Transit",2018,2.15167600000,1.50000000,2.86000000,1136.00,5106.00,0.780000,0.840000,133.7094899,11.8482712
"K2-268 e","K2-268",1,5,"Transit",2021,6.13124300000,1.33000000,2.33000000,801.00,5106.00,0.780000,0.840000,133.7094899,11.8482712
"K2-269 b","K2-269",1,1,"Transit",2018,4.14496500000,1.57000000,3.09000000,1429.00,6209.00,1.450000,1.160000,130.1551381,13.0146799
"K2-270 b","K2-270",1,2,"Transit",2018,1.54306900000,1.38000000,2.48000000,1203.00,4877.00,0.770000,0.850000,131.2665588,13.5497322
"K2-271 b","K2-271",1,1,"Transit",2018,8.56242100000,7.28000000,41.80000000,893.00,5644.00,0.990000,0.830000,125.2239144,16.0907958
"K2-272 b","K2-272",1,1,"Transit",2018,14.45367560000,3.13000000,9.96000000,747.00,5397.00,0.830000,0.860000,132.6211743,17.5423852
"K2-274 b","K2-274",1,1,"Transit",2018,14.13303140000,2.08000000,4.98000000,655.00,5044.00,0.700000,0.790000,129.2823699,20.3992512
"K2-279 b","K2-279",1,1,"Transit",2018,7.12260500000,1.21000000,1.92000000,879.00,5558.00,0.860000,0.790000,204.7792935,-6.0417592
"K2-285 b","K2-285",1,4,"Transit",2018,3.47174500000,2.59000000,9.68000000,1088.90,4975.00,0.787000,0.830000,349.3843458,1.3001522
"K2-285 c","K2-285",1,4,"Transit",2018,7.13804800000,3.53000000,15.68000000,741.40,4975.00,0.787000,0.830000,349.3843458,1.3001522
"K2-287 b","K2-287",1,1,"Transit",2018,14.89329100000,9.49402300,100.11645000,804.00,5695.00,1.070000,1.056000,233.0743401,-22.3583447
"K2-289 b","K2-289",1,1,"Transit",2019,13.15696900000,9.10000000,61.00000000,753.00,5529.00,1.025000,0.953000,246.6429443,-15.7925384
"K2-29 b","K2-29",2,1,"Transit",2016,3.25883210000,13.33871000,232.01590000,1171.00,5358.00,0.860000,0.940000,62.6704220,24.4016558
"K2-290 b","K2-290",3,2,"Transit",2019,9.21165000000,3.06000000,10.90000000,1230.00,6302.00,1.511000,1.194000,234.8578846,-20.1988975
"K2-317 b","K2-317",1,1,"Transit",2020,6.22000000000,2.93000000,8.91000000,432.00,3387.00,0.379000,0.403000,228.6188638,-21.0227209
"K2-320 b","K2-320",1,1,"Transit",2020,1.99500000000,2.62000000,7.37000000,698.00,3157.00,0.300000,0.117000,163.2519122,5.3064776
"K2-322 b","K2-322",1,1,"Transit",2020,8.20500000000,1.92000000,4.35000000,635.00,4141.00,0.602000,0.630000,156.6226981,4.7640203
"K2-33 b","K2-33",1,1,"Transit",2016,5.42486500000,5.04000000,1175.97100000,850.00,3540.00,1.050000,0.560000,242.5613635,-19.3193831
"K2-332 b","K2-332",1,1,"Transit",2021,17.70632000000,2.20000000,5.48000000,266.00,3315.00,0.280000,0.270000,135.8832666,14.2504994
"K2-333 b","K2-333",1,1,"Transit",2021,14.75928700000,6.18000000,31.60000000,826.00,5880.00,1.220000,1.060000,136.7892752,15.2056765
"K2-335 b","K2-335",1,1,"Transit",2021,12.28321100000,2.21000000,5.52000000,949.00,6222.00,1.330000,1.230000,129.3896679,16.5220648
"K2-338 b","K2-338",1,1,"Transit",2021,3.85061400000,1.03000000,1.08000000,783.00,4558.00,0.630000,0.660000,124.3609294,17.0241557
"K2-34 b","K2-34",1,1,"Transit",2016,2.99563480000,13.75000000,539.67534000,1687.00,6168.00,1.420000,1.160000,127.5787231,22.2359194
"K2-341 b","K2-341",1,1,"Transit",2021,36.55255100000,3.21000000,10.40000000,598.00,5817.00,1.160000,0.980000,130.4971951,19.9166357
"K2-346 b","K2-346",1,1,"Transit",2021,26.20144600000,2.26000000,5.73000000,450.00,4801.00,0.700000,0.710000,125.9864854,22.6632260
"K2-347 b","K2-347",1,1,"Transit",2021,7.18725700000,2.41000000,6.39000000,640.00,4599.00,0.630000,0.660000,126.3726821,23.2974061
"K2-352 b","K2-352",1,3,"Transit",2021,3.66591200000,1.37000000,2.45000000,1160.00,5791.00,0.950000,0.980000,140.4451478,18.4696280
"K2-365 b","K2-365",1,1,"Transit",2022,23.44817200000,2.90600000,8.78000000,,5561.00,1.051000,0.823000,238.8197061,-21.0269691
"K2-37 c","K2-37",1,3,"Transit",2016,6.42966000000,2.41000000,6.39000000,839.00,5352.00,0.809000,0.840000,243.4509662,-24.7870527
"K2-377 b","K2-377",1,1,"Transit",2022,12.83223500000,1.69300000,3.51000000,,4200.00,0.691000,0.821000,202.8978870,-12.0951142
"K2-380 b","K2-380",1,1,"Transit",2022,9.40131200000,2.72900000,7.89000000,,5911.00,1.320000,0.993000,283.4346389,-26.5387308
"K2-385 b","K2-385",1,1,"Transit",2022,2.38086700000,1.53900000,2.98000000,,4844.00,0.761000,0.927000,12.6140752,5.8712567
"K2-386 b","K2-386",1,1,"Transit",2022,7.47322300000,2.32000000,5.99000000,,5749.00,0.970000,0.911000,18.2999964,7.0130302
"K2-388 b","K2-388",1,1,"Transit",2022,6.33932000000,3.90000000,14.50000000,874.00,5310.00,0.910000,0.930000,352.7139342,-11.0773564
"K2-395 b","K2-395",1,2,"Transit",2022,4.80335200000,2.59700000,7.26000000,,5007.00,0.783000,0.952000,70.4438684,16.6743415
"K2-396 b","K2-396",1,2,"Transit",2022,0.67386200000,1.57900000,3.12000000,,5236.00,0.920000,0.954000,74.6928607,17.2690562
"K2-396 c","K2-396",1,2,"Transit",2022,25.76051000000,3.12400000,9.93000000,,5236.00,0.920000,0.954000,74.6928607,17.2690562
"K2-401 b","K2-401",1,1,"Transit",2022,6.29309900000,2.26200000,5.74000000,,4213.00,0.675000,0.870000,154.9876040,3.9548275
"K2-403 b","K2-403",1,1,"Transit",2022,33.58997900000,5.33300000,24.60000000,949.00,5511.00,0.886000,0.784000,164.1893864,9.6739464
"K2-407 b","K2-407",1,2,"Transit",2022,4.94190700000,1.28300000,2.19000000,,5563.00,0.927000,0.881000,232.5552584,-23.0067371
"K2-412 b","K2-412",1,1,"Transit",2022,5.93820000000,2.11600000,5.13000000,1100.64,5590.00,0.977000,0.893000,76.2621295,21.5801620
"K2-413 b","K2-413",1,2,"Transit",2022,0.80940000000,0.75990000,0.36300000,1535.20,4116.00,0.700000,0.808000,353.4175668,-7.6120272
"K2-414 c","K2-414",1,2,"Transit",2022,6.66900000000,1.92870000,4.38000000,762.62,4343.00,0.732000,0.814000,351.6361913,-4.6066569
"K2-415 b","K2-415",1,1,"Transit",2023,4.01796940000,1.01500000,7.50000000,412.40,3173.00,0.196500,0.163500,137.2015437,11.8622503
"K2-417 b","K2-417",1,1,"Transit",2023,6.53500000000,3.31000000,699.22249540,558.00,3861.00,0.577600,0.569000,350.1417675,-10.0365901
"K2-43 b","K2-43",1,2,"Transit",2016,3.47114900000,4.51000000,18.50000000,939.30,3840.60,0.542000,0.571000,169.1170280,-3.9754405
"K2-45 b","K2-45",1,1,"Transit",2016,1.72926840000,6.71000000,36.40000000,1073.56,4103.00,0.445000,0.503000,169.6327547,-1.7740582
"K2-46 b","K2-46",1,1,"Transit",2016,19.15410000000,2.05000000,4.86000000,889.00,6256.00,1.290000,0.960000,174.2662454,-0.9072100
"K2-50 b","K2-50",1,2,"Transit",2016,8.75290000000,1.59000000,3.15000000,580.53,4326.00,0.546000,0.611000,169.4836540,5.9882890
"K2-6 b","K2-6",1,1,"Transit",2015,30.94191000000,2.50000000,6.80000000,615.00,5850.00,0.960000,0.970000,178.1921152,-1.1984418
"K2-62 b","K2-62",1,2,"Transit",2016,6.67199000000,2.02000000,4.74000000,666.00,4455.00,0.696000,0.670000,334.3645089,-12.1874776
"K2-63 c","K2-63",1,2,"Transit",2016,25.45560000000,3.90000000,14.50000000,958.85,6771.00,1.630000,1.400000,333.4267738,-12.0663429
"K2-65 b","K2-65",1,1,"Transit",2016,12.64750000000,1.58000000,3.12000000,723.51,5213.00,0.840000,0.870000,333.2125206,-10.9261373
"K2-66 b","K2-66",1,1,"Transit",2016,5.06963000000,2.49000000,21.30000000,1372.00,5887.00,1.670000,1.110000,331.5266563,-10.7115362
"K2-70 b","K2-70",1,1,"Transit",2016,13.97896000000,2.89000000,8.70000000,783.99,5622.00,0.930000,0.940000,338.4759328,-10.0849917
"K2-72 b","K2-72",1,4,"Transit",2016,5.57721200000,1.08000000,1.28000000,466.13,3360.47,0.330989,0.271365,334.6227504,-9.6120084
"K2-73 c","K2-73",1,2,"Radial Velocity",2025,1000.00000000000,13.00000000,1142.00000000,186.10,5867.00,1.058000,1.020000,335.0256620,-9.0560881
"K2-74 b","K2-74",1,1,"Transit",2016,19.56660000000,2.31000000,5.95000000,772.58,6060.00,0.980000,0.960000,339.9192984,-8.7145697
"K2-8 b","K2-8",1,2,"Transit",2015,10.35239000000,3.58000000,12.50000000,631.00,4870.00,0.740000,0.780000,169.7935178,-0.2844389
"K2-80 c","K2-80",1,3,"Transit",2016,5.60500000000,1.47000000,2.76000000,1002.42,5441.00,0.870000,0.900000,59.0374860,13.5590288
"K2-85 b","K2-85",1,1,"Transit",2016,0.68453862616,1.40000000,3.20000000,1355.00,4232.00,0.710000,0.700000,59.4648290,18.4649505
"K2-86 b","K2-86",1,1,"Transit",2016,8.77683000000,1.96000000,4.50000000,830.49,5482.00,0.760000,0.790000,51.5531053,18.6355718
"K2-87 b","K2-87",1,1,"Transit",2016,9.72661800000,7.60000000,44.90000000,979.00,5747.00,1.401000,1.164000,66.2363638,18.8273617
"K2-9 b","K2-9",1,1,"Transit",2015,18.44980000000,2.25000000,5.69000000,314.00,3390.00,0.310000,0.300000,176.2637240,0.0054085
"K2-90 c","K2-90",1,2,"Transit",2016,2.90070600000,1.30000000,2.24000000,908.07,4421.98,0.634754,0.704613,59.1527391,22.4724517
"K2-99 b","K2-99",1,2,"Transit",2016,18.24783000000,11.88151954,276.51071409,1184.00,6069.00,2.550000,1.440000,208.7737624,-5.4424943
"K2-99 c","K2-99",1,2,"Radial Velocity",2022,522.20000000000,12.60000000,2669.75861880,390.00,6069.00,2.550000,1.440000,208.7737624,-5.4424943
"KELT-1 b","KELT-1",1,1,"Transit",2012,1.21751400000,12.44200000,8654.15000000,2361.00,6516.00,1.471000,1.335000,0.3620995,39.3837953
"KELT-11 b","KELT-11",1,1,"Transit",2017,4.73620865000,15.13212395,65.15482343,1712.00,5375.00,2.690000,1.440000,161.7069053,-9.3993646
"KELT-16 b","KELT-16",2,1,"Transit",2017,0.96899510000,15.86073500,874.03250000,2453.00,6236.00,1.360000,1.211000,314.2685227,31.6610186
"KELT-20 b","KELT-20",1,1,"Transit",2017,3.47410850000,19.51486900,1074.90106000,2262.00,8720.00,1.565000,1.760000,294.6614126,31.2192001
"KELT-4 A b","KELT-4 A",3,1,"Transit",2016,2.98959320000,19.04409100,286.68266000,1823.00,6206.00,1.603000,1.201000,157.0626200,25.5731366
"KELT-7 b","KELT-7",1,1,"Transit",2015,2.73477000000,17.93440000,441.78370000,2048.00,6768.00,1.810000,1.760000,78.2955912,33.3179532
"KELT-8 b","KELT-8",1,1,"Transit",2015,3.24406000000,18.15858000,209.76780000,1675.00,5754.00,1.460000,0.810000,283.3054489,24.1272483
"KELT-9 b","KELT-9",2,1,"Transit",2017,1.48112350000,21.70058664,915.34581216,3921.00,9270.00,2.418000,2.320000,307.8598998,39.9389161
"KIC 10001893 b","KIC 10001893",1,3,"Orbital Brightness Modulation",2014,0.21970000000,,,,27500.00,0.180000,0.470000,287.3892308,46.9844491
"KIC 10001893 d","KIC 10001893",1,3,"Orbital Brightness Modulation",2014,0.81161000000,,,,27500.00,0.180000,0.470000,287.3892308,46.9844491
"KIC 10525077 b","KIC 10525077",1,1,"Transit",2015,854.08300000000,5.50000000,25.90000000,,6091.00,1.010000,1.010000,287.3781164,47.7711541
"KIC 3526061 b","KIC 3526061",1,1,"Radial Velocity",2022,3552.00000000000,12.10000000,5768.58558705,248.63,4829.00,5.860000,1.420000,285.1863974,38.6111112
"KIC 3558849 b","KIC 3558849",1,1,"Transit",2015,1322.30000000000,6.90000000,38.10000000,,6175.00,1.010000,0.980000,294.9498381,38.6051867
"KIC 5437945 b","KIC 5437945",1,2,"Transit",2015,440.78130000000,6.40000000,33.60000000,308.00,6340.00,1.240000,1.070000,288.4749028,40.6512848
"KIC 7917485 b","KIC 7917485",1,1,"Pulsation Timing Variations",2016,840.00000000000,12.40000000,3750.39400000,,7067.00,2.009938,1.630000,299.4346094,43.6326069
"KIC 8121913 b","KIC 8121913",1,1,"Orbital Brightness Modulation",2021,3.29460100000,13.40000000,667.43965470,,5975.30,2.233000,1.456000,298.9677981,43.9093780
"KIC 8540376 c","KOI-7892",1,3,"Transit",2015,75.20000000000,2.40000000,6.35000000,,6474.00,1.260000,1.040000,282.3775397,44.6945690
"KIC 9663113 b","KIC 9663113",1,2,"Transit",2015,572.38470000000,4.60000000,19.20000000,264.00,6065.00,1.030000,0.980000,297.0454037,46.3286653
"KMT-2016-BLG-2321L b","KMT-2016-BLG-2321L",1,1,"Microlensing",2024,,13.80000000,301.93698665,,,,0.730000,264.0579167,-25.5248806
"KMT-2016-BLG-2364L b","KMT-2016-BLG-2364L",1,1,"Microlensing",2020,,13.00000000,1250.00000000,,,,0.500000,265.7156670,-27.4355611
"KMT-2016-BLG-2605L b","KMT-2016-BLG-2605L",1,1,"Microlensing",2021,,14.00000000,245.04570180,,,,0.064000,269.8230833,-26.9820000
"KMT-2017-BLG-0849L b","KMT-2017-BLG-0849L",1,1,"Microlensing",2024,,2.41000000,6.39000000,,,,0.190000,265.3594583,-25.2812194
"KMT-2017-BLG-1057L b","KMT-2017-BLG-1057L",1,1,"Microlensing",2024,,5.19000000,23.50000000,,,,0.570000,265.4860000,-22.3351111
"KMT-2017-BLG-1146L b","KMT-2017-BLG-1146L",1,1,"Microlensing",2019,,14.00000000,230.00000000,,,,0.330000,269.1058330,-33.1424694
"KMT-2017-BLG-1194L b","KMT-2017-BLG-1194L",1,1,"Microlensing",2023,,1.70000000,3.54000000,,,,0.410000,274.3221250,-25.3239389
"KMT-2017-BLG-2197L b","KMT-2017-BLG-2197L",1,1,"Microlensing",2025,,12.50000000,2809.60311788,,,,0.360000,262.6113333,-30.1593111
"KMT-2017-BLG-2331L b","KMT-2017-BLG-2331L",1,1,"Microlensing",2024,,14.20000000,171.00000000,,,,0.400000,264.4072083,-29.4612111
"KMT-2018-BLG-0029L b","KMT-2018-BLG-0029L",1,1,"Microlensing",2020,,2.67000000,7.59000000,,,,1.140000,264.4694580,-27.9847000
"KMT-2018-BLG-0087L b","KMT-2018-BLG-0087L",1,1,"Microlensing",2022,,10.10000000,73.10053361,,,,0.100000,264.3270000,-27.8320611
"KMT-2018-BLG-0748L b","KMT-2018-BLG-0748L",1,1,"Microlensing",2020,,9.01000000,60.00000000,,,,0.087000,267.8745000,-30.6463889
"KMT-2018-BLG-0885L b","KMT-2018-BLG-0885L",1,1,"Microlensing",2023,,11.90000000,9217.02380300,,,,0.290000,268.9663333,-28.5133611
"KMT-2018-BLG-1988L b","KMT-2018-BLG-1988L",1,1,"Microlensing",2022,,2.22000000,5.56000000,,,,0.470000,265.2825417,-35.5947000
"KMT-2018-BLG-1996L b","KMT-2018-BLG-1996L",1,1,"Microlensing",2021,,13.70000000,346.43296363,,,,0.690000,268.6785000,-22.8204111
"KMT-2019-BLG-0297L b","KMT-2019-BLG-0297L",1,1,"Microlensing",2023,,12.10000000,6038.73973300,,,,0.210000,270.0632917,-28.9652806
"KMT-2019-BLG-0298L b","KMT-2019-BLG-0298L",1,1,"Microlensing",2023,,13.40000000,575.26941667,,,,0.700000,264.8780000,-27.6381389
"KMT-2019-BLG-0371L b","KMT-2019-BLG-0371L",1,1,"Microlensing",2021,,12.60000000,2447.27873390,,,,0.090000,268.3839167,-31.5550222
"KMT-2019-BLG-0414L b","KMT-2019-BLG-0414L",1,1,"Microlensing",2022,,12.90000000,1452.47581999,,,,0.740000,268.8529167,-21.8955389
"KMT-2019-BLG-0578L b","KMT-2019-BLG-0578L",1,1,"Microlensing",2025,,13.70000000,381.39408840,,,,0.280000,269.4846667,-27.7948611
"KMT-2019-BLG-0953L b","KMT-2019-BLG-0953L",1,1,"Microlensing",2022,,4.06000000,15.50000000,,,,0.280000,269.3385833,-28.6746389
"KMT-2019-BLG-1042L b","KMT-2019-BLG-1042L",1,1,"Microlensing",2022,,9.05000000,60.38739733,,,,0.300000,270.5440417,-27.5806694
"KMT-2019-BLG-1339L b","KMT-2019-BLG-1339L",1,1,"Microlensing",2020,,13.70000000,397.00000000,,,,0.480000,265.7434170,-25.5739167
"KMT-2019-BLG-2783L b","KMT-2019-BLG-2783L",1,1,"Microlensing",2023,,13.70000000,368.68095212,,,,0.340000,269.2919167,-33.7885194
"KMT-2020-BLG-0414L c","KMT-2020-BLG-0414L",1,2,"Microlensing",2021,,11.90000000,8581.36698900,,,,0.490000,271.9150000,-28.4852222
"KMT-2021-BLG-0192L b","KMT-2021-BLG-0192L",1,1,"Microlensing",2022,,6.56000000,34.96112477,,,,0.270000,268.1049583,-30.0086889
"KMT-2021-BLG-0320L b","KMT-2021-BLG-0320L",1,1,"Microlensing",2022,,6.20000000,31.78284070,,,,0.320000,269.3881250,-30.5039389
"KMT-2021-BLG-0322L b","KMT-2021-BLG-0322L",2,1,"Microlensing",2021,,12.70000000,2034.10180480,,,,0.620000,270.9116667,-29.6043889
"KMT-2021-BLG-0736L b","KMT-2021-BLG-0736L",1,1,"Microlensing",2025,,4.86000000,21.00000000,,,,0.600000,268.3225833,-29.7124194
"KMT-2021-BLG-0852L b","KMT-2021-BLG-0852L",1,1,"Microlensing",2026,,14.20000000,155.73591943,,,,0.750000,265.8311667,-33.8918389
"KMT-2021-BLG-1077L c","KMT-2021-BLG-1077L",1,2,"Microlensing",2022,,10.60000000,79.45710175,,,,0.140000,266.4891250,-33.8428111
"KMT-2021-BLG-1150L b","KMT-2021-BLG-1150L",1,1,"Microlensing",2023,,13.90000000,279.68899816,,,,0.730000,268.7901250,-31.3133306
"KMT-2021-BLG-1303L b","KMT-2021-BLG-1303L",1,1,"Microlensing",2022,,13.60000000,120.77479466,,,,0.570000,271.8638750,-29.2815806
"KMT-2021-BLG-1689L b","KMT-2021-BLG-1689L",1,1,"Microlensing",2022,,7.71000000,46.00000000,,4570.00,,0.580000,269.5791667,-30.1452778
"KMT-2021-BLG-2010L b","KMT-2021-BLG-2010L",1,1,"Microlensing",2023,,13.80000000,340.07639549,,,,0.370000,268.0085000,-32.2697500
"KMT-2021-BLG-2294L b","KMT-2021-BLG-2294L",1,1,"Microlensing",2022,,5.02000000,22.24798849,,,,0.140000,270.0624167,-28.6124389
"KMT-2022-BLG-0303L b","KMT-2022-BLG-0303L",1,1,"Microlensing",2024,,14.20000000,163.04597279,,,,0.368000,268.0331250,-22.6890806
"KMT-2022-BLG-1013L b","KMT-2022-BLG-1013L",1,1,"Microlensing",2023,,12.10000000,98.52680617,,,,0.180000,264.7092500,-28.3556694
"KMT-2022-BLG-1790L b","KMT-2022-BLG-1790L",1,1,"Microlensing",2025,,13.50000000,549.84314411,,,,0.580000,271.0562500,-27.0347500
"KMT-2022-BLG-1818L c","KMT-2022-BLG-1818L",1,2,"Microlensing",2026,,13.20000000,114.41822652,,,,0.790000,270.7986250,-27.4811111
"KMT-2022-BLG-2286L b","KMT-2022-BLG-2286L",1,1,"Microlensing",2024,,12.10000000,6038.73973300,,,,0.200000,269.1652500,-28.8549194
"KMT-2023-BLG-0084L b","KMT-2023-BLG-0084L",1,1,"Microlensing",2026,,13.30000000,794.57101750,,,,0.230000,273.9419167,-25.2295000
"KMT-2023-BLG-0466L b","KMT-2023-BLG-0466L",1,1,"Microlensing",2026,,13.10000000,1032.94232275,,,,0.440000,270.6100000,-33.0029694
"KMT-2023-BLG-0735L b","KMT-2023-BLG-0735L",1,1,"Microlensing",2024,,6.97000000,38.77506565,,,,0.610000,267.5759583,-29.2029194
"KMT-2023-BLG-0830L b","KMT-2023-BLG-0830L",1,1,"Microlensing",2025,,4.41000000,17.79839079,,,,0.220000,271.6579583,-28.3323111
"KMT-2023-BLG-1454L b","KMT-2023-BLG-1454L",1,1,"Microlensing",2024,,14.10000000,200.23189641,,,,0.170000,267.6200833,-29.6227500
"KMT-2023-BLG-1592L b","KMT-2023-BLG-1592L",1,1,"Microlensing",2026,,14.10000000,184.34047606,,,,0.550000,268.6786667,-29.0084194
"KMT-2023-BLG-1743L b","KMT-2023-BLG-1743L",1,1,"Microlensing",2024,,12.10000000,6356.56814000,,,,0.110000,269.1652500,-28.8549194
"KMT-2023-BLG-1810L b","KMT-2023-BLG-1810L",1,1,"Microlensing",2026,,12.60000000,2301.07766668,,,,0.560000,270.6147083,-30.2776111
"KMT-2024-BLG-0176L b","KMT-2024-BLG-0176L",1,1,"Microlensing",2026,,14.00000000,241.54958932,,,,0.103000,266.5324583,-34.2105806
"KMT-2024-BLG-0404L c","KMT-2024-BLG-0404L",1,2,"Microlensing",2025,,4.33000000,17.30000000,,,,0.090000,271.1470833,-27.9535000
"KMT-2024-BLG-1005L b","KMT-2024-BLG-1005L",1,1,"Microlensing",2025,,12.10000000,6674.39654700,,,,0.055000,269.8055833,-28.7557806
"KMT-2024-BLG-1044L b","KMT-2024-BLG-1044L",1,1,"Microlensing",2024,,2.70000000,7.75000000,,,,0.069000,271.5640000,-27.5925806
"KMT-2024-BLG-1870L b","KMT-2024-BLG-1870L",1,1,"Microlensing",2026,,13.80000000,336.89811142,,,,0.670000,272.4653333,-26.8828889
"KMT-2025-BLG-0481L b","KMT-2025-BLG-0481L",1,1,"Microlensing",2026,,14.10000000,187.51876013,,,,0.220000,265.3560000,-34.3717500
"KMT-2025-BLG-1616L b","KMT-2025-BLG-1616L",1,1,"Microlensing",2026,,7.34000000,42.32000000,,,,0.260000,267.7788750,-30.1391111
"KOBE-1 b","KOBE-1",1,2,"Radial Velocity",2025,8.53990000000,2.91000000,8.80000000,594.40,4135.00,0.619000,0.629000,19.1660378,25.3310358
"KOBE-1 c","KOBE-1",1,2,"Radial Velocity",2025,29.67100000000,3.56000000,12.40000000,392.50,4135.00,0.619000,0.629000,19.1660378,25.3310358
"KOI-12 b","KOI-12",1,2,"Transit",2015,17.85518200000,13.78707000,349.61300000,911.00,6635.00,1.400000,1.500000,297.4537402,41.0110188
"KOI-13 b","KOI-13",3,1,"Transit",2011,1.76358800000,16.94800800,2949.46240000,2550.00,7650.00,1.740000,1.720000,286.9713876,46.8682463
"KOI-134 b","KOI-134",1,2,"Transit",2025,67.12770000000,12.03844527,346.43296363,659.00,6160.00,1.667000,1.407000,295.5865980,45.3649371
"KOI-134 c","KOI-134",1,2,"Transit Timing Variations",2025,33.95000000000,9.86000000,69.92224954,798.82,6160.00,1.667000,1.407000,295.5865980,45.3649371
"KOI-142 c","KOI-142",1,3,"Transit Timing Variations",2013,22.26492000000,14.00000000,214.10000000,635.87,5466.00,0.897000,0.990000,291.1481028,40.6694130
"KOI-1599.01","KOI-1599",1,2,"Transit",2019,20.44150000000,1.90000000,4.60000000,660.00,5833.00,0.972000,1.020000,298.3738383,40.6184483
"KOI-1599.02","KOI-1599",1,2,"Transit",2019,13.60880000000,1.90000000,9.00000000,755.00,5833.00,0.972000,1.020000,298.3738383,40.6184483
"KOI-1833 d","Kepler-968",1,3,"Transit",2021,7.68500000000,2.58000000,11.02000000,613.00,4413.00,0.667000,0.681000,285.6025889,50.1120401
"KOI-217 b","KOI-217",1,1,"Transit",2010,3.90512000000,12.44200000,,1046.00,5545.00,0.860000,0.950000,294.8654667,46.2858128
"KOI-2513.01","KOI-2513",1,1,"Transit",2023,19.00547000000,2.80224517,7310.05336100,758.00,5900.00,1.200000,0.910000,293.6688776,46.3792321
"KOI-319 b","KOI-319",1,2,"Transit",2014,46.14827000000,10.67000000,3178.28407000,703.00,5880.00,2.064000,1.325000,290.1174980,44.8729586
"KOI-319 c","KOI-319",1,2,"Transit Timing Variations",2014,80.09900000000,11.90000000,8803.84687390,,5880.00,2.064000,1.325000,290.1174980,44.8729586
"KOI-3503 b","KOI-3503",1,2,"Transit",2021,21.18500000000,1.19000000,9.20000000,785.00,6001.00,1.255000,0.858000,293.1507654,41.7291532
"KOI-351 b","KOI-351",1,8,"Transit",2013,7.00815100000,1.31000000,2.27000000,1062.00,6080.00,1.200000,1.200000,284.4334642,49.3051239
"KOI-351 c","KOI-351",1,8,"Transit",2013,8.71937500000,1.19000000,1.81000000,987.00,6080.00,1.200000,1.200000,284.4334642,49.3051239
"KOI-351 e","KOI-351",1,8,"Transit",2013,91.93913000000,2.66000000,7.56000000,450.00,6080.00,1.200000,1.200000,284.4334642,49.3051239
"KOI-351 f","KOI-351",1,8,"Transit",2013,124.91440000000,2.88000000,8.65000000,407.00,6080.00,1.200000,1.200000,284.4334642,49.3051239
"KOI-351 h","KOI-351",1,8,"Transit",2013,331.60296000000,11.25200000,203.00000000,294.00,6031.13,1.185000,1.242000,284.4334642,49.3051239
"KOI-4777.01","KOI-4777",1,1,"Transit",2022,0.41200000000,0.51000000,99.20000000,1180.00,3515.00,0.400000,0.410000,287.2621474,42.0322257
"KOI-4978 b","KOI-4978",1,1,"Transit",2024,0.94196700000,0.70000000,0.27100000,,5050.28,0.966000,0.859000,286.5907635,38.5582993
"KOI-55 b","KOI-55",1,2,"Orbital Brightness Modulation",2011,0.24010400000,0.75900000,0.44000000,7777.78,27730.00,0.203000,0.496000,296.3561853,41.0927315
"KOI-55 c","KOI-55",1,2,"Orbital Brightness Modulation",2011,0.34288700000,0.86700000,0.65500000,6910.74,27730.00,0.203000,0.496000,296.3561853,41.0927315
"KOI-7913 b","KOI-7913 A",2,1,"Transit",2022,24.27855300000,2.34000000,6.08000000,432.00,4324.00,0.788000,0.760000,286.7485252,45.1587234
"KOI-884 e","Kepler-247",1,4,"Transit Timing Variations",2014,31.10165900000,9.54000000,66.05405000,,5060.00,0.788000,0.887000,288.6425609,43.0393769
"KOI-94 b","KOI-94",2,4,"Transit",2013,3.74320800000,1.71000000,10.50000000,1486.00,6182.00,1.520000,1.277000,297.3330716,41.8911186
"KOI-94 c","KOI-94",2,4,"Transit",2013,10.42364800000,4.32000000,15.60000000,1012.00,6182.00,1.520000,1.277000,297.3330716,41.8911186
"KOI-94 d","KOI-94",2,4,"Transit",2013,22.34298900000,11.27000000,106.00000000,806.00,6182.00,1.520000,1.277000,297.3330716,41.8911186
"KOI-94 e","KOI-94",2,4,"Transit",2013,54.32031000000,6.56000000,35.00000000,584.00,6182.00,1.520000,1.277000,297.3330716,41.8911186
"KOI-984 b","KOI-984",1,2,"Transit",2022,4.28817850000,4.30000000,17.10000000,1022.00,5295.00,0.818000,0.928000,291.0489438,36.8400772
"KOINTREAU-1 b","XEST 17-036",1,1,"Imaging",2026,,12.40000000,3368.98111420,,3551.00,,0.260000,68.3592880,22.7580560
"Kapteyn c","Kapteyn",1,1,"Radial Velocity",2014,121.54000000000,2.54000000,7.00000000,165.59,3550.00,0.291000,0.281000,77.9586613,-45.0430198
"Kepler-10 b","Kepler-10",1,3,"Transit",2011,0.83749070000,1.47000000,3.24000000,2188.00,5708.00,1.065000,0.910000,285.6792980,50.2414842
"Kepler-100 b","Kepler-100",1,4,"Transit",2014,6.88734000000,1.34000000,4.01000000,1155.00,5837.00,1.510000,1.130000,291.3861294,41.9901394
"Kepler-100 c","Kepler-100",1,4,"Transit",2014,12.81590000000,2.20000000,7.05000000,939.00,5825.00,1.490000,1.080000,291.3861294,41.9901394
"Kepler-100 d","Kepler-100",1,4,"Transit",2014,35.33310000000,1.61000000,3.00000000,670.00,5825.00,1.490000,1.080000,291.3861294,41.9901394
"Kepler-1000 b","Kepler-1000",1,1,"Transit",2016,120.01812720000,4.76000000,20.30000000,473.00,6453.00,1.510000,1.400000,286.6854729,47.0981948
"Kepler-1003 b","Kepler-1003",1,1,"Transit",2016,3.55485691500,1.78000000,3.82000000,1157.00,6109.00,1.170000,1.110000,292.0204349,44.8762427
"Kepler-1004 b","Kepler-1004",1,1,"Transit",2016,5.28789787000,6.28000000,32.50000000,1661.00,4972.00,3.390000,1.110000,297.3593427,49.7975464
"Kepler-1007 b","Kepler-1007",1,1,"Transit",2016,5.18500207300,1.44000000,2.67000000,652.00,4587.00,0.700000,0.730000,295.9065297,45.8090893
"Kepler-1008 b","Kepler-1008",2,1,"Transit",2016,12.43931193000,1.28000000,2.18000000,627.00,5066.00,0.780000,0.810000,296.5476395,44.9418307
"Kepler-101 b","Kepler-101",1,2,"Transit",2014,3.48768120000,5.77000000,51.10000000,1513.00,5667.00,1.560000,1.170000,283.2555070,48.3552474
"Kepler-101 c","Kepler-101",1,2,"Transit",2014,6.02976000000,1.25000000,3.78000000,1413.00,5667.00,1.560000,1.170000,283.2555070,48.3552474
"Kepler-1010 b","Kepler-1010",1,1,"Transit",2016,34.26857050000,2.32000000,5.99000000,477.00,5253.00,0.820000,0.860000,289.1926026,44.1493165
"Kepler-1016 b","Kepler-1016",1,2,"Transit",2016,1.95452434200,2.18000000,5.39000000,1540.00,5821.00,1.000000,0.990000,294.6136890,45.9846265
"Kepler-1017 b","Kepler-1017",1,1,"Transit",2016,7.23400469000,1.99000000,4.62000000,831.00,5473.00,0.870000,0.930000,283.4692990,40.1325185
"Kepler-1018 b","Kepler-1018",1,1,"Transit",2016,49.10135140000,2.58000000,7.18000000,498.00,5518.00,0.880000,0.910000,283.5967317,45.4078654
"Kepler-1019 b","Kepler-1019",1,1,"Transit",2016,1.41122984700,1.46000000,2.73000000,1164.00,4433.00,0.670000,0.700000,283.7175909,47.2043818
"Kepler-102 b","Kepler-102",1,5,"Transit",2014,5.28696500000,0.46000000,1.10000000,857.00,4909.00,0.724000,0.803000,281.4824731,47.2078263
"Kepler-1020 b","Kepler-1020",1,1,"Transit",2016,96.91514960000,2.28000000,5.82000000,325.00,5227.00,0.800000,0.870000,292.6724710,46.3772776
"Kepler-1024 b","Kepler-1024",1,1,"Transit",2016,66.41621330000,3.91000000,14.50000000,376.00,5143.00,0.780000,0.810000,291.9510277,38.2516419
"Kepler-1028 b","Kepler-1028",1,1,"Transit",2016,2.51462432000,1.33000000,2.33000000,1217.00,5522.00,0.870000,0.900000,289.5931004,49.7812447
"Kepler-103 b","Kepler-103",1,2,"Transit",2014,15.96532870000,3.48570000,11.67000000,973.00,6047.00,1.492000,1.212000,288.9845512,40.0644857
"Kepler-103 c","Kepler-103",1,2,"Transit",2014,179.60978000000,5.45390000,58.47000000,434.00,6047.00,1.492000,1.212000,288.9845512,40.0644857
"Kepler-1030 b","Kepler-1030",1,1,"Transit",2016,19.32952416000,2.48000000,6.71000000,529.00,4983.00,0.760000,0.800000,293.6819098,45.8175241
"Kepler-1031 b","Kepler-1031",1,1,"Transit",2016,1.22621732000,0.87000000,0.59000000,2024.00,6011.00,1.120000,1.090000,296.0898796,48.9554121
"Kepler-1033 b","Kepler-1033",1,1,"Transit",2016,7.56052806000,2.51000000,6.85000000,914.00,5547.00,0.920000,0.940000,283.8450963,44.6090251
"Kepler-1036 b","Kepler-1036",1,1,"Transit",2016,122.88080580000,3.01000000,9.32000000,326.00,5533.00,0.890000,0.950000,295.1817093,49.9458172
"Kepler-1037 b","Kepler-1037",1,1,"Transit",2016,1.06378867300,1.28000000,2.18000000,1650.00,5105.00,0.780000,0.820000,296.3410342,47.1709335
"Kepler-1038 b","Kepler-1038",1,2,"Transit",2016,148.46033820000,3.53000000,12.20000000,285.00,5335.00,0.830000,0.870000,298.9721472,44.1323499
"Kepler-1038 c","Kepler-1038",1,2,"Transit",2021,7.12765979800,1.41623380,2.59000000,784.00,5159.00,0.821000,0.868000,298.9721472,44.1323499
"Kepler-1039 b","Kepler-1039",1,1,"Transit",2016,0.93488424200,1.46000000,2.73000000,2080.00,4870.00,0.740000,0.790000,298.3266169,45.3154212
"Kepler-104 b","Kepler-104",2,3,"Transit",2014,11.42754800000,3.10000000,19.60000000,852.00,5711.00,1.349000,0.818000,287.6046621,42.1665104
"Kepler-1040 b","Kepler-1040",1,1,"Transit",2016,201.12140000000,2.08000000,4.98000000,300.00,5694.00,0.960000,0.980000,283.1137663,48.1312774
"Kepler-1041 b","Kepler-1041",1,1,"Transit",2016,24.75764210000,2.94000000,8.96000000,644.00,5957.00,1.080000,1.060000,293.8817361,49.6831419
"Kepler-1042 b","Kepler-1042",1,1,"Transit",2016,10.13202575000,2.19000000,5.43000000,574.00,4815.00,0.720000,0.750000,288.6689428,39.8239935
"Kepler-1045 b","Kepler-1045",1,1,"Transit",2016,26.41045478000,2.69000000,7.70000000,512.00,5301.00,0.820000,0.860000,284.1832668,45.0740897
"Kepler-1048 b","Kepler-1048",1,1,"Transit",2016,6.92101021000,1.61000000,3.22000000,619.00,4651.00,0.700000,0.750000,281.8983042,42.1657112
"Kepler-1049 b","Kepler-1049",1,1,"Transit",2016,3.27346073600,0.95000000,0.80900000,625.00,3864.00,0.490000,0.510000,287.3469567,47.7729078
"Kepler-1051 b","Kepler-1051",1,1,"Transit",2016,25.96200249000,3.40000000,11.50000000,850.00,6675.00,1.730000,1.430000,295.1581062,40.8988186
"Kepler-1052 c","Kepler-1052",1,2,"Transit",2023,180.92172900000,2.30000000,5.90000000,302.00,5818.00,0.848000,0.937000,295.3427300,46.6022134
"Kepler-1054 b","Kepler-1054",1,1,"Transit",2016,4.30655689000,2.63000000,7.41000000,1177.00,6209.00,1.340000,1.220000,290.6011085,44.5563604
"Kepler-1055 b","Kepler-1055",1,1,"Transit",2016,2.29503623300,1.23000000,2.04000000,1304.00,5723.00,0.940000,0.980000,290.4867838,44.9325410
"Kepler-1056 b","Kepler-1056",1,1,"Transit",2016,27.49560600000,3.01000000,9.32000000,590.00,6127.00,1.200000,1.120000,299.5259832,46.8992561
"Kepler-1058 b","Kepler-1058",1,1,"Transit",2016,110.96546000000,2.72000000,7.85000000,239.00,4644.00,0.690000,0.730000,294.5956256,45.8750556
"Kepler-106 b","Kepler-106",1,4,"Transit",2014,6.16486000000,0.82000000,5.30000000,1021.00,5858.00,1.040000,1.000000,300.8640060,44.3375497
"Kepler-106 c","Kepler-106",1,4,"Transit",2014,13.57080000000,2.50000000,10.44000000,785.00,5858.00,1.040000,1.000000,300.8640060,44.3375497
"Kepler-106 d","Kepler-106",1,4,"Transit",2014,23.98020000000,0.95000000,8.10000000,649.00,5858.00,1.040000,1.000000,300.8640060,44.3375497
"Kepler-106 e","Kepler-106",1,4,"Transit",2014,43.84450000000,2.56000000,11.17000000,531.00,5858.00,1.040000,1.000000,300.8640060,44.3375497
"Kepler-1060 b","Kepler-1060",1,1,"Transit",2016,46.87793670000,2.38000000,6.26000000,484.00,5797.00,0.990000,0.990000,286.0252285,39.6309204
"Kepler-1061 b","Kepler-1061",1,1,"Transit",2016,2.75798266600,1.98000000,4.58000000,1332.00,6067.00,1.070000,1.090000,296.2300306,50.2752091
"Kepler-1062 b","Kepler-1062",1,1,"Transit",2016,9.30412078000,1.76000000,3.75000000,583.00,4597.00,0.700000,0.750000,283.8994187,41.2215940
"Kepler-1063 b","Kepler-1063",2,1,"Transit",2016,14.07971466000,1.49000000,2.83000000,931.00,5945.00,1.140000,1.090000,290.5267975,38.1428283
"Kepler-1064 b","Kepler-1064",1,1,"Transit",2016,16.54080322000,1.55000000,3.02000000,570.00,5153.00,0.790000,0.850000,291.7415821,37.6888103
"Kepler-1065 b","Kepler-1065",1,2,"Transit",2016,3.60930890700,3.73000000,13.40000000,1092.00,5635.00,0.930000,0.940000,294.5113190,38.7904648
"Kepler-1066 b","Kepler-1066",1,1,"Transit",2016,1.93155983900,2.36000000,6.17000000,1290.00,5762.00,0.980000,0.980000,298.8666210,46.5022325
"Kepler-1067 b","Kepler-1067",1,2,"Transit",2016,0.76212926100,0.80000000,0.43700000,1872.00,5592.00,0.930000,0.950000,285.3873706,45.0490265
"Kepler-1071 b","Kepler-1071",1,1,"Transit",2016,6.17998440000,2.38000000,6.26000000,814.00,5215.00,0.810000,0.860000,293.0579794,45.2487472
"Kepler-1072 b","Kepler-1072",1,1,"Transit",2016,1.56906650200,1.58000000,3.12000000,1849.00,6199.00,1.320000,1.200000,292.0443891,46.3289723
"Kepler-1073 d","Kepler-1073",1,3,"Transit",2021,2.50476002700,1.48770949,2.82000000,1369.00,5509.00,1.116000,0.924000,294.1527259,38.2330886
"Kepler-1074 b","Kepler-1074",1,1,"Transit",2016,5.94566534000,1.25000000,2.10000000,568.00,4002.00,0.570000,0.600000,284.4766869,46.2526781
"Kepler-1075 b","Kepler-1075",1,1,"Transit",2016,1.52372816000,1.42000000,2.60000000,818.00,3959.00,0.540000,0.560000,287.5011404,47.4691157
"Kepler-108 b","Kepler-108",2,2,"Transit",2014,49.18392100000,8.65000000,56.00000000,669.00,5854.00,2.192000,1.247000,294.5589885,46.0623952
"Kepler-108 c","Kepler-108",2,2,"Transit",2014,190.32349400000,8.18000000,50.90000000,426.00,5854.00,2.192000,1.247000,294.5589885,46.0623952
"Kepler-1080 b","Kepler-1080",1,1,"Transit",2016,77.25483960000,3.28000000,10.80000000,548.00,5956.00,1.160000,1.100000,296.4644914,49.1828952
"Kepler-1082 b","Kepler-1082",1,1,"Transit",2016,1.54320660400,1.12000000,1.46000000,1827.00,5923.00,1.140000,1.030000,289.3586737,50.5984489
"Kepler-1085 b","Kepler-1085",1,2,"Transit",2016,219.32175280000,7.22000000,41.20000000,313.00,6000.00,1.140000,1.110000,287.4776359,46.1411685
"Kepler-109 c","Kepler-109",1,2,"Transit",2014,21.22265000000,2.65000000,8.20000000,859.00,5950.00,1.387000,1.094000,290.3926795,40.2849074
"Kepler-1090 b","Kepler-1090",1,2,"Transit",2016,198.68017900000,2.25000000,5.69000000,297.00,5321.00,0.820000,0.860000,295.6629002,44.5258237
"Kepler-1091 b","Kepler-1091",1,1,"Transit",2016,1.43474156400,1.46000000,2.73000000,1664.00,5851.00,1.030000,1.010000,299.7854426,43.6707235
"Kepler-1096 b","Kepler-1096",1,1,"Transit",2016,2.89221750600,1.24000000,2.07000000,794.00,4306.00,0.630000,0.660000,294.7094688,45.9695533
"Kepler-1099 b","Kepler-1099",1,1,"Transit",2016,2.16845259300,2.83000000,8.40000000,1558.00,5837.00,1.000000,1.010000,288.7499866,48.2771163
"Kepler-11 b","Kepler-11",1,6,"Transit",2010,10.30390000000,1.80000000,1.90000000,849.00,5663.00,1.065000,0.961000,297.1150949,41.9091092
"Kepler-11 c","Kepler-11",1,6,"Transit",2010,13.02410000000,2.87000000,2.90000000,786.00,5663.00,1.065000,0.961000,297.1150949,41.9091092
"Kepler-11 d","Kepler-11",1,6,"Transit",2010,22.68450000000,3.12000000,7.30000000,653.00,5663.00,1.065000,0.961000,297.1150949,41.9091092
"Kepler-11 e","Kepler-11",1,6,"Transit",2010,31.99960000000,4.19000000,8.00000000,582.00,5663.00,1.065000,0.961000,297.1150949,41.9091092
"Kepler-11 g","Kepler-11",1,6,"Transit",2010,118.38070000000,3.33000000,25.00000000,376.00,5663.00,1.065000,0.961000,297.1150949,41.9091092
"Kepler-110 b","Kepler-110",1,2,"Transit",2014,12.69111200000,1.83000000,4.01000000,1008.00,5960.00,1.149000,0.989000,292.9291693,48.6028303
"Kepler-1101 b","Kepler-1101",1,1,"Transit",2016,81.31510590000,2.47000000,6.66000000,393.00,5614.00,0.910000,0.940000,294.5693544,45.6711623
"Kepler-1102 b","Kepler-1102",1,1,"Transit",2016,51.32856230000,2.66000000,7.56000000,546.00,5724.00,0.940000,0.960000,281.3225917,48.0664955
"Kepler-1105 b","Kepler-1105",1,1,"Transit",2016,4.42157218200,2.01000000,4.70000000,729.00,4299.00,0.680000,0.710000,281.1117588,42.4549698
"Kepler-1107 b","Kepler-1107",1,1,"Transit",2016,0.57103851800,1.34000000,2.36000000,1897.00,5268.00,0.820000,0.860000,291.0499340,39.1416740
"Kepler-111 b","Kepler-111",1,2,"Transit",2014,3.34181500000,1.58000000,3.12000000,1356.00,5952.00,1.157000,1.171000,291.6531630,44.6882613
"Kepler-1111 b","Kepler-1111",1,1,"Transit",2016,8.79617863000,2.00000000,4.66000000,938.00,6077.00,1.150000,1.100000,295.4634045,45.8127697
"Kepler-1113 b","Kepler-1113",1,1,"Transit",2016,42.30049540000,2.81000000,8.30000000,558.00,5931.00,1.170000,1.120000,289.4066969,39.3388130
"Kepler-1115 b","Kepler-1115",1,1,"Transit",2016,23.55407250000,1.70000000,3.53000000,1381.00,8480.00,1.730000,1.600000,294.9917723,40.1443964
"Kepler-1116 b","Kepler-1116",1,1,"Transit",2016,41.69778270000,2.54000000,6.99000000,488.00,5641.00,0.930000,0.950000,291.9336573,44.1154992
"Kepler-1117 b","Kepler-1117",1,1,"Transit",2016,4.79028459000,1.11000000,1.41000000,938.00,5612.00,0.930000,0.950000,292.0847866,49.2374206
"Kepler-1118 b","Kepler-1118",1,1,"Transit",2016,38.67150750000,2.74000000,7.95000000,502.00,5688.00,0.970000,0.960000,299.9656619,44.1608805
"Kepler-112 c","Kepler-112",1,2,"Transit",2014,28.57426300000,2.40000000,6.35000000,538.00,5544.00,0.841000,0.782000,296.9811361,43.2097025
"Kepler-1121 b","Kepler-1121",1,1,"Transit",2016,13.15141081000,1.91000000,4.31000000,1008.00,6231.00,1.590000,1.290000,297.7865467,47.8861542
"Kepler-1122 b","Kepler-1122",1,1,"Transit",2016,42.19173570000,2.04000000,4.82000000,526.00,5544.00,0.890000,0.920000,288.2805801,46.3408747
"Kepler-1124 b","Kepler-1124",1,1,"Transit",2016,2.85234897500,1.28000000,2.18000000,621.00,3658.00,0.340000,0.350000,286.5942529,37.8912836
"Kepler-1125 b","Kepler-1125",1,1,"Transit",2016,17.67006420000,1.84000000,4.04000000,778.00,5683.00,0.940000,0.950000,295.4812018,40.7319316
"Kepler-1126 b","Kepler-1126",1,2,"Transit",2016,108.59332900000,1.73000000,3.64000000,374.00,5798.00,0.930000,0.920000,285.6919550,45.6893993
"Kepler-1129 b","Kepler-1129",1,2,"Transit",2016,24.33978040000,2.96000000,9.06000000,737.00,5831.00,1.000000,1.000000,291.6044965,41.3093275
"Kepler-113 b","Kepler-113",1,2,"Transit",2014,4.75400000000,1.82000000,11.70000000,775.00,4725.00,0.690000,0.750000,287.9978721,50.9441847
"Kepler-1130 c","Kepler-1130",2,3,"Transit",2021,3.26663994800,0.79239584,0.42200000,1072.00,5450.00,0.842000,0.944000,285.2074210,45.3843330
"Kepler-1136 b","Kepler-1136",1,1,"Transit",2016,2.36172432900,1.64000000,3.33000000,922.00,4512.00,0.680000,0.720000,284.1078441,44.2458047
"Kepler-1137 b","Kepler-1137",1,1,"Transit",2016,23.92107910000,2.20000000,5.48000000,1020.00,6807.00,1.840000,1.500000,287.1302407,48.6653470
"Kepler-1138 b","Kepler-1138",1,1,"Transit",2016,3.17060005000,1.70000000,3.53000000,1080.00,5582.00,0.920000,0.950000,285.8993164,48.3072850
"Kepler-1139 b","Kepler-1139",1,1,"Transit",2016,0.81316671900,1.19000000,1.81000000,1693.00,5550.00,0.910000,0.940000,287.9455985,39.2305281
"Kepler-114 b","Kepler-114",1,3,"Transit",2014,5.18854900000,1.26000000,1.09000000,586.00,4605.00,0.667000,0.770000,294.1214820,48.3497977
"Kepler-114 c","Kepler-114",1,3,"Transit",2013,8.04100000000,1.60000000,2.80000000,507.00,4660.00,0.540000,0.560000,294.1214820,48.3497977
"Kepler-1140 b","Kepler-1140",1,1,"Transit",2016,24.08627070000,2.77000000,8.10000000,500.00,4850.00,0.730000,0.760000,281.6940529,46.9465210
"Kepler-1142 b","Kepler-1142",1,1,"Transit",2016,18.30272480000,1.47000000,2.76000000,902.00,5685.00,0.960000,0.970000,292.7144796,44.0822816
"Kepler-1143 b","Kepler-1143",1,2,"Transit",2016,2.88890484900,1.67000000,3.43000000,976.00,5053.00,0.770000,0.810000,287.3027720,39.2896399
"Kepler-1143 c","Kepler-1143",1,2,"Transit",2016,210.63059100000,3.60000000,12.60000000,234.00,5053.00,0.770000,0.810000,287.3027720,39.2896399
"Kepler-1146 b","Kepler-1146",1,1,"Transit",2016,2.35226579700,1.23000000,2.04000000,1019.00,4692.00,0.700000,0.740000,286.7167120,47.4256580
"Kepler-115 b","Kepler-115",1,2,"Transit",2014,2.40367900000,1.09000000,1.32000000,1489.00,5979.00,1.205000,1.042000,297.7119299,45.2619850
"Kepler-115 c","Kepler-115",1,2,"Transit",2014,8.99088900000,2.60000000,7.27000000,960.00,5979.00,1.205000,1.042000,297.7119299,45.2619850
"Kepler-1150 b","Kepler-1150",2,1,"Transit",2016,2.78786838600,1.02000000,1.04000000,1432.00,4754.00,0.720000,0.760000,296.7244553,49.5326846
"Kepler-1151 b","Kepler-1151",1,1,"Transit",2016,65.64784240000,2.22000000,5.56000000,485.00,5470.00,0.850000,0.880000,292.2477819,47.8784257
"Kepler-1153 b","Kepler-1153",1,1,"Transit",2016,1.75583532700,1.73000000,3.64000000,1343.00,5470.00,0.880000,0.910000,289.1471849,45.8661300
"Kepler-1154 b","Kepler-1154",1,2,"Transit",2016,5.18561420000,2.34000000,6.08000000,1314.00,6327.00,1.430000,1.260000,297.4771158,39.8772345
"Kepler-1154 c","Kepler-1154",1,2,"Transit",2016,8.45808312000,2.36000000,6.17000000,1117.00,6327.00,1.430000,1.260000,297.4771158,39.8772345
"Kepler-1157 b","Kepler-1157",1,1,"Transit",2016,4.45743164000,1.09000000,1.32000000,732.00,4679.00,0.710000,0.760000,283.1209268,43.5255701
"Kepler-1159 b","Kepler-1159",1,1,"Transit",2016,22.70816791000,2.37000000,6.21000000,677.00,6217.00,1.280000,1.190000,294.2663250,45.2042317
"Kepler-116 b","Kepler-116",1,2,"Transit",2014,5.96873400000,3.42000000,11.60000000,1251.00,6142.00,1.454000,1.198000,294.7420605,43.5367842
"Kepler-116 c","Kepler-116",1,2,"Transit",2014,13.07163000000,2.30000000,5.90000000,964.00,6142.00,1.454000,1.198000,294.7420605,43.5367842
"Kepler-117 b","Kepler-117",1,2,"Transit",2014,18.79592280000,8.05900000,29.87500000,984.00,6150.00,1.606000,1.129000,288.7930651,48.0401760
"Kepler-117 c","Kepler-117",1,2,"Transit",2014,50.79039100000,12.34100000,584.78000000,704.00,6150.00,1.606000,1.129000,288.7930651,48.0401760
"Kepler-1173 b","Kepler-1173",1,1,"Transit",2016,0.76985360000,0.89000000,0.64000000,1650.00,5252.00,0.820000,0.860000,293.1311803,45.6634153
"Kepler-1174 b","Kepler-1174",1,1,"Transit",2016,6.89225223000,1.59000000,3.15000000,1156.00,5936.00,1.040000,1.040000,281.8314296,42.2988910
"Kepler-1175 b","Kepler-1175",1,1,"Transit",2016,37.94563000000,2.99000000,9.22000000,515.00,5453.00,0.860000,0.900000,289.1426847,46.8129656
"Kepler-1176 b","Kepler-1176",1,1,"Transit",2016,24.17385790000,2.45000000,6.57000000,595.00,5844.00,1.020000,1.010000,297.9197240,45.2742038
"Kepler-1178 b","Kepler-1178",1,1,"Transit",2016,31.80634000000,1.07000000,1.24000000,378.00,4990.00,0.750000,0.800000,288.4561183,45.8022258
"Kepler-118 b","Kepler-118",1,2,"Transit",2014,7.51849600000,1.96000000,4.50000000,784.00,5274.00,1.094000,0.811000,299.2131881,41.4248195
"Kepler-118 c","Kepler-118",1,2,"Transit",2014,20.17202000000,7.68000000,45.70000000,564.00,5274.00,1.094000,0.811000,299.2131881,41.4248195
"Kepler-1183 b","Kepler-1183",1,1,"Transit",2016,28.50571890000,2.82000000,8.35000000,555.00,5765.00,0.990000,1.000000,292.2324228,38.8921946
"Kepler-1187 b","Kepler-1187",1,1,"Transit",2016,18.87064068000,2.61000000,7.32000000,701.00,5975.00,1.090000,1.060000,286.8919996,38.3185034
"Kepler-1188 b","Kepler-1188",1,1,"Transit",2016,17.13695430000,2.08000000,4.98000000,775.00,5913.00,1.060000,1.040000,283.1038438,43.1480487
"Kepler-119 c","Kepler-119",1,2,"Transit",2014,4.12510300000,0.92000000,0.72100000,1016.00,5595.00,0.839000,0.918000,295.9463854,42.6588324
"Kepler-1190 b","Kepler-1190",1,1,"Transit",2016,10.45843441000,1.33000000,2.33000000,609.00,4730.00,0.720000,0.760000,284.9996582,49.4799506
"Kepler-1191 b","Kepler-1191",1,1,"Transit",2016,5.60014851000,1.51000000,2.89000000,952.00,5308.00,0.810000,0.850000,291.6577923,48.0092619
"Kepler-1195 b","Kepler-1195",1,1,"Transit",2016,8.49642241000,2.08000000,4.98000000,702.00,4965.00,0.710000,0.740000,284.3510523,40.8529319
"Kepler-1196 b","Kepler-1196",1,1,"Transit",2016,66.18490310000,2.23000000,5.60000000,436.00,5756.00,0.970000,0.980000,292.3695850,43.9108663
"Kepler-1197 b","Kepler-1197",1,1,"Transit",2016,2.03231845000,1.25000000,2.10000000,1011.00,4708.00,0.720000,0.780000,291.6693437,42.5907441
"Kepler-12 b","Kepler-12",1,1,"Transit",2011,4.43796290000,19.66058600,137.30256000,1480.00,5947.00,1.483000,1.166000,286.2434458,50.0403671
"Kepler-120 b","Kepler-120",1,2,"Transit",2014,6.31250100000,2.15000000,8.50000000,575.00,4096.00,0.534000,0.654000,287.8915707,39.3390979
"Kepler-120 c","Kepler-120",1,2,"Transit",2014,12.79458500000,1.53000000,2.96000000,455.00,4096.00,0.534000,0.654000,287.8915707,39.3390979
"Kepler-1200 b","Kepler-1200",1,1,"Transit",2016,1.11854971700,1.06000000,1.20000000,1174.00,4612.00,0.700000,0.740000,296.6034317,44.1292537
"Kepler-1201 b","Kepler-1201",1,1,"Transit",2016,15.18725932000,2.29000000,5.86000000,789.00,6177.00,1.240000,1.150000,294.6147908,40.8331158
"Kepler-1207 b","Kepler-1207",1,1,"Transit",2016,13.68237119000,1.62000000,3.26000000,802.00,5909.00,1.060000,1.060000,295.0641963,49.3589615
"Kepler-1208 b","Kepler-1208",1,1,"Transit",2016,11.08507637000,2.32000000,5.99000000,665.00,5001.00,0.760000,0.800000,291.8812445,44.5557587
"Kepler-121 b","Kepler-121",1,2,"Transit",2014,3.17742200000,2.34000000,6.08000000,997.00,5311.00,0.701000,0.859000,286.1621273,39.6780204
"Kepler-1210 b","Kepler-1210",1,1,"Transit",2016,8.07124073000,1.70000000,3.53000000,856.00,5568.00,0.920000,0.940000,292.8321598,48.2193376
"Kepler-1211 b","Kepler-1211",1,1,"Transit",2016,11.01816836000,2.55000000,7.04000000,840.00,5705.00,0.940000,0.960000,285.7207618,40.8569116
"Kepler-1215 b","Kepler-1215",1,1,"Transit",2016,4.76703963000,1.22000000,1.98000000,1046.00,5616.00,0.930000,0.950000,297.4636477,48.1813978
"Kepler-1218 b","Kepler-1218",1,1,"Transit",2016,22.92212660000,1.44000000,2.67000000,684.00,5986.00,1.100000,1.060000,291.5788505,44.5316825
"Kepler-1219 b","Kepler-1219",1,1,"Transit",2016,16.10467749000,2.12000000,5.14000000,1159.00,5944.00,1.940000,1.250000,297.2158443,47.3785082
"Kepler-122 b","Kepler-122",1,5,"Transit",2014,5.76619300000,2.34000000,6.08000000,1159.00,6050.00,1.216000,0.982000,291.1118647,39.9490248
"Kepler-122 c","Kepler-122",1,5,"Transit",2014,12.46598800000,5.87000000,29.00000000,897.00,6050.00,1.216000,0.982000,291.1118647,39.9490248
"Kepler-122 e","Kepler-122",1,5,"Transit",2014,37.99327300000,2.60000000,27.70000000,618.00,6050.00,1.216000,0.982000,291.1118647,39.9490248
"Kepler-122 f","Kepler-122",1,5,"Transit",2014,56.26800000000,1.75000000,36.00000000,543.00,5917.00,0.949000,1.030000,291.1118647,39.9490248
"Kepler-1220 b","Kepler-1220",1,1,"Transit",2016,7.42693741000,1.52000000,2.92000000,899.00,5842.00,0.990000,1.000000,297.0703980,42.9777396
"Kepler-1222 b","Kepler-1222",1,1,"Transit",2016,1.91694425400,0.79000000,0.41800000,1246.00,5239.00,0.800000,0.840000,294.8896160,49.3798215
"Kepler-1224 b","Kepler-1224",1,1,"Transit",2016,13.32351601000,1.33000000,2.33000000,872.00,6155.00,1.220000,1.180000,286.6257591,37.5373130
"Kepler-1225 b","Kepler-1225",1,1,"Transit",2016,7.01075434000,1.82000000,3.97000000,1453.00,6140.00,1.190000,1.130000,290.6332748,40.1369671
"Kepler-1228 b","Kepler-1228",1,1,"Transit",2016,0.57736957900,1.54000000,2.99000000,1757.00,5063.00,0.740000,0.780000,296.5527610,46.9661945
"Kepler-1231 b","Kepler-1231",1,1,"Transit",2016,10.41725184000,1.42000000,2.60000000,870.00,5778.00,1.000000,1.010000,288.5882888,42.6056644
"Kepler-1239 b","Kepler-1239",1,1,"Transit",2016,5.19104016000,2.90000000,8.75000000,1183.00,6564.00,1.570000,1.400000,293.1273357,42.3200578
"Kepler-124 b","Kepler-124",1,3,"Transit",2014,3.41049300000,0.73000000,0.31500000,892.00,4984.00,0.636000,0.706000,286.7527322,49.0648788
"Kepler-124 c","Kepler-124",1,3,"Transit",2014,13.82137500000,1.75000000,3.71000000,560.00,4984.00,0.636000,0.706000,286.7527322,49.0648788
"Kepler-124 d","Kepler-124",1,3,"Transit",2014,30.95085100000,1.11000000,1.41000000,428.00,4984.00,0.636000,0.706000,286.7527322,49.0648788
"Kepler-1240 b","Kepler-1240",1,1,"Transit",2016,4.86638150000,1.15000000,1.60000000,1121.00,5682.00,0.960000,0.980000,282.9997682,40.5574322
"Kepler-1245 b","Kepler-1245",1,2,"Transit",2016,4.35409304000,1.44000000,2.67000000,1043.00,5306.00,0.830000,0.860000,290.7443078,43.2607530
"Kepler-1245 c","Kepler-1245",1,2,"Transit",2016,2.93658468100,1.44000000,2.67000000,1190.00,5306.00,0.830000,0.860000,290.7443078,43.2607530
"Kepler-1247 b","Kepler-1247",1,1,"Transit",2016,13.71220213000,2.33000000,6.04000000,676.00,5303.00,0.820000,0.860000,294.5335974,46.6182365
"Kepler-125 b","Kepler-125",1,2,"Transit",2014,4.16438900000,2.37000000,6.21000000,590.00,3810.00,0.512000,0.542101,298.2581101,47.6050031
"Kepler-1254 b","Kepler-1254",1,3,"Transit",2016,9.99113313000,1.55000000,3.02000000,660.00,4985.00,0.750000,0.780000,285.1733174,48.7700099
"Kepler-1254 d","Kepler-1254",1,3,"Transit",2016,5.72717226000,1.31000000,2.27000000,794.00,4985.00,0.750000,0.780000,285.1733174,48.7700099
"Kepler-1258 b","Kepler-1258",1,1,"Transit",2016,0.98494016700,0.86000000,0.56600000,2335.00,5839.00,0.990000,0.990000,285.4049723,49.9948186
"Kepler-1259 b","Kepler-1259",1,1,"Transit",2016,0.66308525800,1.43000000,2.63000000,1681.00,5053.00,0.770000,0.800000,297.8414628,46.9676288
"Kepler-126 b","Kepler-126",1,3,"Transit",2014,10.49571100000,1.52000000,4.11726105,1009.00,6239.00,1.358000,1.108000,289.3473634,44.2084445
"Kepler-126 d","Kepler-126",1,3,"Transit",2014,100.28313400000,2.50000000,54.59018723,475.00,6239.00,1.358000,1.108000,289.3473634,44.2084445
"Kepler-1262 b","Kepler-1262",1,1,"Transit",2016,8.67900242000,1.82000000,3.97000000,949.00,5771.00,0.980000,0.990000,288.7718287,42.2131694
"Kepler-1263 b","Kepler-1263",1,1,"Transit",2016,4.55139967000,1.14000000,1.55000000,907.00,5213.00,0.800000,0.840000,286.4836260,46.7526182
"Kepler-1265 b","Kepler-1265",1,1,"Transit",2016,6.49441289000,1.35000000,2.39000000,732.00,4630.00,0.690000,0.710000,284.5858364,47.0795646
"Kepler-1267 b","Kepler-1267",1,1,"Transit",2016,13.03139450000,3.01000000,9.32000000,774.00,6096.00,1.200000,1.150000,299.1695093,43.4410533
"Kepler-127 b","Kepler-127",1,3,"Transit",2014,14.43588900000,1.40000000,2.54000000,884.00,6106.00,1.359000,1.248000,285.1899439,46.0280596
"Kepler-127 d","Kepler-127",1,3,"Transit",2014,48.63040800000,2.64000000,7.46000000,590.00,6106.00,1.359000,1.248000,285.1899439,46.0280596
"Kepler-1274 b","Kepler-1274",1,1,"Transit",2016,6.98152703000,1.42000000,2.60000000,1384.00,6179.00,2.170000,1.450000,284.5936858,46.4497364
"Kepler-1275 b","Kepler-1275",1,1,"Transit",2016,3.65691115000,1.48000000,2.79000000,1368.00,6296.00,1.360000,1.230000,293.5004955,44.9324455
"Kepler-128 b","Kepler-128",1,2,"Transit",2013,15.00000000000,1.42100000,3.79000000,968.00,6072.00,1.659000,1.184000,282.4922622,43.9802442
"Kepler-1281 b","Kepler-1281",1,1,"Transit",2016,3.11602791000,1.64000000,3.33000000,1123.00,5353.00,0.830000,0.870000,295.3543571,48.5153932
"Kepler-1285 b","Kepler-1285",1,1,"Transit",2016,14.79674580000,0.97000000,0.87100000,874.00,6170.00,1.280000,1.200000,281.8353366,44.1558825
"Kepler-1286 b","Kepler-1286",1,1,"Transit",2016,11.25402929000,2.15000000,5.27000000,888.00,5753.00,0.980000,1.000000,280.2583709,43.8357433
"Kepler-1287 b","Kepler-1287",1,1,"Transit",2016,11.47685909000,1.54000000,2.99000000,796.00,5715.00,0.940000,0.960000,289.1346298,47.0630180
"Kepler-1288 b","Kepler-1288",1,1,"Transit",2016,2.76122421000,1.12000000,1.46000000,2017.00,6132.00,1.290000,1.200000,285.7135000,41.6058799
"Kepler-129 b","Kepler-129",1,3,"Transit",2014,15.79000000000,2.40000000,20.00000000,910.00,5770.00,1.653000,1.178000,285.3111845,47.8484775
"Kepler-129 d","Kepler-129",1,3,"Radial Velocity",2021,2646.00000000000,12.60000000,2637.97577810,178.86,5770.00,1.653000,1.178000,285.3111845,47.8484775
"Kepler-1290 b","Kepler-1290",1,1,"Transit",2016,4.69500134000,1.42000000,2.60000000,1098.00,5660.00,0.930000,0.950000,290.6852287,43.8596155
"Kepler-1291 b","Kepler-1291",1,1,"Transit",2016,8.63043276000,1.66000000,3.39000000,739.00,5216.00,0.800000,0.840000,289.3770051,40.0010791
"Kepler-1292 b","Kepler-1292",1,1,"Transit",2016,3.27646405000,1.82000000,3.97000000,1195.00,5556.00,0.930000,0.950000,284.9057222,43.9491434
"Kepler-1298 b","Kepler-1298",1,1,"Transit",2016,7.12811928000,1.31000000,2.27000000,1373.00,6339.00,2.000000,1.450000,284.4227535,49.1061907
"Kepler-1299 b","Kepler-1299",1,1,"Transit",2016,19.94008740000,2.98000000,9.17000000,588.00,5609.00,0.910000,0.940000,286.1501263,37.4113438
"Kepler-130 b","Kepler-130",2,3,"Transit",2014,8.45745800000,1.02000000,1.04000000,982.00,5884.00,1.127000,0.927000,288.4505905,40.2452006
"Kepler-130 c","Kepler-130",2,3,"Transit",2014,27.50868000000,2.90000000,8.75000000,683.00,5879.00,1.170000,1.000000,288.4505905,40.2452006
"Kepler-130 d","Kepler-130",2,3,"Transit",2014,87.51790500000,1.64000000,3.33000000,451.00,5884.00,1.127000,0.927000,288.4505905,40.2452006
"Kepler-1301 b","Kepler-1301",1,1,"Transit",2016,9.08237046000,1.40000000,2.54000000,734.00,5188.00,0.810000,0.850000,286.6041816,42.4403309
"Kepler-1303 b","Kepler-1303",1,1,"Transit",2016,7.56127224000,1.42000000,2.60000000,891.00,5771.00,1.000000,1.010000,284.2871470,42.3555784
"Kepler-1305 b","Kepler-1305",1,1,"Transit",2016,13.56309720000,1.88000000,4.19000000,733.00,5701.00,0.960000,0.970000,297.3394624,46.3472165
"Kepler-1306 b","Kepler-1306",1,1,"Transit",2016,16.29595382000,1.91000000,4.31000000,678.00,5727.00,0.970000,0.980000,294.4783627,46.9458638
"Kepler-131 b","Kepler-131",1,2,"Transit",2014,16.09200000000,2.41000000,16.13000000,718.00,5685.00,1.030000,1.020000,288.5308924,40.9423730
"Kepler-131 c","Kepler-131",1,2,"Transit",2014,25.51690000000,0.84000000,8.25000000,615.00,5685.00,1.030000,1.020000,288.5308924,40.9423730
"Kepler-1311 b","Kepler-1311",1,3,"Transit",2016,11.17269940000,1.24000000,2.07000000,1019.00,5748.00,1.400000,1.050000,289.6512597,43.8244445
"Kepler-1311 d","Kepler-1311",1,3,"Transit",2021,197.51100160000,9.65837605,67.50000000,391.00,5616.00,1.674000,1.032000,289.6512597,43.8244445
"Kepler-1315 b","Kepler-1315",1,2,"Transit",2016,0.84338011000,1.38000000,2.48000000,1541.00,4861.00,0.750000,0.800000,295.8215678,46.0530562
"Kepler-1315 c","Kepler-1315",1,2,"Transit",2021,6.56606006600,1.84398883,4.06000000,777.00,4818.00,0.856000,0.809000,295.8215678,46.0530562
"Kepler-1316 b","Kepler-1316",1,1,"Transit",2016,87.97321360000,3.54000000,12.30000000,446.00,5884.00,1.120000,1.040000,298.8358277,40.2930714
"Kepler-132 b","Kepler-132",2,4,"Transit",2014,6.17819600000,1.21000000,1.92000000,1082.00,6003.00,1.178000,0.929000,283.2358100,41.3430370
"Kepler-132 c","Kepler-132",2,4,"Transit",2014,6.41491400000,1.28000000,2.18000000,1069.00,6003.00,1.178000,0.929000,283.2358100,41.3430370
"Kepler-132 d","Kepler-132",2,4,"Transit",2014,18.01019900000,1.55000000,3.02000000,758.00,6003.00,1.178000,0.929000,283.2358100,41.3430370
"Kepler-1322 c","Kepler-1322",1,2,"Transit",2021,6.45998001100,2.15492527,5.29000000,883.00,5704.00,0.804000,0.897000,293.2045009,45.4353919
"Kepler-1323 b","Kepler-1323",1,1,"Transit",2016,0.92990667800,1.52000000,2.92000000,2291.00,6169.00,1.400000,1.180000,292.8722515,46.0987290
"Kepler-1325 b","Kepler-1325",1,1,"Transit",2016,33.87868380000,2.86000000,8.55000000,564.00,5550.00,0.910000,0.930000,285.0171505,42.0853120
"Kepler-1326 b","Kepler-1326",1,1,"Transit",2016,42.35142670000,4.18000000,16.30000000,938.00,6725.00,1.740000,1.450000,296.2221990,39.2689420
"Kepler-133 b","Kepler-133",1,2,"Transit",2014,8.12997600000,1.76000000,3.75000000,1041.00,5736.00,1.425000,1.020000,297.2778906,48.3203542
"Kepler-133 c","Kepler-133",1,2,"Transit",2014,31.51758600000,2.84000000,8.45000000,663.00,5736.00,1.425000,1.020000,297.2778906,48.3203542
"Kepler-1333 b","Kepler-1333",1,1,"Transit",2016,109.64718420000,2.81000000,8.30000000,428.00,5628.00,0.920000,0.940000,293.5275797,41.1113940
"Kepler-1334 b","Kepler-1334",1,1,"Transit",2016,15.64591713000,2.29000000,5.86000000,710.00,5614.00,0.910000,0.940000,289.3115320,51.3209059
"Kepler-1336 c","Kepler-1336",1,2,"Transit",2016,5.77721211000,1.71000000,3.57000000,1260.00,5512.00,1.300000,0.940000,296.2776587,46.8998006
"Kepler-1338 b","Kepler-1338",1,1,"Transit",2016,0.93511805700,0.92000000,0.72100000,2124.00,5909.00,1.050000,1.040000,284.0422701,41.6990348
"Kepler-134 b","Kepler-134",1,2,"Transit",2014,5.31742900000,2.00000000,4.66000000,1105.00,5983.00,1.176000,0.956000,284.7391156,49.5984448
"Kepler-134 c","Kepler-134",1,2,"Transit",2014,10.10578500000,1.26000000,2.13000000,892.00,5983.00,1.176000,0.956000,284.7391156,49.5984448
"Kepler-1340 b","Kepler-1340",1,1,"Transit",2016,0.66502691600,1.55000000,3.02000000,2174.00,6331.00,1.420000,1.270000,296.2328099,42.4727965
"Kepler-1342 b","Kepler-1342",1,1,"Transit",2016,2.21571035800,1.66000000,3.39000000,1283.00,5527.00,0.900000,0.930000,297.0200549,43.4325382
"Kepler-1346 b","Kepler-1346",1,1,"Transit",2016,3.40165668000,1.58000000,3.12000000,1236.00,6133.00,1.210000,1.140000,291.8413410,45.1791850
"Kepler-1349 b","Kepler-1349",1,1,"Transit",2016,2.12823928000,0.70000000,0.27100000,1668.00,6086.00,1.280000,1.160000,286.3385562,48.7442697
"Kepler-135 b","Kepler-135",1,2,"Transit",2014,6.00253000000,1.81000000,3.93000000,1209.00,6090.00,1.275000,1.047000,290.4950939,38.7954956
"Kepler-135 c","Kepler-135",1,2,"Transit",2014,11.44870800000,1.16000000,1.65000000,975.00,6090.00,1.275000,1.047000,290.4950939,38.7954956
"Kepler-1355 b","Kepler-1355",1,1,"Transit",2016,1.28958811200,1.46000000,2.73000000,1448.00,5352.00,0.830000,0.880000,283.7414249,49.0679833
"Kepler-1357 b","Kepler-1357",1,1,"Transit",2016,3.00913240000,1.28000000,2.18000000,1177.00,5597.00,0.900000,0.930000,291.5480665,50.3532584
"Kepler-1358 b","Kepler-1358",1,1,"Transit",2016,7.06317341000,1.12000000,1.46000000,827.00,5181.00,0.790000,0.820000,286.1705469,43.0089000
"Kepler-136 b","Kepler-136",2,2,"Transit",2014,11.57890000000,2.05000000,19.80000000,951.00,6165.00,1.355000,1.204000,296.4673039,42.5987984
"Kepler-136 c","Kepler-136",2,2,"Transit",2014,16.39923500000,1.99000000,4.62000000,847.00,6165.00,1.355000,1.204000,296.4673039,42.5987984
"Kepler-1361 b","Kepler-1361",1,1,"Transit",2016,3.57554956000,0.86000000,0.56600000,1061.00,5131.00,0.790000,0.830000,283.5653603,46.9042278
"Kepler-1363 b","Kepler-1363",1,1,"Transit",2016,2.94194094000,1.25000000,2.10000000,988.00,4839.00,0.720000,0.760000,296.9964872,49.2563228
"Kepler-1365 b","Kepler-1365",1,2,"Transit",2016,7.69993485000,0.92000000,0.72100000,969.00,5770.00,1.050000,1.000000,292.1996573,42.0459944
"Kepler-1365 c","Kepler-1365",1,2,"Transit",2016,4.77468005000,0.80000000,0.43700000,1137.00,5770.00,1.050000,1.000000,292.1996573,42.0459944
"Kepler-137 b","Kepler-137",1,2,"Transit",2014,8.43638700000,1.47000000,2.76000000,742.00,5187.00,0.802000,0.850000,282.1355875,43.0391951
"Kepler-137 c","Kepler-137",1,2,"Transit",2014,18.73575300000,1.88000000,4.19000000,568.00,5187.00,0.802000,0.850000,282.1355875,43.0391951
"Kepler-1375 b","Kepler-1375",1,1,"Transit",2016,3.30041920000,1.74000000,3.68000000,1543.00,6704.00,1.780000,1.470000,296.2935173,43.4032189
"Kepler-1376 b","Kepler-1376",1,1,"Transit",2016,5.30880656000,1.05000000,1.16000000,1042.00,5659.00,0.970000,0.980000,286.9584368,42.5414090
"Kepler-1379 b","Kepler-1379",1,1,"Transit",2016,0.88184114600,1.30000000,2.24000000,1564.00,5188.00,0.790000,0.830000,293.6704404,41.4102105
"Kepler-138 b","Kepler-138",1,4,"Transit",2014,10.31340000000,0.64000000,0.07000000,452.00,3841.00,0.535000,0.535000,290.3814122,43.2930645
"Kepler-138 c","Kepler-138",1,4,"Transit",2014,13.78150000000,1.51000000,2.30000000,410.00,3841.00,0.535000,0.535000,290.3814122,43.2930645
"Kepler-138 e","Kepler-138",1,4,"Transit Timing Variations",2022,38.23000000000,0.79700000,0.43000000,292.00,3841.00,0.535000,0.535000,290.3814122,43.2930645
"Kepler-1382 b","Kepler-1382",1,1,"Transit",2016,16.35830550000,1.88000000,4.19000000,959.00,6161.00,1.720000,1.360000,295.3774182,39.0480365
"Kepler-1386 b","Kepler-1386",1,1,"Transit",2016,6.73972381000,1.24000000,2.07000000,1011.00,5733.00,1.030000,1.020000,280.8233646,42.6360518
"Kepler-1388 b","Kepler-1388",1,4,"Transit",2016,12.28546030000,2.59000000,7.22000000,434.00,4098.00,0.610000,0.630000,283.3360156,47.1744499
"Kepler-1388 c","Kepler-1388",1,4,"Transit",2016,5.53608151000,2.26000000,5.73000000,566.00,4098.00,0.610000,0.630000,283.3360156,47.1744499
"Kepler-1388 e","Kepler-1388",1,4,"Transit",2016,37.63270840000,2.46000000,6.62000000,299.00,4098.00,0.610000,0.630000,283.3360156,47.1744499
"Kepler-139 b","Kepler-139",1,5,"Transit",2014,15.77104400000,2.94000000,7.00000000,752.00,5594.00,1.300000,1.078000,282.3919451,43.8894167
"Kepler-139 c","Kepler-139",1,5,"Transit",2014,157.07287800000,3.38000000,13.00000000,350.00,5594.00,1.300000,1.078000,282.3919451,43.8894167
"Kepler-139 d","Kepler-139",1,5,"Transit",2023,7.30569992200,1.69500000,2.00000000,972.00,5622.00,1.045000,1.078000,282.3919451,43.8894167
"Kepler-1394 b","Kepler-1394",1,1,"Transit",2016,3.93766373000,1.39000000,2.51000000,1947.00,6481.00,2.550000,1.640000,283.4532068,45.0840729
"Kepler-1399 b","Kepler-1399",1,1,"Transit",2016,1.63865305800,1.25000000,2.10000000,1610.00,5735.00,0.960000,0.970000,293.3116962,46.0416516
"Kepler-14 b","Kepler-14",2,1,"Transit",2011,6.79012300000,12.73300000,2669.66000000,1605.00,6395.00,2.048000,1.512000,287.7088140,47.3330500
"Kepler-140 b","Kepler-140",1,2,"Transit",2014,3.25427000000,1.61000000,3.22000000,1301.00,6077.00,1.288000,1.044000,287.3694056,46.7681473
"Kepler-140 c","Kepler-140",1,2,"Transit",2014,91.35328200000,1.80000000,3.89000000,428.00,6077.00,1.288000,1.044000,287.3694056,46.7681473
"Kepler-1404 b","Kepler-1404",1,1,"Transit",2016,15.93147390000,2.01000000,4.70000000,596.00,5261.00,0.800000,0.840000,296.0094827,50.4983929
"Kepler-1406 b","Kepler-1406",1,1,"Transit",2016,11.62905828000,1.10000000,1.37000000,854.00,5892.00,1.120000,1.050000,292.0818824,38.9149472
"Kepler-141 b","Kepler-141",1,2,"Transit",2014,3.10767500000,0.69000000,0.25700000,968.00,4910.00,0.787000,0.878000,297.9707271,47.7316041
"Kepler-141 c","Kepler-141",1,2,"Transit",2014,7.01060600000,1.41000000,2.57000000,738.00,4910.00,0.787000,0.878000,297.9707271,47.7316041
"Kepler-1412 b","Kepler-1412",1,1,"Transit",2016,3.61460510000,0.83000000,0.49800000,1397.00,5880.00,1.270000,1.060000,292.1801539,49.2024810
"Kepler-1414 b","Kepler-1414",1,1,"Transit",2016,3.51576315000,1.23000000,2.04000000,1033.00,4951.00,0.750000,0.800000,284.9285796,42.4223085
"Kepler-1416 b","Kepler-1416",1,1,"Transit",2016,1.49514952000,0.88000000,0.61500000,1870.00,6019.00,1.150000,1.090000,298.6634624,43.8940593
"Kepler-1418 b","Kepler-1418",1,1,"Transit",2016,22.47644250000,1.66000000,3.39000000,419.00,4770.00,0.720000,0.770000,282.9975322,41.6785900
"Kepler-142 b","Kepler-142",1,3,"Transit",2014,2.02415200000,1.99000000,4.62000000,1597.00,5790.00,1.269000,0.978000,295.1190067,48.4813635
"Kepler-142 c","Kepler-142",1,3,"Transit",2014,4.76170200000,2.86000000,8.55000000,1201.00,5790.00,1.269000,0.978000,295.1190067,48.4813635
"Kepler-142 d","Kepler-142",1,3,"Transit",2014,41.80911800000,2.16000000,5.31000000,582.00,5790.00,1.269000,0.978000,295.1190067,48.4813635
"Kepler-1420 b","Kepler-1420",1,1,"Transit",2016,6.69960006000,1.28000000,2.18000000,806.00,5187.00,0.790000,0.820000,296.2038586,42.7778165
"Kepler-1421 b","Kepler-1421",1,1,"Transit",2016,6.91311120000,0.93000000,0.74900000,1209.00,6335.00,1.420000,1.250000,286.5806115,48.5442312
"Kepler-1424 b","Kepler-1424",1,1,"Transit",2016,29.60917440000,1.16000000,1.65000000,629.00,5838.00,1.070000,1.020000,290.9916648,40.2293347
"Kepler-1426 b","Kepler-1426",1,1,"Transit",2016,14.25632270000,1.56000000,3.05000000,797.00,5831.00,1.020000,1.020000,292.5457096,49.4168981
"Kepler-143 b","Kepler-143",1,2,"Transit",2014,16.00758300000,2.41000000,6.39000000,838.00,5848.00,1.359000,0.982000,298.0676519,49.4125410
"Kepler-143 c","Kepler-143",1,2,"Transit",2014,27.08251100000,3.37000000,11.30000000,703.00,5848.00,1.359000,0.982000,298.0676519,49.4125410
"Kepler-1432 b","Kepler-1432",1,1,"Transit",2016,23.91090110000,2.22000000,5.56000000,709.00,6031.00,1.130000,1.090000,295.5241011,49.8295211
"Kepler-1436 b","Kepler-1436",1,1,"Transit",2016,9.70571600000,1.31000000,2.27000000,1001.00,5972.00,1.090000,1.060000,297.7115530,46.7679816
"Kepler-1437 b","Kepler-1437",1,1,"Transit",2016,10.92954610000,1.37000000,2.45000000,770.00,5557.00,0.900000,0.930000,291.8649164,49.3258690
"Kepler-1439 b","Kepler-1439",1,1,"Transit",2016,8.07392849000,1.46000000,2.73000000,420.00,3578.00,0.430000,0.460000,285.7396971,40.9798688
"Kepler-144 b","Kepler-144",1,2,"Transit",2014,5.88527300000,1.33000000,2.33000000,1253.00,6075.00,1.235000,1.154000,281.9156128,42.7755535
"Kepler-144 c","Kepler-144",1,2,"Transit",2014,10.10466500000,1.35000000,2.39000000,1046.00,6075.00,1.235000,1.154000,281.9156128,42.7755535
"Kepler-1440 b","Kepler-1440",1,1,"Transit",2016,39.85948400000,1.26000000,2.13000000,597.00,5698.00,0.960000,0.980000,285.3469737,48.3122283
"Kepler-1441 b","Kepler-1441",1,1,"Transit",2016,39.44198390000,1.31000000,2.27000000,682.00,5802.00,1.000000,1.000000,293.7191177,43.1245756
"Kepler-1447 b","Kepler-1447",1,1,"Transit",2016,56.67472850000,2.90000000,8.75000000,522.00,5722.00,0.950000,0.970000,289.6434285,50.7270160
"Kepler-145 b","Kepler-145",1,2,"Transit",2013,22.95100000000,2.65000000,37.10000000,873.00,6022.00,1.850000,1.320000,291.3877397,44.5290465
"Kepler-145 c","Kepler-145",1,2,"Transit",2013,42.88200000000,4.32000000,79.40000000,709.00,6022.00,1.850000,1.320000,291.3877397,44.5290465
"Kepler-1456 b","Kepler-1456",1,1,"Transit",2016,18.13738290000,1.14000000,1.55000000,433.00,4231.00,0.620000,0.640000,286.9453381,43.8228023
"Kepler-1459 b","Kepler-1459",1,1,"Transit",2016,62.86916110000,1.36000000,2.42000000,349.00,4828.00,0.740000,0.780000,282.4229401,46.0139761
"Kepler-146 c","Kepler-146",1,2,"Transit",2014,76.73217100000,3.13000000,9.96000000,473.00,5948.00,1.208000,1.079000,294.1107631,38.7102222
"Kepler-1460 b","Kepler-1460",1,1,"Transit",2016,29.96332470000,1.96000000,4.50000000,391.00,4422.00,0.670000,0.700000,285.5577888,44.0108221
"Kepler-1462 b","Kepler-1462",1,1,"Transit",2016,65.64883410000,3.82000000,14.00000000,390.00,5756.00,1.000000,1.000000,296.3975420,42.3969273
"Kepler-1464 b","Kepler-1464",1,2,"Transit",2016,31.77859010000,1.66000000,3.39000000,564.00,5828.00,1.010000,1.020000,287.2356828,38.7540824
"Kepler-1467 b","Kepler-1467",1,1,"Transit",2016,47.05690430000,3.30000000,10.90000000,411.00,5332.00,0.820000,0.860000,295.0485389,45.3426781
"Kepler-147 b","Kepler-147",1,2,"Transit",2014,12.61058400000,1.53000000,2.96000000,953.00,6012.00,1.468000,1.145000,287.9757213,39.0871680
"Kepler-147 c","Kepler-147",1,2,"Transit",2014,33.41642300000,2.43000000,6.48000000,689.00,6012.00,1.468000,1.145000,287.9757213,39.0871680
"Kepler-148 b","Kepler-148",1,3,"Transit",2014,1.72936600000,1.80000000,3.89000000,1284.00,5272.00,0.851000,0.860000,289.7861626,46.8588176
"Kepler-148 c","Kepler-148",1,3,"Transit",2014,4.18004300000,3.60000000,12.60000000,957.00,5272.00,0.851000,0.860000,289.7861626,46.8588176
"Kepler-1482 b","Kepler-1482",1,1,"Transit",2016,12.25383217000,1.01000000,1.01000000,678.00,5381.00,0.840000,0.880000,285.3138209,48.7252700
"Kepler-1487 c","Kepler-1487",1,2,"Transit",2023,35.80071120000,7.97000000,48.70000000,991.00,5745.00,3.955000,1.801000,295.4980737,38.6444499
"Kepler-1489 b","Kepler-1489",1,2,"Transit",2016,82.29475100000,1.77000000,3.78000000,400.00,5655.00,0.900000,0.930000,281.2957984,44.4654063
"Kepler-1489 c","Kepler-1489",1,2,"Transit",2024,0.68074100000,0.51000000,0.08700000,,5565.53,0.957000,0.977000,281.2957984,44.4654063
"Kepler-149 b","Kepler-149",1,3,"Transit",2014,29.19894300000,4.21000000,16.50000000,540.00,5381.00,0.953000,1.013000,285.8537014,38.3840916
"Kepler-149 c","Kepler-149",1,3,"Transit",2014,55.32832800000,1.61000000,3.22000000,436.00,5381.00,0.953000,1.013000,285.8537014,38.3840916
"Kepler-1493 b","Kepler-1493",1,1,"Transit",2016,15.02179830000,1.41000000,2.57000000,874.00,5863.00,1.290000,1.060000,288.5493683,38.5651973
"Kepler-1495 b","Kepler-1495",1,1,"Transit",2016,85.27325600000,2.94000000,8.96000000,443.00,5831.00,1.040000,1.030000,286.1306907,38.7795494
"Kepler-1496 b","Kepler-1496",1,1,"Transit",2016,64.65880170000,2.22000000,5.56000000,535.00,6182.00,1.270000,1.180000,293.9739359,45.3507167
"Kepler-1497 b","Kepler-1497",1,1,"Transit",2016,8.74199772000,1.66000000,3.39000000,924.00,5675.00,0.950000,0.960000,296.1961550,45.6343124
"Kepler-15 b","Kepler-15",1,1,"Transit",2011,4.94278200000,10.76000000,209.76000000,1251.00,5515.00,0.992000,1.018000,296.2005506,49.1400304
"Kepler-150 d","Kepler-150",1,5,"Transit",2014,12.56093000000,2.79000000,8.20000000,734.00,5560.00,0.939000,0.956000,288.2341025,40.5208970
"Kepler-150 e","Kepler-150",1,5,"Transit",2014,30.82655700000,3.12000000,9.91000000,544.00,5560.00,0.939000,0.956000,288.2341025,40.5208970
"Kepler-1503 b","Kepler-1503",1,1,"Transit",2016,96.16987000000,2.27000000,5.77000000,321.00,5069.00,0.740000,0.770000,293.7271604,42.8067119
"Kepler-1508 b","Kepler-1508",1,1,"Transit",2016,20.70565040000,1.33000000,2.33000000,967.00,6158.00,1.220000,1.140000,298.1188802,40.3750316
"Kepler-1509 b","Kepler-1509",1,1,"Transit",2016,25.43381970000,1.85000000,4.08000000,667.00,5780.00,0.990000,1.000000,283.7977792,46.9310139
"Kepler-151 b","Kepler-151",1,2,"Transit",2014,15.22895800000,3.06000000,9.59000000,639.00,5460.00,0.830000,0.870000,292.1627933,41.0231947
"Kepler-151 c","Kepler-151",1,2,"Transit",2014,24.67461200000,2.09000000,5.02000000,544.00,5460.00,0.830000,0.870000,292.1627933,41.0231947
"Kepler-1515 b","Kepler-1515",1,1,"Transit",2016,214.31141640000,9.55000000,66.20000000,380.00,6511.00,1.410000,1.300000,290.9739057,48.1782059
"Kepler-1518 c","Kepler-1518",1,2,"Transit",2023,9.63102580000,2.90000000,8.75000000,1094.00,6432.00,1.345000,1.060000,300.3323404,44.9861065
"Kepler-1519 b","Kepler-1519",1,1,"Transit",2016,240.79893970000,7.06000000,39.60000000,342.00,5644.00,0.910000,0.940000,296.6679448,49.4617774
"Kepler-152 c","Kepler-152",1,2,"Transit",2014,88.25505500000,2.39000000,6.30000000,326.00,5088.00,0.724000,0.779000,286.8653826,41.9889571
"Kepler-1521 b","Kepler-1521",1,1,"Transit",2016,47.14840805000,2.50000000,6.80000000,391.00,5042.00,0.760000,0.810000,292.6903779,37.8350549
"Kepler-1523 b","Kepler-1523",1,1,"Transit",2016,0.93875077000,1.58000000,3.12000000,1676.00,5708.00,0.960000,0.970000,296.0540705,45.8270447
"Kepler-1527 b","Kepler-1527",1,1,"Transit",2016,160.12991800000,4.77000000,20.40000000,450.00,6224.00,1.320000,1.210000,297.4144457,46.0608077
"Kepler-153 b","Kepler-153",1,2,"Transit",2014,18.87022700000,2.92000000,8.85000000,621.00,5404.00,0.892000,0.756000,282.4605020,48.2570293
"Kepler-153 c","Kepler-153",1,2,"Transit",2014,46.90232000000,2.53000000,6.94000000,458.00,5404.00,0.892000,0.756000,282.4605020,48.2570293
"Kepler-1536 b","Kepler-1536",1,1,"Transit",2016,364.75803100000,3.14000000,10.00000000,166.00,4434.00,0.670000,0.710000,291.5852554,45.7158742
"Kepler-1537 b","Kepler-1537",1,1,"Transit",2016,1.44445379800,1.18000000,1.76000000,1800.00,5079.00,0.770000,0.810000,294.3853917,43.8254461
"Kepler-1539 b","Kepler-1539",1,1,"Transit",2016,133.30367410000,2.70000000,7.75000000,301.00,5176.00,0.800000,0.840000,284.2194566,44.2685146
"Kepler-154 b","Kepler-154",1,5,"Transit",2014,33.04053200000,2.26000000,5.73000000,561.00,5690.00,1.001000,0.933000,289.7805393,49.8965624
"Kepler-1540 b","Kepler-1540",2,1,"Transit",2016,125.41311770000,2.49000000,6.76000000,266.00,4540.00,0.690000,0.740000,283.3445555,41.2017544
"Kepler-1542 c","Kepler-1542",1,4,"Transit",2016,2.89223021000,0.65000000,0.20800000,1287.00,5564.00,0.990000,0.940000,285.7284757,42.6544651
"Kepler-1542 d","Kepler-1542",1,4,"Transit",2016,5.99273738000,0.87000000,0.59000000,1010.00,5564.00,0.990000,0.940000,285.7284757,42.6544651
"Kepler-1542 e","Kepler-1542",1,4,"Transit",2016,5.10115756000,0.76000000,0.36300000,1065.00,5564.00,0.990000,0.940000,285.7284757,42.6544651
"Kepler-1544 b","Kepler-1544",1,1,"Transit",2016,168.81117400000,1.78000000,3.82000000,269.00,4886.00,0.740000,0.810000,297.2852168,49.2124526
"Kepler-1545 b","Kepler-1545",1,1,"Transit",2016,163.69234900000,2.70000000,7.75000000,274.00,5201.00,0.800000,0.840000,298.8988313,47.4630696
"Kepler-1547 b","Kepler-1547",1,1,"Transit",2016,0.69297967600,0.90000000,0.66600000,3186.00,6078.00,1.180000,1.120000,283.7640396,42.2220992
"Kepler-1549 b","Kepler-1549",1,1,"Transit",2016,214.88654500000,2.57000000,7.13000000,286.00,5324.00,0.840000,0.880000,286.0524399,39.0960281
"Kepler-155 b","Kepler-155",1,2,"Transit",2014,5.93119400000,2.09000000,5.02000000,614.00,4508.00,0.620000,0.635000,288.4957831,51.0819286
"Kepler-1551 b","Kepler-1551",1,1,"Transit",2016,24.49736980000,2.66000000,7.56000000,722.00,6136.00,1.220000,1.140000,295.7855238,39.9078956
"Kepler-1553 b","Kepler-1553",1,1,"Transit",2016,4.24261881000,1.15000000,1.60000000,926.00,5288.00,0.810000,0.850000,291.9191348,39.0221769
"Kepler-1555 b","Kepler-1555",1,1,"Transit",2016,8.10501635000,1.61000000,3.22000000,959.00,5866.00,1.060000,1.040000,287.6354587,45.7160327
"Kepler-156 b","Kepler-156",1,2,"Transit",2014,4.97345600000,2.30000000,5.90000000,867.00,5094.00,0.807000,0.864000,290.2964214,37.7494271
"Kepler-156 c","Kepler-156",1,2,"Transit",2014,15.90680100000,2.55000000,7.04000000,588.00,5094.00,0.807000,0.864000,290.2964214,37.7494271
"Kepler-1569 b","Kepler-1569",1,1,"Transit",2016,5.79180156000,1.68000000,3.46000000,1222.00,6319.00,1.400000,1.250000,292.2046748,37.2212065
"Kepler-157 b","Kepler-157",1,3,"Transit",2014,1.73234200000,1.32000000,2.30000000,1546.00,5774.00,1.044000,0.950000,291.0972257,38.8756049
"Kepler-157 c","Kepler-157",1,3,"Transit",2014,13.54050000000,2.24000000,5.65000000,779.00,5774.00,1.044000,0.950000,291.0972257,38.8756049
"Kepler-1573 b","Kepler-1573",1,1,"Transit",2016,2.61575540000,1.20000000,1.87000000,1379.00,5808.00,1.000000,1.010000,292.9883129,49.4849664
"Kepler-1574 b","Kepler-1574",1,1,"Transit",2016,6.94243340000,1.29000000,2.21000000,1003.00,5892.00,1.080000,1.060000,292.1586689,49.6377914
"Kepler-1577 b","Kepler-1577",1,1,"Transit",2016,6.30560247000,1.13000000,1.51000000,1125.00,4862.00,0.740000,0.780000,292.9552704,47.5730433
"Kepler-1579 b","Kepler-1579",1,1,"Transit",2016,0.84990788900,0.84000000,0.52000000,1139.00,4584.00,0.700000,0.750000,293.2880220,43.5149061
"Kepler-158 b","Kepler-158",1,3,"Transit",2014,16.70918400000,2.12000000,5.14000000,500.00,4623.00,0.624000,0.655000,284.0323723,39.7815365
"Kepler-158 d","Kepler-158",1,3,"Transit",2024,0.64508800000,0.43000000,0.04720000,,4895.97,0.668000,0.656000,284.0323723,39.7815365
"Kepler-1580 b","Kepler-1580",1,1,"Transit",2016,56.64492790000,2.11000000,5.10000000,733.00,6228.00,2.150000,1.470000,285.9687099,41.3635264
"Kepler-1581 b","Kepler-1581",1,1,"Transit",2016,6.28385491000,0.80000000,0.43700000,1108.00,6022.00,1.230000,1.120000,287.3713199,39.6036225
"Kepler-1583 b","Kepler-1583",1,1,"Transit",2016,9.32807355000,0.60000000,0.15600000,788.00,5645.00,0.910000,0.940000,286.3869335,47.0165188
"Kepler-1586 b","Kepler-1586",1,1,"Transit",2016,15.60492120000,1.52000000,2.92000000,1013.00,6681.00,1.750000,1.450000,298.2026236,44.9258585
"Kepler-159 b","Kepler-159",1,2,"Transit",2014,10.13962300000,2.38000000,6.26000000,447.00,4625.00,0.663000,0.628000,297.0702037,40.8687340
"Kepler-159 c","Kepler-159",1,2,"Transit",2014,43.59579200000,3.41000000,11.50000000,275.00,4625.00,0.663000,0.628000,297.0702037,40.8687340
"Kepler-1591 b","Kepler-1591",1,1,"Transit",2016,8.18504949000,1.27000000,2.15000000,892.00,6082.00,1.160000,1.100000,296.5166659,44.6086233
"Kepler-1595 b","Kepler-1595",1,1,"Transit",2016,4.56380468000,1.23000000,2.04000000,980.00,5203.00,0.800000,0.840000,285.7227502,43.0094855
"Kepler-1597 b","Kepler-1597",1,1,"Transit",2016,2.94654179000,1.06000000,1.20000000,1497.00,6377.00,1.390000,1.250000,288.1639687,42.4810124
"Kepler-16 b","Kepler-16",2,1,"Transit",2011,228.77600000000,8.44930000,105.83300000,205.90,4450.00,0.648900,0.689700,289.0758307,51.7572290
"Kepler-160 b","Kepler-160",1,3,"Transit",2014,4.30939700000,1.71500000,3.59000000,1134.00,5471.00,1.118000,1.003000,287.7735730,42.8692755
"Kepler-1601 b","Kepler-1601",1,1,"Transit",2016,2.20921951000,0.82000000,0.47700000,1507.00,5869.00,1.070000,1.040000,285.5129496,38.0798390
"Kepler-1604 b","Kepler-1604",1,1,"Transit",2016,0.68368425600,1.41000000,2.57000000,2023.00,4976.00,0.760000,0.810000,285.4106549,44.4122318
"Kepler-1605 b","Kepler-1605",1,1,"Transit",2016,85.75654950000,1.08000000,1.28000000,528.00,5280.00,0.820000,0.860000,287.1349405,47.4886251
"Kepler-1608 b","Kepler-1608",1,1,"Transit",2016,16.47356860000,1.73000000,3.64000000,612.00,4992.00,0.720000,0.750000,295.5635550,39.4175700
"Kepler-161 b","Kepler-161",1,2,"Transit",2014,4.92135500000,2.12000000,2.63000000,868.00,5078.00,0.806000,0.853000,290.5164698,43.0838642
"Kepler-1610 b","Kepler-1610",1,2,"Transit",2016,8.70181574000,1.61000000,3.22000000,750.00,5383.00,0.870000,0.910000,295.9049795,45.4054296
"Kepler-1612 b","Kepler-1612",1,1,"Transit",2016,3.91795101000,1.03000000,1.08000000,1030.00,5643.00,0.940000,0.960000,291.2503022,45.6550536
"Kepler-1614 b","Kepler-1614",1,1,"Transit",2016,3.94661410000,1.49000000,2.83000000,981.00,5121.00,0.760000,0.790000,284.8713893,49.7758867
"Kepler-1615 b","Kepler-1615",1,1,"Transit",2016,47.31261920000,2.06000000,4.90000000,658.00,5865.00,1.050000,1.040000,286.3592066,42.2273971
"Kepler-1617 b","Kepler-1617",1,1,"Transit",2016,27.47855720000,1.20000000,1.87000000,736.00,6167.00,1.220000,1.150000,287.9371747,46.4184781
"Kepler-1618 b","Kepler-1618",1,1,"Transit",2016,6.10826019000,1.26000000,2.13000000,1267.00,6620.00,1.650000,1.410000,295.1753619,45.9308594
"Kepler-162 b","Kepler-162",1,2,"Transit",2014,6.91979800000,1.26000000,2.13000000,961.00,5816.00,0.958000,1.053000,297.2789115,43.7239693
"Kepler-162 c","Kepler-162",1,2,"Transit",2014,19.44635500000,3.03000000,9.43000000,681.00,5816.00,0.958000,1.053000,297.2789115,43.7239693
"Kepler-1620 b","Kepler-1620",1,1,"Transit",2016,101.95182900000,1.61000000,3.22000000,428.00,6157.00,1.230000,1.150000,297.2709026,46.9284743
"Kepler-1628 b","Kepler-1628",1,1,"Transit",2016,76.37803300000,6.43000000,33.80000000,240.00,3724.00,0.520000,0.550000,281.6336936,43.4115547
"Kepler-163 b","Kepler-163",1,2,"Transit",2014,7.81093700000,1.05000000,1.16000000,906.00,5776.00,0.917000,0.882000,295.0027458,46.9873389
"Kepler-163 c","Kepler-163",1,2,"Transit",2014,21.34726200000,2.26000000,5.73000000,648.00,5776.00,0.917000,0.882000,295.0027458,46.9873389
"Kepler-1630 b","Kepler-1630",1,1,"Transit",2016,509.99740200000,2.19000000,5.43000000,182.00,4736.00,0.630000,0.660000,297.5083004,43.7110543
"Kepler-1634 b","Kepler-1634",1,1,"Transit",2016,374.87623900000,3.19000000,10.30000000,282.00,5474.00,0.890000,0.920000,294.0433990,45.1398201
"Kepler-1636 b","Kepler-1636",1,1,"Transit",2016,425.47785000000,3.23000000,10.50000000,248.00,5797.00,1.020000,1.010000,294.0575681,46.4409844
"Kepler-1637 b","Kepler-1637",1,1,"Transit",2016,6.10960324000,0.89000000,0.64000000,1093.00,5789.00,1.020000,1.020000,282.2368006,48.1542016
"Kepler-1639 b","Kepler-1639",1,1,"Transit",2016,9.87848200000,2.58000000,7.18000000,1003.00,6150.00,1.180000,1.120000,283.0686510,48.8021209
"Kepler-164 b","Kepler-164",1,4,"Transit",2014,5.03503000000,1.41000000,2.57000000,1141.00,5888.00,1.148000,1.036000,287.7808115,47.6298453
"Kepler-164 c","Kepler-164",1,4,"Transit",2014,10.94572300000,2.73000000,7.90000000,881.00,5888.00,1.148000,1.036000,287.7808115,47.6298453
"Kepler-164 d","Kepler-164",1,4,"Transit",2014,28.98676900000,2.45000000,6.57000000,637.00,5888.00,1.148000,1.036000,287.7808115,47.6298453
"Kepler-1640 b","Kepler-1640",1,1,"Transit",2016,7.58441260000,4.82000000,20.70000000,1228.00,6324.00,1.430000,1.270000,294.5577857,40.8504949
"Kepler-1642 b","Kepler-1642",1,2,"Transit",2016,12.20575130000,3.20000000,10.30000000,895.00,5355.00,0.840000,0.880000,297.2121215,43.6437890
"Kepler-1642 c","Kepler-1642",1,2,"Transit",2016,6.65138020000,2.66000000,7.56000000,1095.00,5355.00,0.840000,0.880000,297.2121215,43.6437890
"Kepler-1643 b","Kepler-1643",1,1,"Transit",2016,5.34265700000,2.32000000,5.99000000,799.00,4916.00,0.855000,0.845000,300.4310076,44.7510129
"Kepler-1647 b","Kepler-1647",2,1,"Transit",2016,1107.59230000000,11.87390000,483.00000000,242.92,6210.00,1.790300,1.220700,298.1500570,40.6561751
"Kepler-1649 c","Kepler-1649",1,2,"Transit",2020,19.53527000000,1.06000000,1.20000000,234.00,3240.00,0.231700,0.197700,292.5029676,41.8299933
"Kepler-165 b","Kepler-165",1,2,"Transit",2014,8.18084800000,2.32000000,5.99000000,716.00,5211.00,0.770000,0.746000,280.6909200,47.8096702
"Kepler-1655 b","Kepler-1655",1,1,"Transit",2018,11.87287870000,2.21300000,5.40000000,938.00,6148.00,1.030000,1.030000,286.6895986,39.2120802
"Kepler-166 b","Kepler-166",1,3,"Transit",2014,7.65025400000,2.27000000,5.77000000,772.00,5413.00,0.742000,0.811000,293.1600977,48.8812074
"Kepler-166 c","Kepler-166",1,3,"Transit",2014,34.26028100000,2.38000000,6.26000000,468.00,5413.00,0.742000,0.811000,293.1600977,48.8812074
"Kepler-1660 AB b","Kepler-1660 A",2,1,"Eclipse Timing Variations",2023,239.50440000000,12.90000000,1586.59940774,415.08,6305.24,1.491000,1.136600,290.5519537,40.2350445
"Kepler-1665 b","Kepler-1665",1,1,"Transit",2020,11.95480000000,2.83910787,8.44000000,906.00,5049.84,0.777785,0.842000,290.3962400,41.0399229
"Kepler-1666 c","Kepler-1666",1,2,"Transit",2020,40.71570000000,3.23564749,10.50000000,578.00,6293.00,1.145860,1.230000,297.9516071,46.2647024
"Kepler-1669 b","Kepler-1669",1,3,"Transit",2020,9.51216000000,2.78043818,8.15000000,530.00,4303.00,0.714145,0.670000,297.4303826,39.8478795
"Kepler-167 b","Kepler-167",2,4,"Transit",2014,4.39315390000,1.71800000,3.60000000,918.00,4884.00,0.749000,0.777000,292.6585253,38.3455558
"Kepler-167 c","Kepler-167",2,4,"Transit",2014,7.40610600000,1.67400000,3.44000000,771.00,4884.00,0.749000,0.777000,292.6585253,38.3455558
"Kepler-167 d","Kepler-167",2,4,"Transit",2016,21.80379000000,1.23800000,2.06000000,538.00,4884.00,0.749000,0.777000,292.6585253,38.3455558
"Kepler-167 e","Kepler-167",2,4,"Transit",2016,1071.23205000000,10.16000000,321.00669107,134.40,4884.00,0.749000,0.777000,292.6585253,38.3455558
"Kepler-1670 b","Kepler-1670",1,1,"Transit",2020,20.49980000000,3.35648010,11.20000000,731.00,5838.00,1.518890,1.050000,290.3264599,43.1217550
"Kepler-1671 b","Kepler-1671",1,1,"Transit",2020,4.16787000000,1.32557381,2.32000000,962.00,5135.55,0.929771,0.866000,291.7484295,39.4467817
"Kepler-1672 b","Kepler-1672",1,1,"Transit",2020,150.87800000000,2.97022762,9.11000000,423.00,6131.95,1.088410,1.160000,297.9400971,40.2785566
"Kepler-1673 b","Kepler-1673",1,1,"Transit",2020,33.78880000000,2.93551940,8.93000000,611.00,6014.95,1.131660,1.110000,285.6671724,48.7195865
"Kepler-1676 b","Kepler-1676",1,1,"Transit",2020,29.92210000000,3.37695960,11.30000000,782.00,5878.30,1.060660,1.070000,287.2368778,43.5671665
"Kepler-1677 b","Kepler-1677",1,1,"Transit",2020,22.06400000000,2.70216183,7.76000000,712.00,6013.72,1.249590,1.110000,298.4932730,47.0130566
"Kepler-1678 b","Kepler-1678",1,1,"Transit",2020,147.97400000000,3.30422249,10.90000000,329.00,5754.00,0.834976,1.030000,292.5916297,38.3995629
"Kepler-168 c","Kepler-168",1,2,"Transit",2014,13.19324200000,2.69000000,7.70000000,862.00,6282.00,1.107000,1.113000,294.7101832,39.8250437
"Kepler-1680 b","Kepler-1680",1,1,"Transit",2020,8.77424000000,1.35954736,2.42000000,771.00,5021.00,0.723259,0.834000,297.0746571,39.9338893
"Kepler-1681 b","Kepler-1681",1,1,"Transit",2020,69.89560000000,2.55321772,7.05000000,442.00,5756.40,0.759000,0.893000,296.6972773,46.3716969
"Kepler-1682 b","Kepler-1682",1,1,"Transit",2020,14.83340000000,2.88940836,8.70000000,694.00,5619.12,0.842301,0.990000,293.9835827,39.5728474
"Kepler-1684 b","Kepler-1684",1,1,"Transit",2020,47.70550000000,2.87084792,8.60000000,347.00,4706.54,0.666755,0.750000,294.0054181,46.3106625
"Kepler-169 b","Kepler-169",1,5,"Transit",2014,3.25061900000,1.13000000,1.51000000,962.00,4997.00,0.763000,0.825000,285.9999204,40.9193822
"Kepler-169 d","Kepler-169",1,5,"Transit",2014,8.34812500000,1.25000000,2.10000000,702.00,4997.00,0.763000,0.825000,285.9999204,40.9193822
"Kepler-169 e","Kepler-169",1,5,"Transit",2014,13.76710200000,2.20000000,5.48000000,595.00,4997.00,0.763000,0.825000,285.9999204,40.9193822
"Kepler-169 f","Kepler-169",1,5,"Transit",2014,87.09019500000,2.58000000,7.18000000,321.00,4997.00,0.763000,0.825000,285.9999204,40.9193822
"Kepler-1690 b","Kepler-1690",1,1,"Transit",2020,234.63600000000,2.81109223,8.30000000,267.00,5404.00,0.862346,0.940000,288.1566649,41.8779417
"Kepler-1693 b","Kepler-1693",1,2,"Transit",2020,12.09990000000,1.28938413,2.21000000,807.00,5432.34,0.878295,0.950000,290.2015581,48.1857799
"Kepler-1693 c","Kepler-1693",1,2,"Transit",2021,5.36370992700,0.97698289,0.89400000,1059.00,5553.00,1.098000,0.941000,290.2015581,48.1857799
"Kepler-1695 b","Kepler-1695",1,1,"Transit",2020,4.73290000000,1.11948901,1.46000000,957.00,5473.19,0.987155,0.960000,293.6193001,46.4134015
"Kepler-1696 b","Kepler-1696",1,1,"Transit",2020,65.94090000000,2.80982017,8.29000000,454.00,5712.00,1.198110,1.020000,295.5761011,42.0233639
"Kepler-1697 b","Kepler-1697",1,1,"Transit",2020,33.49690000000,1.25954761,2.12000000,630.00,4681.53,0.772344,0.747000,287.6633310,43.4713782
"Kepler-1698 b","Kepler-1698",1,1,"Transit",2020,1.21070000000,1.07315686,1.25000000,1351.00,4975.03,0.741698,0.822000,293.3450181,39.2577469
"Kepler-1699 b","Kepler-1699",1,1,"Transit",2020,3.49082000000,1.56671124,3.08000000,1010.00,5575.53,0.725000,0.810000,292.1373281,48.9171579
"Kepler-170 b","Kepler-170",1,2,"Transit",2014,7.93059200000,3.20000000,82.60000000,899.00,5679.00,1.035000,1.066000,284.5211975,41.6296562
"Kepler-170 c","Kepler-170",1,2,"Transit",2014,16.66586300000,2.86000000,8.55000000,702.00,5679.00,1.035000,1.066000,284.5211975,41.6296562
"Kepler-1701 b","Kepler-1701",1,1,"Transit",2020,169.13400000000,2.22186207,5.57000000,273.00,5146.00,0.840217,0.870000,286.6088625,41.8892986
"Kepler-1708 b","Kepler-1708",1,1,"Transit",2021,737.11310000000,9.96000000,1462.01067220,245.02,6157.00,1.117000,1.088000,296.8241065,43.6248197
"Kepler-171 c","Kepler-171",1,3,"Transit",2014,11.46346200000,2.56000000,7.08000000,752.00,5642.00,0.839000,0.978000,296.7719082,41.7555958
"Kepler-171 d","Kepler-171",1,3,"Transit",2014,39.59551900000,1.89000000,4.23000000,497.00,5642.00,0.839000,0.978000,296.7719082,41.7555958
"Kepler-1713 b","Kepler-1713",1,1,"Transit",2021,18.01160049000,1.71673535,3.59000000,900.00,6477.00,1.459000,1.300000,287.3456737,43.3783894
"Kepler-1715 b","Kepler-1715",1,1,"Transit",2021,35.59730148000,4.14042267,16.00000000,646.00,6212.00,1.209000,1.082000,293.9297337,41.6029048
"Kepler-1718 b","Kepler-1718",1,1,"Transit",2021,135.18800350000,2.56852070,7.12000000,345.00,5731.00,0.906000,0.846000,292.2349191,42.9094618
"Kepler-172 b","Kepler-172",1,4,"Transit",2014,2.94030900000,2.35000000,6.12000000,1256.00,5526.00,1.085000,1.081000,283.3684093,41.8218390
"Kepler-172 c","Kepler-172",1,4,"Transit",2014,6.38899600000,2.86000000,8.55000000,970.00,5526.00,1.085000,1.081000,283.3684093,41.8218390
"Kepler-172 d","Kepler-172",1,4,"Transit",2014,14.62711900000,2.25000000,5.69000000,736.00,5526.00,1.085000,1.081000,283.3684093,41.8218390
"Kepler-1725 b","Kepler-1725",1,1,"Transit",2021,16.71990013000,2.81251770,8.31000000,767.00,6020.00,1.085000,1.049000,294.3735518,40.1946345
"Kepler-173 b","Kepler-173",1,2,"Transit",2014,4.26374200000,1.29000000,2.21000000,1179.00,6031.00,0.949000,1.067000,294.6466171,41.8840952
"Kepler-173 c","Kepler-173",1,2,"Transit",2014,8.00577700000,2.43000000,6.48000000,956.00,6031.00,0.949000,1.067000,294.6466171,41.8840952
"Kepler-1733 b","Kepler-1733",1,1,"Transit",2021,9.22957992600,3.63582354,12.80000000,1021.00,6320.00,1.252000,1.273000,291.1384628,37.8592447
"Kepler-1734 b","Kepler-1734",1,1,"Transit",2021,6.79685020400,3.08851092,9.74000000,985.00,6061.00,0.970000,1.050000,294.1631670,41.4517316
"Kepler-1735 b","Kepler-1735",1,1,"Transit",2021,7.71792984000,1.19429134,1.84000000,502.00,3975.00,0.509000,0.535000,281.0503476,47.1882005
"Kepler-1737 b","Kepler-1737",1,1,"Transit",2021,64.61750031000,5.39500000,25.10000000,383.00,5043.00,0.881000,0.834000,297.0148111,47.4864170
"Kepler-174 b","Kepler-174",1,3,"Transit",2014,13.98179000000,1.96000000,4.50000000,553.00,4880.00,0.622000,0.602000,287.4389454,43.8320052
"Kepler-174 d","Kepler-174",1,3,"Transit",2014,247.35373000000,2.19000000,5.43000000,212.00,4880.00,0.622000,0.602000,287.4389454,43.8320052
"Kepler-1740 b","Kepler-1740",1,1,"Transit",2021,8.17240047500,3.32321414,11.00000000,858.00,5705.00,0.905000,0.943000,293.8736630,38.9224548
"Kepler-1744 b","Kepler-1744",1,1,"Transit",2021,37.10110092000,3.76754004,13.60000000,532.00,5986.00,0.850000,0.886000,291.0206823,42.4624633
"Kepler-1748 b","Kepler-1748",1,1,"Transit",2021,5.82352018400,2.71275017,7.81000000,955.00,5774.00,0.864000,0.916000,285.9678970,45.7390789
"Kepler-175 c","Kepler-175",1,2,"Transit",2014,34.03525700000,3.10000000,9.80000000,583.00,6064.00,1.010000,0.969000,289.5532320,43.8761160
"Kepler-1750 b","Kepler-1750",1,1,"Transit",2021,205.91200260000,6.00434637,30.10000000,298.00,5644.00,0.969000,0.981000,292.3514917,48.5110714
"Kepler-1751 b","Kepler-1751",1,1,"Transit",2021,7.01731014300,1.82417378,3.98000000,984.00,6052.00,0.967000,0.974000,284.8465476,49.6923412
"Kepler-1753 b","Kepler-1753",1,1,"Transit",2021,16.00460052000,2.22678077,5.59000000,583.00,5180.00,0.769000,0.860000,288.2366640,46.6058744
"Kepler-1755 b","Kepler-1755",1,1,"Transit",2021,24.81209946000,5.91688317,29.40000000,631.00,6086.00,0.921000,1.003000,296.8460920,40.1385777
"Kepler-1759 b","Kepler-1759",1,1,"Transit",2021,3.72023010300,0.90377910,0.67600000,954.00,5017.00,0.797000,0.760000,298.4656275,48.5593334
"Kepler-176 c","Kepler-176",1,4,"Transit",2014,12.75971200000,2.60000000,1.33000000,633.00,5232.00,0.891000,0.860000,294.6679021,43.8532104
"Kepler-176 d","Kepler-176",1,4,"Transit",2014,25.75197400000,2.51000000,1.72000000,501.00,5232.00,0.891000,0.860000,294.6679021,43.8532104
"Kepler-176 e","Kepler-176",1,4,"Transit",2016,51.16579000000,1.45000000,0.52075000,398.00,5295.00,0.830000,0.870000,294.6679021,43.8532104
"Kepler-1761 b","Kepler-1761",1,1,"Transit",2021,4.04354000100,1.39109603,2.51000000,613.00,3871.00,0.532000,0.573000,284.1329728,49.1426325
"Kepler-1765 b","Kepler-1765",1,1,"Transit",2021,10.41889954000,2.49508857,6.78000000,855.00,5692.00,1.064000,0.946000,298.0144601,42.9574314
"Kepler-1766 b","Kepler-1766",1,1,"Transit",2021,105.01499940000,2.27904508,5.81000000,406.00,5868.00,1.042000,0.915000,294.2772343,46.6752351
"Kepler-1770 b","Kepler-1770",1,1,"Transit",2021,16.84189987000,2.84141754,8.45000000,699.00,5602.00,1.009000,0.941000,299.2502851,43.4103663
"Kepler-1773 b","Kepler-1773",1,1,"Transit",2021,40.80970001000,3.50469499,12.10000000,623.00,6183.00,1.300000,1.241000,286.2232284,38.2581676
"Kepler-1774 b","Kepler-1774",1,1,"Transit",2021,59.77080154000,3.18179549,10.20000000,522.00,6214.00,1.122000,1.101000,288.5743991,40.9886069
"Kepler-178 b","Kepler-178",1,3,"Transit",2014,9.57669400000,2.90000000,8.75000000,846.00,5676.00,1.066000,0.852000,287.1010275,46.8964033
"Kepler-178 c","Kepler-178",1,3,"Transit",2014,20.55280200000,2.88000000,8.65000000,656.00,5676.00,1.066000,0.852000,287.1010275,46.8964033
"Kepler-178 d","Kepler-178",1,3,"Transit",2014,96.67898800000,3.95000000,14.80000000,392.00,5676.00,1.066000,0.852000,287.1010275,46.8964033
"Kepler-1780 b","Kepler-1780",1,1,"Transit",2021,109.44499970000,3.60600667,12.70000000,340.00,5403.00,0.868000,0.868000,294.0839282,42.8095104
"Kepler-1781 b","Kepler-1781",1,1,"Transit",2021,4.88752985000,2.38091029,6.26000000,1003.00,5568.00,0.957000,1.053000,291.7114906,42.3415097
"Kepler-1783 b","Kepler-1783",1,1,"Transit",2021,8.27744007100,1.31946731,2.30000000,1088.00,5129.00,1.781000,0.887000,297.0210984,41.3771655
"Kepler-1785 b","Kepler-1785",1,1,"Transit",2021,19.58550072000,2.70422447,7.77000000,666.00,5618.00,0.996000,0.911000,295.7921797,47.6000699
"Kepler-1789 b","Kepler-1789",1,1,"Transit",2021,80.23190308000,2.83137505,8.40000000,380.00,5436.00,0.888000,0.920000,282.8631419,41.7966332
"Kepler-179 b","Kepler-179",1,2,"Transit",2014,2.73592600000,1.64000000,3.33000000,1075.00,5302.00,0.759000,0.893000,298.6636163,47.7619329
"Kepler-1794 b","Kepler-1794",1,1,"Transit",2021,9.76298046100,1.79426276,3.87000000,703.00,5052.00,0.816000,0.773000,300.6196594,45.7888068
"Kepler-1795 b","Kepler-1795",1,1,"Transit",2021,13.36019993000,1.66301611,3.40000000,520.00,4500.00,0.688000,0.768000,286.4792568,39.2698793
"Kepler-1799 b","Kepler-1799",1,1,"Transit",2021,11.92969990000,4.12801189,15.90000000,770.00,5831.00,0.921000,1.016000,288.3086994,51.4783348
"Kepler-18 b","Kepler-18",1,3,"Transit",2011,3.50472500000,2.00000000,6.90000000,1165.00,5345.00,1.108000,0.972000,298.0794448,44.7462480
"Kepler-18 c","Kepler-18",1,3,"Transit",2011,7.64159000000,5.49000000,17.30000000,899.00,5345.00,1.108000,0.972000,298.0794448,44.7462480
"Kepler-18 d","Kepler-18",1,3,"Transit",2011,14.85888000000,6.98000000,16.40000000,720.00,5345.00,1.108000,0.972000,298.0794448,44.7462480
"Kepler-180 b","Kepler-180",1,2,"Transit",2014,13.81712400000,1.50000000,2.86000000,781.00,5731.00,1.063000,0.950000,295.5712566,49.7745140
"Kepler-180 c","Kepler-180",1,2,"Transit",2014,41.88577500000,3.01000000,9.32000000,540.00,5731.00,1.063000,0.950000,295.5712566,49.7745140
"Kepler-1800 b","Kepler-1800",1,1,"Transit",2021,4.56202983900,0.99679734,0.96100000,1533.00,5343.00,2.506000,1.330000,297.6513317,40.3524154
"Kepler-1802 b","Kepler-1802",1,2,"Transit",2021,15.45020008000,1.67100000,3.43000000,581.00,4245.00,0.637000,0.649000,300.2420869,44.1412854
"Kepler-1804 b","Kepler-1804",1,1,"Transit",2021,12.28849983000,1.59615726,3.18000000,913.00,5109.00,1.671000,0.929000,301.3428675,44.6721750
"Kepler-1805 b","Kepler-1805",1,1,"Transit",2021,8.84794044500,1.54502915,3.00000000,479.00,3867.00,0.552000,0.581000,285.0865387,40.8990506
"Kepler-1806 b","Kepler-1806",1,1,"Transit",2021,9.03332042700,2.35560189,6.15000000,729.00,5311.00,0.788000,0.884000,287.5349528,49.8016283
"Kepler-1807 b","Kepler-1807",1,1,"Transit",2021,10.86060047000,2.70393215,7.77000000,1108.00,6455.00,1.496000,1.087000,291.5494119,44.5272788
"Kepler-1808 b","Kepler-1808",1,1,"Transit",2021,23.34040070000,3.02511302,9.40000000,601.00,5530.00,0.892000,0.773000,287.2924737,39.3832039
"Kepler-1809 b","Kepler-1809",1,1,"Transit",2021,3.75729990000,1.51300000,2.90000000,877.00,4901.00,0.716000,0.807000,290.2651662,40.5484937
"Kepler-181 c","Kepler-181",1,2,"Transit",2014,4.30214900000,1.99000000,4.62000000,937.00,5333.00,0.749000,0.810000,296.1512831,50.0957806
"Kepler-1818 b","Kepler-1818",1,1,"Transit",2021,4.64490985900,1.71360684,3.58000000,1209.00,6047.00,1.129000,1.021000,284.3284866,40.5688741
"Kepler-182 c","Kepler-182",1,2,"Transit",2014,20.68434200000,3.43000000,11.60000000,729.00,6250.00,1.146000,1.114000,289.8301128,50.5862025
"Kepler-1825 b","Kepler-1825",1,1,"Transit",2021,1.02586996600,1.42200732,2.61000000,1520.00,5123.00,0.847000,0.828000,292.5140647,42.6517554
"Kepler-1826 b","Kepler-1826",1,1,"Transit",2021,1.61536002200,1.47519116,2.78000000,806.00,3821.00,0.486000,0.490000,292.7700072,48.8998469
"Kepler-1827 b","Kepler-1827",1,1,"Transit",2021,3.70061993600,1.85644292,4.10000000,1329.00,5423.00,1.404000,0.915000,292.2525301,40.7927895
"Kepler-183 b","Kepler-183",1,2,"Transit",2014,5.68794500000,2.06000000,4.90000000,1088.00,5888.00,0.958000,0.990000,293.5308112,39.3159329
"Kepler-183 c","Kepler-183",1,2,"Transit",2014,11.63707100000,2.27000000,35.70000000,857.00,5888.00,0.958000,0.990000,293.5308112,39.3159329
"Kepler-1831 b","Kepler-1831",1,1,"Transit",2021,5.78387022000,1.97019818,4.54000000,1051.00,6063.00,1.012000,1.117000,295.3024604,49.5890456
"Kepler-1832 b","Kepler-1832",1,1,"Transit",2021,3.13878989200,1.22719556,2.02000000,1022.00,5242.00,0.722000,0.684000,299.8517779,43.7320611
"Kepler-1835 b","Kepler-1835",1,1,"Transit",2021,11.96409988000,3.53387773,12.20000000,808.00,5903.00,0.961000,0.922000,280.3148152,43.9856885
"Kepler-1836 b","Kepler-1836",1,1,"Transit",2021,5.25416994100,2.55303229,7.05000000,1093.00,6123.00,0.987000,1.053000,292.3150933,40.8387799
"Kepler-1837 b","Kepler-1837",1,1,"Transit",2021,5.90608978300,2.06673842,4.92000000,1012.00,5966.00,0.961000,1.049000,288.2076012,45.6834463
"Kepler-184 b","Kepler-184",1,3,"Transit",2014,10.68757600000,2.36000000,6.17000000,780.00,5788.00,0.873000,0.872000,291.9518784,43.0746172
"Kepler-184 c","Kepler-184",1,3,"Transit",2014,20.30300500000,1.97000000,8.80000000,630.00,5788.00,0.873000,0.872000,291.9518784,43.0746172
"Kepler-184 d","Kepler-184",1,3,"Transit",2014,29.02235800000,2.49000000,6.76000000,559.00,5788.00,0.873000,0.872000,291.9518784,43.0746172
"Kepler-1840 b","Kepler-1840",1,1,"Transit",2021,131.19000240000,2.77771129,8.13000000,284.00,4898.00,0.803000,0.774000,298.5948803,41.4359643
"Kepler-1846 b","Kepler-1846",1,1,"Transit",2021,14.82009983000,1.76378826,3.76000000,552.00,4825.00,0.732000,0.785000,294.3909489,44.7629523
"Kepler-1848 b","Kepler-1848",1,1,"Transit",2021,5.60402011900,1.40885390,2.57000000,774.00,4847.00,0.737000,0.756000,299.3814921,45.5920846
"Kepler-1849 b","Kepler-1849",1,1,"Transit",2021,57.29290009000,2.38685349,6.29000000,355.00,4806.00,0.729000,0.709000,285.2919300,41.2557275
"Kepler-185 c","Kepler-185",1,2,"Transit",2014,20.72904200000,2.02000000,4.74000000,530.00,5208.00,0.806000,0.763000,282.4681674,43.8899464
"Kepler-1850 b","Kepler-1850",1,1,"Transit",2021,1.38580000400,0.72909663,0.31300000,1008.00,4239.00,0.600000,0.611000,287.1428295,43.6161177
"Kepler-1852 b","Kepler-1852",1,1,"Transit",2021,7.97094011300,1.88610592,4.22000000,760.00,5237.00,0.826000,0.927000,288.0297157,40.3441934
"Kepler-1854 b","Kepler-1854",1,1,"Transit",2021,39.83110046000,2.58746104,7.21000000,420.00,5026.00,0.759000,0.800000,286.2859300,37.3869915
"Kepler-1855 b","Kepler-1855",1,1,"Transit",2021,0.72733098300,1.21620500,1.96000000,849.00,3460.00,0.356000,0.385000,283.4018628,41.5161554
"Kepler-1859 c","Kepler-1859",1,2,"Transit",2023,3.59645081000,1.66000000,3.39000000,1327.00,5887.00,1.235000,1.090000,293.9886751,46.7179996
"Kepler-186 b","Kepler-186",1,5,"Transit",2014,3.88679070000,1.07000000,1.24000000,571.00,3788.00,0.472000,0.478000,298.6527360,43.9549884
"Kepler-186 c","Kepler-186",1,5,"Transit",2014,7.26730200000,1.25000000,2.10000000,464.00,3788.00,0.472000,0.478000,298.6527360,43.9549884
"Kepler-186 d","Kepler-186",1,5,"Transit",2014,13.34299600000,1.40000000,2.54000000,379.00,3788.00,0.472000,0.478000,298.6527360,43.9549884
"Kepler-186 e","Kepler-186",1,5,"Transit",2014,22.40770400000,1.27000000,2.15000000,319.00,3788.00,0.472000,0.478000,298.6527360,43.9549884
"Kepler-186 f","Kepler-186",1,5,"Transit",2014,129.94410000000,1.17000000,1.71000000,177.00,3755.00,0.523000,0.544000,298.6527360,43.9549884
"Kepler-1862 b","Kepler-1862",1,1,"Transit",2021,16.05730057000,2.20300000,5.49000000,645.00,5644.00,0.806000,0.900000,296.7533555,49.3780726
"Kepler-1869 c","Kepler-1869",1,2,"Transit",2023,1.71682830400,0.74000000,0.33000000,1455.00,5808.00,0.902000,0.987000,292.6149958,42.7643438
"Kepler-187 b","Kepler-187",1,2,"Transit",2014,4.93886400000,1.41000000,2.57000000,1244.00,6105.00,1.287000,1.081000,299.7964955,44.0892448
"Kepler-187 c","Kepler-187",1,2,"Transit",2014,10.64026300000,2.67000000,7.61000000,963.00,6105.00,1.287000,1.081000,299.7964955,44.0892448
"Kepler-1875 b","Kepler-1875",1,1,"Transit",2021,34.45859909000,3.22686692,10.50000000,559.00,6161.00,0.862000,0.950000,296.7727406,50.1883667
"Kepler-1876 b","Kepler-1876",1,1,"Transit",2021,6.99205000000,0.85300000,2.40000000,1299.00,6104.00,1.477000,1.187000,299.1604859,41.1437964
"Kepler-1878 b","Kepler-1878",1,1,"Transit",2021,4.44587993600,2.92019781,8.86000000,1063.00,5918.00,0.865000,0.956000,300.7324154,44.1070231
"Kepler-188 b","Kepler-188",1,2,"Transit",2014,2.06189700000,1.68000000,3.46000000,1463.00,6021.00,1.141000,1.021000,281.2797173,44.3154743
"Kepler-1880 b","Kepler-1880",1,1,"Transit",2021,6.30921983700,2.11686218,5.13000000,606.00,4380.00,0.530000,0.524000,287.8264561,40.6965988
"Kepler-1882 b","Kepler-1882",1,1,"Transit",2021,13.78730011000,1.48674404,2.81000000,894.00,5691.00,1.458000,1.068000,290.6640856,43.4997866
"Kepler-1885 b","Kepler-1885",1,1,"Transit",2021,2.52255988100,1.51110555,2.89000000,1205.00,5591.00,0.860000,0.977000,288.7507112,47.4909206
"Kepler-1886 b","Kepler-1886",1,1,"Transit",2021,24.27580070000,2.58158428,7.18000000,580.00,5745.00,0.837000,0.928000,296.2645118,39.4059745
"Kepler-1889 b","Kepler-1889",1,1,"Transit",2021,37.30369949000,2.94360686,8.98000000,493.00,5646.00,0.817000,0.864000,297.1992577,41.2264404
"Kepler-189 b","Kepler-189",1,2,"Transit",2014,10.39993100000,1.21000000,1.92000000,678.00,5235.00,0.750000,0.803000,287.5646296,44.3050662
"Kepler-189 c","Kepler-189",1,2,"Transit",2014,20.13486600000,2.38000000,22.70000000,544.00,5235.00,0.750000,0.803000,287.5646296,44.3050662
"Kepler-1891 b","Kepler-1891",1,1,"Transit",2021,4.02229023000,1.52139156,2.93000000,1017.00,5516.00,0.827000,0.873000,290.0438524,44.3705375
"Kepler-1893 b","Kepler-1893",1,1,"Transit",2021,4.17936992600,1.70557445,3.55000000,1194.00,5633.00,1.162000,0.973000,298.4012866,44.8381709
"Kepler-1894 b","Kepler-1894",1,2,"Transit",2021,2.76266002700,1.20117759,1.87000000,1231.00,5772.00,0.901000,0.999000,295.5864604,49.6668523
"Kepler-1898 b","Kepler-1898",1,1,"Transit",2021,4.76562023200,0.93353523,0.76000000,1167.00,5702.00,1.125000,0.837000,287.2058009,38.4981903
"Kepler-19 b","Kepler-19",1,3,"Transit",2011,9.28699000000,2.20900000,6.10000000,851.00,5541.00,0.859000,0.936000,290.4209694,37.8516556
"Kepler-190 b","Kepler-190",1,2,"Transit",2014,2.01999900000,1.56000000,3.05000000,1166.00,5106.00,0.795000,0.834000,288.5839761,44.7337701
"Kepler-1902 b","Kepler-1902",1,1,"Transit",2021,3.82222008700,1.17563613,1.74000000,601.00,3729.00,0.514000,0.520000,292.7376545,42.0147792
"Kepler-1904 b","Kepler-1904",1,1,"Transit",2021,4.57702016800,1.39049940,2.51000000,567.00,3805.00,0.497000,0.526000,288.8744026,51.1542215
"Kepler-191 b","Kepler-191",1,3,"Transit",2014,9.93963200000,1.34000000,2.36000000,722.00,5282.00,0.789000,0.857000,291.1833211,45.3230937
"Kepler-191 c","Kepler-191",1,3,"Transit",2014,17.73850600000,1.86000000,4.12000000,596.00,5282.00,0.789000,0.857000,291.1833211,45.3230937
"Kepler-191 d","Kepler-191",1,3,"Transit",2016,5.94504101700,2.28000000,5.82000000,857.00,5215.00,0.800000,0.840000,291.1833211,45.3230937
"Kepler-1910 b","Kepler-1910",1,1,"Transit",2021,5.68876981700,1.18400000,1.78000000,645.00,4234.00,0.639000,0.636000,296.6171677,41.2811677
"Kepler-1912 b","Kepler-1912",1,1,"Transit",2021,6.05921983700,1.35670508,2.41000000,976.00,5734.00,0.962000,0.977000,282.1178211,46.2239547
"Kepler-1914 b","Kepler-1914",1,1,"Transit",2021,30.82789993000,2.94298030,8.97000000,585.00,5982.00,0.960000,1.047000,291.4314024,38.6543635
"Kepler-1915 b","Kepler-1915",1,1,"Transit",2021,13.83539963000,3.21798413,10.40000000,809.00,6020.00,1.057000,1.030000,301.2786852,44.2505116
"Kepler-1916 b","Kepler-1916",1,1,"Transit",2021,31.25429916000,2.61757235,7.35000000,635.00,6246.00,1.092000,1.180000,293.0705754,48.3876790
"Kepler-192 b","Kepler-192",1,3,"Transit",2014,9.92674600000,2.74000000,7.95000000,803.00,5479.00,1.007000,1.028000,287.9179379,45.5928829
"Kepler-192 c","Kepler-192",1,3,"Transit",2014,21.22340000000,2.79000000,8.20000000,623.00,5479.00,1.007000,1.028000,287.9179379,45.5928829
"Kepler-192 d","Kepler-192",1,3,"Transit",2016,6.47027579000,1.02000000,1.04000000,926.00,5487.00,0.940000,0.940000,287.9179379,45.5928829
"Kepler-1920 b","Kepler-1920",1,1,"Transit",2021,30.25410080000,2.95415848,9.03000000,660.00,6277.00,1.161000,1.239000,291.0620355,38.8632881
"Kepler-1921 c","Kepler-1921",1,2,"Transit",2023,3.15722086000,1.41000000,2.57000000,1791.00,6120.00,2.000000,1.251000,300.3161723,45.4953271
"Kepler-1922 b","Kepler-1922",1,1,"Transit",2021,13.22259998000,2.29064904,5.86000000,740.00,5931.00,0.863000,0.953000,292.3303706,37.9970696
"Kepler-1923 b","Kepler-1923",1,1,"Transit",2021,52.60969925000,1.95958179,4.50000000,553.00,5881.00,1.294000,1.109000,298.0834457,40.3462551
"Kepler-193 b","Kepler-193",1,2,"Transit",2014,11.38848000000,2.39000000,6.30000000,979.00,6335.00,1.147000,1.051000,296.4985951,46.5772484
"Kepler-193 c","Kepler-193",1,2,"Transit",2014,50.69749400000,2.75000000,8.00000000,595.00,6335.00,1.147000,1.051000,296.4985951,46.5772484
"Kepler-1930 b","Kepler-1930",1,1,"Transit",2021,13.02680016000,1.52955541,2.95000000,643.00,5083.00,0.844000,0.844000,297.5771450,40.0276768
"Kepler-1933 b","Kepler-1933",1,1,"Transit",2021,4.94329023400,1.17984089,1.76000000,1058.00,5661.00,1.008000,0.964000,283.9950850,39.9170121
"Kepler-1936 b","Kepler-1936",1,1,"Transit",2021,126.55699920000,3.16615594,10.20000000,524.00,6501.00,1.854000,1.419000,290.7300141,44.8361280
"Kepler-1937 b","Kepler-1937",1,1,"Transit",2021,9.68859958600,3.02291330,9.39000000,1014.00,6457.00,1.196000,1.190000,290.6583922,40.7785383
"Kepler-1939 b","Kepler-1939",1,1,"Transit",2021,2.79065990400,1.16480773,1.68000000,816.00,4353.00,0.603000,0.648000,285.6899312,40.9946659
"Kepler-194 b","Kepler-194",1,3,"Transit",2014,2.09228100000,1.51000000,2.89000000,1648.00,6089.00,1.025000,0.940000,291.9714290,47.8640498
"Kepler-194 c","Kepler-194",1,3,"Transit",2014,17.30803200000,2.59000000,7.22000000,815.00,6089.00,1.025000,0.940000,291.9714290,47.8640498
"Kepler-194 d","Kepler-194",1,3,"Transit",2014,52.81497300000,2.40000000,6.35000000,562.00,6089.00,1.025000,0.940000,291.9714290,47.8640498
"Kepler-1940 b","Kepler-1940",1,1,"Transit",2021,4.95061016100,1.54732469,3.01000000,885.00,5431.00,0.717000,0.802000,291.2042027,45.2383344
"Kepler-1941 b","Kepler-1941",1,1,"Transit",2021,31.33510017000,2.64976949,7.51000000,666.00,6404.00,1.142000,1.175000,296.6270184,49.3538910
"Kepler-1947 b","Kepler-1947",1,1,"Transit",2021,6.96363019900,1.01016660,1.01000000,1298.00,6040.00,1.686000,0.984000,296.1040313,42.3425818
"Kepler-1948 b","Kepler-1948",1,1,"Transit",2021,15.57129955000,1.03283226,1.09000000,399.00,3872.00,0.557000,0.585000,287.3640804,47.7853043
"Kepler-1951 b","Kepler-1951",1,1,"Transit",2021,20.65780067000,2.32107188,6.00000000,728.00,5468.00,1.306000,0.923000,290.4999139,40.2877161
"Kepler-1955 b","Kepler-1955",1,1,"Transit",2021,14.26519966000,1.16654878,1.69000000,853.00,5825.00,1.291000,1.049000,299.5347603,40.4777528
"Kepler-1956 b","Kepler-1956",1,1,"Transit",2021,5.94371986400,1.08940238,1.32000000,674.00,4391.00,0.682000,0.671000,294.6208506,49.8942190
"Kepler-1957 b","Kepler-1957",1,1,"Transit",2021,2.18661999700,0.94374867,0.79000000,1099.00,4904.00,0.772000,0.745000,293.7114360,47.8874467
"Kepler-196 b","Kepler-196",1,3,"Transit",2014,20.73988600000,1.90000000,4.27000000,536.00,5128.00,0.782000,0.839000,284.9685077,42.0791214
"Kepler-196 c","Kepler-196",1,3,"Transit",2014,47.42773700000,2.24000000,5.65000000,407.00,5128.00,0.782000,0.839000,284.9685077,42.0791214
"Kepler-1962 b","Kepler-1962",1,1,"Transit",2021,7.99145984600,1.21463929,1.95000000,901.00,5700.00,1.006000,1.003000,289.5483989,40.1641457
"Kepler-1964 b","Kepler-1964",1,1,"Transit",2021,2.44082999200,1.78105870,3.83000000,986.00,4803.00,0.698000,0.752000,297.0588033,49.4784362
"Kepler-1965 b","Kepler-1965",1,1,"Transit",2021,41.86869812000,1.35415138,2.40000000,492.00,5852.00,0.837000,0.928000,292.5147146,38.0219872
"Kepler-1966 b","Kepler-1966",1,1,"Transit",2021,8.61742973300,1.10479327,1.39000000,733.00,5009.00,0.840000,0.797000,292.4637788,41.2990438
"Kepler-197 c","Kepler-197",2,4,"Transit",2014,10.34969500000,1.23000000,5.30000000,930.00,6004.00,1.120000,0.857000,295.2264739,50.5592348
"Kepler-197 d","Kepler-197",2,4,"Transit",2014,15.67756300000,1.22000000,1.98000000,810.00,6004.00,1.120000,0.857000,295.2264739,50.5592348
"Kepler-197 e","Kepler-197",2,4,"Transit",2014,25.20971500000,0.91000000,0.69300000,691.00,6004.00,1.120000,0.857000,295.2264739,50.5592348
"Kepler-1976 b","Kepler-1976",1,1,"Transit",2023,4.95931924400,12.21000000,,1103.00,5712.00,1.082000,0.976000,292.1670600,48.7275345
"Kepler-1977 b","Kepler-1977",1,1,"Transit",2023,4.53702121000,1.66000000,3.39000000,798.00,4805.00,0.688000,0.769000,290.6178587,37.2891002
"Kepler-1978 b","Kepler-1978",1,1,"Transit",2023,10.84969477000,2.67000000,7.61000000,676.00,5251.00,0.778000,0.869000,286.0067312,38.0095407
"Kepler-1979 b","Kepler-1979",1,1,"Transit",2023,18.50845260000,29.33000000,,683.00,5942.00,0.938000,1.028000,289.8429062,38.3096220
"Kepler-198 b","Kepler-198",1,3,"Transit",2014,17.79003700000,2.82000000,8.35000000,655.00,5574.00,0.940000,0.995000,290.6731326,38.6910045
"Kepler-198 c","Kepler-198",1,3,"Transit",2014,49.56741600000,2.47000000,6.66000000,465.00,5574.00,0.940000,0.995000,290.6731326,38.6910045
"Kepler-198 d","Kepler-198",1,3,"Transit",2016,1.31184443000,1.53000000,2.96000000,1562.00,5636.00,0.930000,0.970000,290.6731326,38.6910045
"Kepler-1980 b","Kepler-1980",1,1,"Transit",2023,33.02571790000,2.21000000,5.52000000,564.00,5819.00,0.990000,1.049000,295.1672065,38.6370390
"Kepler-1981 b","Kepler-1981",1,1,"Transit",2023,453.54212000000,9.23000000,62.50000000,390.00,5874.00,3.006000,1.519000,287.9754691,38.7402988
"Kepler-1986 b","Kepler-1986",1,1,"Transit",2023,19.54896660000,1.89000000,4.23000000,579.00,5549.00,0.732000,0.776000,292.9582727,42.8548909
"Kepler-1987 d","Kepler-1987",1,4,"Transit",2023,5.64491415400,2.66000000,7.56000000,744.00,4769.00,0.714000,0.799000,295.8254663,42.9433716
"Kepler-199 c","Kepler-199",1,2,"Transit",2014,67.09340800000,3.25000000,10.60000000,420.00,5644.00,0.967000,0.960000,295.5594278,40.2362490
"Kepler-1990 b","Kepler-1990",1,2,"Transit",2023,1.73513619000,3.27000000,10.70000000,1554.00,5751.00,1.071000,1.028000,299.7047433,44.4357068
"Kepler-1991 c","Kepler-1991",1,2,"Transit",2023,22.79020351000,2.57000000,7.13000000,634.00,5478.00,1.053000,0.914000,285.0360506,45.0709909
"Kepler-1992 b","Kepler-1992",1,1,"Transit",2023,15.61122380000,0.91000000,0.69300000,637.00,5383.00,0.842000,0.874000,295.0902409,45.0811045
"Kepler-1996 b","Kepler-1996",1,2,"Transit",2023,32.37618300000,2.26000000,5.73000000,392.00,4580.00,0.675000,0.748000,285.2537555,46.5822183
"Kepler-20 b","Kepler-20",2,6,"Transit",2011,3.69610490000,1.77300000,9.70000000,1187.00,5495.00,0.916400,0.929000,287.6979913,42.3385782
"Kepler-20 d","Kepler-20",2,6,"Transit",2011,77.61145500000,2.60600000,13.40000000,430.00,5495.00,0.916400,0.929000,287.6979913,42.3385782
"Kepler-200 b","Kepler-200",1,2,"Transit",2014,8.59480500000,2.13000000,5.18000000,854.00,5678.00,0.944000,0.972000,284.4099503,41.2374928
"Kepler-200 c","Kepler-200",1,2,"Transit",2014,10.22215700000,1.59000000,3.15000000,806.00,5678.00,0.944000,0.972000,284.4099503,41.2374928
"Kepler-2001 b","Kepler-2001",1,2,"Transit",2023,1.09001100300,1.04000000,1.12000000,1402.00,5081.00,0.770000,0.864000,291.6594558,50.5838585
"Kepler-2001 c","Kepler-2001",1,2,"Transit",2023,14.09258318900,1.82000000,3.97000000,597.00,5081.00,0.770000,0.864000,291.6594558,50.5838585
"Kepler-201 b","Kepler-201",1,2,"Transit",2014,25.67208300000,2.46000000,6.62000000,683.00,6065.00,1.229000,1.098000,293.6260590,41.2728004
"Kepler-202 b","Kepler-202",1,2,"Transit",2014,4.06942700000,1.63000000,3.29000000,802.00,4668.00,0.667000,0.683000,282.9734874,41.3217991
"Kepler-202 c","Kepler-202",1,2,"Transit",2014,16.28249300000,1.85000000,4.08000000,505.00,4668.00,0.667000,0.683000,282.9734874,41.3217991
"Kepler-203 c","Kepler-203",1,3,"Transit",2014,5.37064700000,2.47000000,749.90000000,1096.00,5821.00,1.114000,1.060000,297.0899590,41.3880686
"Kepler-203 d","Kepler-203",1,3,"Transit",2014,11.32972000000,1.44000000,33.90000000,855.00,5821.00,1.114000,1.060000,297.0899590,41.3880686
"Kepler-204 b","Kepler-204",1,2,"Transit",2014,14.40097400000,2.53000000,6.94000000,828.00,5812.00,1.238000,1.038000,285.3471620,41.7618450
"Kepler-205 b","Kepler-205",1,2,"Transit",2014,2.75564000000,1.51000000,2.89000000,757.00,4321.00,0.546000,0.592000,285.2866912,41.8609357
"Kepler-205 c","Kepler-205",1,2,"Transit",2014,20.30654600000,1.64000000,3.33000000,389.00,4321.00,0.546000,0.592000,285.2866912,41.8609357
"Kepler-206 b","Kepler-206",1,3,"Transit",2014,7.78198700000,1.20000000,1.87000000,983.00,5764.00,1.185000,0.957000,291.6346564,41.8338415
"Kepler-206 c","Kepler-206",1,3,"Transit",2014,13.13747100000,1.77000000,3.78000000,825.00,5764.00,1.185000,0.957000,291.6346564,41.8338415
"Kepler-206 d","Kepler-206",1,3,"Transit",2014,23.44281000000,1.19000000,1.81000000,681.00,5764.00,1.185000,0.957000,291.6346564,41.8338415
"Kepler-207 b","Kepler-207",1,3,"Transit",2014,1.61186500000,1.57000000,3.09000000,1930.00,5920.00,1.588000,1.313000,290.0305195,42.1660555
"Kepler-207 c","Kepler-207",1,3,"Transit",2014,3.07157100000,1.50000000,2.86000000,1556.00,5920.00,1.588000,1.313000,290.0305195,42.1660555
"Kepler-207 d","Kepler-207",1,3,"Transit",2014,5.86807500000,3.31000000,11.00000000,1254.00,5920.00,1.588000,1.313000,290.0305195,42.1660555
"Kepler-208 b","Kepler-208",1,4,"Transit",2014,4.22864000000,1.63000000,3.29000000,1379.00,6092.00,1.314000,1.082000,293.8901979,42.5279413
"Kepler-208 e","Kepler-208",1,4,"Transit",2014,16.25945800000,1.48000000,2.79000000,880.00,6092.00,1.314000,1.082000,293.8901979,42.5279413
"Kepler-209 b","Kepler-209",1,2,"Transit",2014,16.08784500000,2.26000000,5.73000000,668.00,5513.00,0.935000,0.971000,291.1694567,42.6407281
"Kepler-209 c","Kepler-209",1,2,"Transit",2014,41.74988200000,3.10000000,9.80000000,486.00,5513.00,0.935000,0.971000,291.1694567,42.6407281
"Kepler-210 c","Kepler-210",1,2,"Transit",2014,7.97251300000,3.62000000,12.80000000,497.00,4559.00,0.650000,0.770000,292.5034196,43.0832188
"Kepler-211 b","Kepler-211",1,2,"Transit",2014,4.13857500000,1.26000000,2.13000000,954.00,5123.00,0.816000,0.867000,285.4391183,43.1685051
"Kepler-211 c","Kepler-211",1,2,"Transit",2014,6.04045000000,1.29000000,18.30000000,841.00,5123.00,0.816000,0.867000,285.4391183,43.1685051
"Kepler-212 c","Kepler-212",1,2,"Transit",2014,31.80517400000,2.74000000,7.95000000,664.00,5852.00,1.455000,1.166000,287.6208165,43.1416239
"Kepler-213 b","Kepler-213",1,2,"Transit",2014,2.46236000000,1.62000000,3.26000000,1326.00,5696.00,1.195000,1.070000,290.8241931,44.6472832
"Kepler-213 c","Kepler-213",1,2,"Transit",2014,4.82296200000,2.34000000,6.08000000,1060.00,5696.00,1.195000,1.070000,290.8241931,44.6472832
"Kepler-214 b","Kepler-214",1,2,"Transit",2014,15.66054400000,2.61000000,7.32000000,758.00,6169.00,1.352000,1.110000,284.7548499,44.9560500
"Kepler-214 c","Kepler-214",1,2,"Transit",2014,28.77980000000,2.13000000,5.18000000,619.00,6169.00,1.352000,1.110000,284.7548499,44.9560500
"Kepler-215 b","Kepler-215",1,4,"Transit",2014,9.36067200000,1.62000000,3.26000000,784.00,5739.00,1.027000,0.788000,294.9735313,45.2136867
"Kepler-215 d","Kepler-215",1,4,"Transit",2014,30.86442300000,2.39000000,23.60000000,527.00,5739.00,1.027000,0.788000,294.9735313,45.2136867
"Kepler-215 e","Kepler-215",1,4,"Transit",2014,68.16101000000,1.75000000,3.71000000,405.00,5739.00,1.027000,0.788000,294.9735313,45.2136867
"Kepler-216 c","Kepler-216",1,2,"Transit",2014,17.40666900000,3.04000000,9.48000000,814.00,6091.00,1.260000,1.126000,293.7280695,46.1291139
"Kepler-217 b","Kepler-217",1,3,"Transit",2014,5.37494300000,2.23000000,5.60000000,1413.00,6171.00,1.799000,1.342000,293.0377331,46.2775223
"Kepler-217 c","Kepler-217",1,3,"Transit",2014,8.58600400000,1.85000000,4.08000000,1208.00,6171.00,1.799000,1.342000,293.0377331,46.2775223
"Kepler-218 b","Kepler-218",1,3,"Transit",2014,3.61933700000,1.48000000,2.79000000,1156.00,5502.00,1.063000,1.019000,295.4128785,46.2665801
"Kepler-218 c","Kepler-218",1,3,"Transit",2014,44.69957600000,3.14000000,10.00000000,500.00,5502.00,1.063000,1.019000,295.4128785,46.2665801
"Kepler-218 d","Kepler-218",1,3,"Transit",2016,124.52446470000,2.66000000,7.56000000,356.00,5542.00,1.020000,1.010000,295.4128785,46.2665801
"Kepler-219 b","Kepler-219",1,3,"Transit",2014,4.58551200000,2.95000000,9.01000000,1307.00,5786.00,1.491000,1.164000,288.7389481,46.7625929
"Kepler-219 c","Kepler-219",1,3,"Transit",2014,22.71461300000,3.58000000,12.50000000,766.00,5786.00,1.491000,1.164000,288.7389481,46.7625929
"Kepler-220 e","Kepler-220",1,4,"Transit",2014,45.90273300000,1.33000000,2.33000000,341.00,4632.00,0.666000,0.729000,291.5060432,46.8956262
"Kepler-221 c","Kepler-221",1,4,"Transit",2014,5.69058600000,2.93000000,9.30000000,860.00,5243.00,0.821000,0.854000,296.6547477,46.8352242
"Kepler-221 d","Kepler-221",1,4,"Transit",2014,10.04156000000,2.73000000,3.61000000,712.00,5243.00,0.821000,0.854000,296.6547477,46.8352242
"Kepler-222 b","Kepler-222",1,3,"Transit",2014,3.93698100000,3.16000000,10.10000000,1004.00,5433.00,0.869000,0.933000,287.9060885,46.9377479
"Kepler-222 c","Kepler-222",1,3,"Transit",2014,10.08881000000,4.64000000,19.40000000,734.00,5433.00,0.869000,0.933000,287.9060885,46.9377479
"Kepler-224 b","Kepler-224",1,4,"Transit",2014,3.13292400000,1.39000000,2.51000000,937.00,5018.00,0.676000,0.777000,290.9342679,47.3575414
"Kepler-224 c","Kepler-224",1,4,"Transit",2014,5.92500300000,3.12000000,9.91000000,758.00,5018.00,0.676000,0.777000,290.9342679,47.3575414
"Kepler-224 d","Kepler-224",1,4,"Transit",2014,11.34939300000,2.30000000,5.90000000,610.00,5018.00,0.676000,0.777000,290.9342679,47.3575414
"Kepler-224 e","Kepler-224",1,4,"Transit",2014,18.64357700000,1.97000000,4.54000000,517.00,5018.00,0.676000,0.777000,290.9342679,47.3575414
"Kepler-225 b","Kepler-225",1,2,"Transit",2014,6.73897500000,1.20000000,1.87000000,579.00,3682.00,0.480000,0.593000,292.1939846,47.4570808
"Kepler-225 c","Kepler-225",1,2,"Transit",2014,18.79423400000,1.84000000,4.04000000,412.00,3682.00,0.480000,0.593000,292.1939846,47.4570808
"Kepler-226 b","Kepler-226",1,3,"Transit",2014,3.94099700000,1.55000000,24.00000000,1018.00,5571.00,0.802000,0.904000,292.3760942,47.8809596
"Kepler-226 c","Kepler-226",1,3,"Transit",2014,5.34955500000,2.27000000,45.20000000,919.00,5571.00,0.802000,0.904000,292.3760942,47.8809596
"Kepler-227 b","Kepler-227",1,2,"Transit",2014,9.48801500000,3.11000000,9.85000000,793.00,5854.00,1.091000,0.954000,291.9342748,48.1416760
"Kepler-228 b","Kepler-228",1,3,"Transit",2014,2.56654600000,1.53000000,2.96000000,1360.00,6043.00,1.014000,1.006000,296.2860853,48.2246328
"Kepler-228 c","Kepler-228",1,3,"Transit",2014,4.13444400000,2.70000000,7.75000000,1160.00,6043.00,1.014000,1.006000,296.2860853,48.2246328
"Kepler-229 c","Kepler-229",1,3,"Transit",2014,16.06863800000,4.92000000,21.50000000,600.00,5120.00,0.728000,0.808000,286.9994758,48.3757867
"Kepler-229 d","Kepler-229",1,3,"Transit",2014,41.19491200000,3.85000000,14.20000000,439.00,5120.00,0.728000,0.808000,286.9994758,48.3757867
"Kepler-23 b","Kepler-23",1,3,"Transit",2011,7.10000000000,1.63800000,2.56000000,1157.00,5828.00,1.548000,1.078000,294.2189131,49.4792536
"Kepler-230 b","Kepler-230",1,2,"Transit",2014,32.62555500000,4.26000000,16.80000000,506.00,5588.00,0.817000,0.784000,285.7185682,48.5058038
"Kepler-230 c","Kepler-230",1,2,"Transit",2014,91.77324200000,2.04000000,4.82000000,359.00,5588.00,0.817000,0.784000,285.7185682,48.5058038
"Kepler-231 b","Kepler-231",1,2,"Transit",2014,10.06527500000,1.73000000,35.40000000,488.00,3767.00,0.490000,0.580000,293.9733913,50.5318460
"Kepler-232 b","Kepler-232",1,2,"Transit",2014,4.43122200000,3.08000000,9.69000000,1104.00,5847.00,0.968000,0.970000,295.8161668,51.1217249
"Kepler-232 c","Kepler-232",1,2,"Transit",2014,11.37934900000,3.83000000,14.00000000,806.00,5847.00,0.968000,0.970000,295.8161668,51.1217249
"Kepler-233 b","Kepler-233",1,2,"Transit",2014,8.47238200000,2.43000000,6.48000000,751.00,5360.00,0.758000,0.855000,296.3665054,51.3194548
"Kepler-233 c","Kepler-233",1,2,"Transit",2014,60.41895500000,2.71000000,7.80000000,390.00,5360.00,0.758000,0.855000,296.3665054,51.3194548
"Kepler-234 b","Kepler-234",1,2,"Transit",2014,2.71150600000,3.70000000,13.20000000,1420.00,6224.00,1.113000,1.129000,291.6535379,38.4946597
"Kepler-234 c","Kepler-234",1,2,"Transit",2014,7.21205000000,3.51000000,12.10000000,1025.00,6224.00,1.113000,1.129000,291.6535379,38.4946597
"Kepler-235 b","Kepler-235",1,4,"Transit",2014,3.34022200000,2.23000000,5.60000000,731.00,4255.00,0.554000,0.581000,286.0790779,39.2782370
"Kepler-235 c","Kepler-235",1,4,"Transit",2014,7.82490400000,1.28000000,2.18000000,555.00,4255.00,0.554000,0.581000,286.0790779,39.2782370
"Kepler-235 d","Kepler-235",1,4,"Transit",2014,20.06054800000,2.05000000,4.86000000,401.00,4255.00,0.554000,0.581000,286.0790779,39.2782370
"Kepler-235 e","Kepler-235",1,4,"Transit",2014,46.18366900000,2.22000000,5.56000000,306.00,4255.00,0.554000,0.581000,286.0790779,39.2782370
"Kepler-236 c","Kepler-236",1,2,"Transit",2014,23.96812700000,2.00000000,4.66000000,329.00,3750.00,0.510000,0.596005,283.8664285,39.8981928
"Kepler-237 b","Kepler-237",1,2,"Transit",2014,4.71510600000,1.41000000,2.57000000,823.00,4861.00,0.725000,0.696000,283.2213438,40.4217620
"Kepler-237 c","Kepler-237",1,2,"Transit",2014,8.10363600000,2.08000000,4.98000000,687.00,4861.00,0.725000,0.696000,283.2213438,40.4217620
"Kepler-238 b","Kepler-238",1,5,"Transit",2014,2.09087600000,1.73000000,3305.02000000,1642.00,5751.00,1.430000,1.229000,287.8971066,40.6378141
"Kepler-238 c","Kepler-238",1,5,"Transit",2014,6.15555700000,2.39000000,152.52200000,1146.00,5751.00,1.430000,1.229000,287.8971066,40.6378141
"Kepler-238 d","Kepler-238",1,5,"Transit",2014,13.23354900000,3.07000000,23.10000000,888.00,5751.00,1.430000,1.229000,287.8971066,40.6378141
"Kepler-238 e","Kepler-238",1,5,"Transit",2013,23.65400000000,5.60000000,169.70000000,731.00,5800.00,0.960000,1.060000,287.8971066,40.6378141
"Kepler-238 f","Kepler-238",1,5,"Transit",2013,50.44700000000,2.00000000,13.50000000,568.00,5800.00,0.960000,1.060000,287.8971066,40.6378141
"Kepler-239 c","Kepler-239",1,2,"Transit",2014,56.22809800000,2.51000000,6.85000000,366.00,4914.00,0.763000,0.757000,294.2020505,40.6633313
"Kepler-24 b","Kepler-24",1,4,"Transit",2011,8.14000000000,2.34800000,11.14000000,1050.00,6028.00,1.099000,1.060000,290.4132621,38.3437283
"Kepler-24 d","Kepler-24",1,4,"Transit",2014,4.24438400000,1.67000000,293.95900000,1305.00,5897.00,1.289000,1.046000,290.4132621,38.3437283
"Kepler-24 e","Kepler-24",1,4,"Transit",2014,18.99835500000,2.78000000,26.21180000,792.00,5897.00,1.289000,1.046000,290.4132621,38.3437283
"Kepler-240 b","Kepler-240",1,2,"Transit",2014,4.14449500000,1.37000000,2.45000000,864.00,4985.00,0.739000,0.868000,291.1587635,40.7502108
"Kepler-241 c","Kepler-241",1,2,"Transit",2014,36.06597800000,2.57000000,7.13000000,397.00,4699.00,0.668000,0.671000,292.9131121,41.0609786
"Kepler-242 b","Kepler-242",1,2,"Transit",2014,8.20395000000,2.61000000,7.32000000,742.00,5020.00,0.850000,0.748000,286.5656932,41.8084168
"Kepler-242 c","Kepler-242",1,2,"Transit",2014,14.49648100000,2.00000000,4.66000000,613.00,5020.00,0.850000,0.748000,286.5656932,41.8084168
"Kepler-243 b","Kepler-243",1,2,"Transit",2014,5.71544200000,2.45000000,6.57000000,850.00,5228.00,0.842000,0.904000,285.1104819,42.0339619
"Kepler-243 c","Kepler-243",1,2,"Transit",2014,20.02621800000,1.99000000,4.62000000,559.00,5228.00,0.842000,0.904000,285.1104819,42.0339619
"Kepler-244 b","Kepler-244",1,3,"Transit",2014,4.31179200000,2.76000000,8.05000000,1038.00,5554.00,0.803000,0.933000,287.2426410,42.3014185
"Kepler-244 c","Kepler-244",1,3,"Transit",2014,9.76729200000,2.05000000,4.86000000,791.00,5554.00,0.803000,0.933000,287.2426410,42.3014185
"Kepler-244 d","Kepler-244",1,3,"Transit",2014,20.05040100000,2.31000000,15.20000000,622.00,5554.00,0.803000,0.933000,287.2426410,42.3014185
"Kepler-245 b","Kepler-245",1,4,"Transit",2014,7.49019000000,2.57000000,146.78000000,753.00,5100.00,0.795000,0.856000,291.6389972,42.4363482
"Kepler-246 b","Kepler-246",1,2,"Transit",2014,4.60182000000,2.34000000,6.08000000,896.00,5206.00,0.831000,0.853000,296.4834007,42.6633806
"Kepler-246 c","Kepler-246",1,2,"Transit",2014,11.18716100000,1.50000000,2.86000000,667.00,5206.00,0.831000,0.853000,296.4834007,42.6633806
"Kepler-247 b","Kepler-247",1,4,"Transit",2014,3.33616000000,1.64000000,3.33000000,970.00,5100.00,0.768000,0.887000,288.6425609,43.0393769
"Kepler-247 c","Kepler-247",1,4,"Transit",2014,9.43945200000,4.09000000,15.70000000,686.00,5100.00,0.768000,0.887000,288.6425609,43.0393769
"Kepler-247 d","Kepler-247",1,4,"Transit",2014,20.47370000000,4.50000000,50.00000000,530.00,5094.00,0.791000,0.884000,288.6425609,43.0393769
"Kepler-248 b","Kepler-248",1,2,"Transit",2014,6.30820500000,3.02000000,9.38000000,819.00,5190.00,0.831000,0.838000,293.0613138,43.5813577
"Kepler-249 b","Kepler-249",1,3,"Transit",2014,3.30653900000,1.09000000,1.32000000,554.00,3568.00,0.482000,0.510238,296.9853002,43.6586043
"Kepler-249 c","Kepler-249",1,3,"Transit",2014,7.11370200000,1.51000000,2.89000000,429.00,3568.00,0.482000,0.510238,296.9853002,43.6586043
"Kepler-249 d","Kepler-249",1,3,"Transit",2014,15.36845900000,1.57000000,3.09000000,332.00,3568.00,0.482000,0.510238,296.9853002,43.6586043
"Kepler-250 b","Kepler-250",1,3,"Transit",2014,4.14814100000,1.13000000,1.51000000,938.00,5160.00,0.805000,0.806000,289.5947633,44.1418114
"Kepler-250 c","Kepler-250",1,3,"Transit",2014,7.15680400000,2.28000000,5.82000000,782.00,5160.00,0.805000,0.806000,289.5947633,44.1418114
"Kepler-250 d","Kepler-250",1,3,"Transit",2014,17.64831200000,2.18000000,5.39000000,579.00,5160.00,0.805000,0.806000,289.5947633,44.1418114
"Kepler-251 c","Kepler-251",1,4,"Transit",2014,16.51404300000,2.77000000,8.10000000,655.00,5526.00,0.890000,0.891000,296.5662171,44.1058077
"Kepler-251 d","Kepler-251",1,4,"Transit",2014,30.13300100000,2.77000000,8.10000000,536.00,5526.00,0.890000,0.891000,296.5662171,44.1058077
"Kepler-251 e","Kepler-251",1,4,"Transit",2014,99.64016100000,2.77000000,8.10000000,360.00,5526.00,0.890000,0.891000,296.5662171,44.1058077
"Kepler-252 c","Kepler-252",1,2,"Transit",2014,10.84846300000,2.15000000,5.27000000,499.00,4208.00,0.549000,0.610000,295.5793290,44.5459052
"Kepler-253 c","Kepler-253",1,3,"Transit",2014,10.28195100000,2.65000000,7.51000000,680.00,5208.00,0.786000,0.860000,291.8419337,44.8581240
"Kepler-253 d","Kepler-253",1,3,"Transit",2014,18.11986900000,3.17000000,10.20000000,563.00,5208.00,0.786000,0.860000,291.8419337,44.8581240
"Kepler-254 b","Kepler-254",1,3,"Transit",2014,5.82666200000,3.87000000,14.30000000,1013.00,5957.00,0.910000,0.849000,288.1646541,45.8164257
"Kepler-254 c","Kepler-254",1,3,"Transit",2014,12.41218300000,2.15000000,3.20000000,787.00,5957.00,0.910000,0.849000,288.1646541,45.8164257
"Kepler-254 d","Kepler-254",1,3,"Transit",2014,18.74647700000,2.50000000,6.80000000,686.00,5957.00,0.910000,0.849000,288.1646541,45.8164257
"Kepler-255 b","Kepler-255",1,3,"Transit",2014,5.71460600000,1.55000000,3.02000000,971.00,5573.00,0.933000,0.867000,296.0642702,45.9767647
"Kepler-255 c","Kepler-255",1,3,"Transit",2014,9.94604700000,2.99000000,9.22000000,807.00,5573.00,0.933000,0.867000,296.0642702,45.9767647
"Kepler-255 d","Kepler-255",1,3,"Transit",2016,1.04562265800,1.32000000,2.30000000,1710.00,5431.00,0.860000,0.900000,296.0642702,45.9767647
"Kepler-256 b","Kepler-256",1,4,"Transit",2014,1.62049300000,1.59000000,3.15000000,1681.00,5551.00,1.301000,1.037000,292.5804200,46.0973588
"Kepler-256 c","Kepler-256",1,4,"Transit",2014,3.38802000000,2.15000000,5.27000000,1315.00,5551.00,1.301000,1.037000,292.5804200,46.0973588
"Kepler-256 d","Kepler-256",1,4,"Transit",2014,5.83917200000,2.48000000,6.71000000,1097.00,5551.00,1.301000,1.037000,292.5804200,46.0973588
"Kepler-256 e","Kepler-256",1,4,"Transit",2014,10.68157200000,2.35000000,6.12000000,897.00,5551.00,1.301000,1.037000,292.5804200,46.0973588
"Kepler-257 b","Kepler-257",1,3,"Transit",2014,2.38266700000,2.61000000,7.32000000,1237.00,5180.00,1.037000,0.916000,297.3159994,46.0232642
"Kepler-257 c","Kepler-257",1,3,"Transit",2014,6.58148400000,5.41000000,25.20000000,881.00,5180.00,1.037000,0.916000,297.3159994,46.0232642
"Kepler-257 d","Kepler-257",1,3,"Transit",2014,24.66455100000,4.95000000,21.70000000,567.00,5180.00,1.037000,0.916000,297.3159994,46.0232642
"Kepler-258 b","Kepler-258",1,2,"Transit",2014,13.19722000000,4.06000000,15.50000000,642.00,4942.00,0.915000,0.820000,294.0684116,46.5791357
"Kepler-258 c","Kepler-258",1,2,"Transit",2014,33.65307900000,3.61000000,12.70000000,470.00,4942.00,0.915000,0.820000,294.0684116,46.5791357
"Kepler-259 b","Kepler-259",1,2,"Transit",2014,8.11531700000,2.80000000,8.25000000,879.00,5938.00,0.898000,0.867000,288.2119707,46.6150461
"Kepler-26 b","Kepler-26",1,4,"Transit",2011,12.28000000000,2.78000000,5.12000000,431.00,3914.00,0.512000,0.544000,284.9410627,46.5664505
"Kepler-26 c","Kepler-26",1,4,"Transit",2011,17.25590000000,2.72000000,6.20000000,385.00,3914.00,0.512000,0.544000,284.9410627,46.5664505
"Kepler-26 e","Kepler-26",1,4,"Transit",2014,46.82791500000,2.41000000,6.39000000,276.00,4486.00,0.571000,0.593000,284.9410627,46.5664505
"Kepler-260 c","Kepler-260",1,2,"Transit",2014,76.05017800000,1.74000000,3.68000000,372.00,5250.00,0.862000,1.013000,291.9259658,38.0140525
"Kepler-261 c","Kepler-261",1,2,"Transit",2014,24.57085800000,2.00000000,4.66000000,505.00,5098.00,0.794000,0.834000,291.3647333,37.6092390
"Kepler-262 b","Kepler-262",1,2,"Transit",2014,13.06085500000,1.36000000,2.42000000,734.00,5841.00,0.881000,0.816000,290.7287168,37.2526575
"Kepler-263 b","Kepler-263",1,2,"Transit",2014,16.56808700000,2.67000000,7.61000000,548.00,5265.00,0.785000,0.793000,292.4698022,37.5677941
"Kepler-263 c","Kepler-263",1,2,"Transit",2014,47.33277300000,2.47000000,6.66000000,386.00,5265.00,0.785000,0.793000,292.4698022,37.5677941
"Kepler-264 b","Kepler-264",1,2,"Transit",2014,40.80623100000,3.33000000,11.10000000,772.00,6158.00,1.550000,1.426000,292.0446280,37.3761861
"Kepler-264 c","Kepler-264",1,2,"Transit",2014,140.10126100000,2.83000000,8.40000000,511.00,6158.00,1.550000,1.426000,292.0446280,37.3761861
"Kepler-265 b","Kepler-265",1,4,"Transit",2014,6.84626200000,1.86000000,4.12000000,1022.00,5835.00,1.103000,0.970000,290.5104788,41.2447430
"Kepler-265 c","Kepler-265",1,4,"Transit",2014,17.02893700000,2.63000000,7.41000000,755.00,5835.00,1.103000,0.970000,290.5104788,41.2447430
"Kepler-265 e","Kepler-265",1,4,"Transit",2014,67.83102400000,2.59000000,7.22000000,476.00,5835.00,1.103000,0.970000,290.5104788,41.2447430
"Kepler-266 b","Kepler-266",1,2,"Transit",2014,6.61833000000,2.48000000,6.71000000,1066.00,5885.00,1.028000,0.947000,294.4843821,44.1669355
"Kepler-266 c","Kepler-266",1,2,"Transit",2014,107.72360100000,3.89000000,14.40000000,421.00,5885.00,1.028000,0.947000,294.4843821,44.1669355
"Kepler-267 b","Kepler-267",1,3,"Transit",2014,3.35372800000,1.98000000,37.90000000,615.00,4258.00,0.555000,0.541571,299.8305655,47.1575741
"Kepler-268 b","Kepler-268",1,2,"Transit",2014,25.93413800000,2.55000000,7.04000000,695.00,6081.00,1.274000,1.109000,291.9761559,38.0550327
"Kepler-268 c","Kepler-268",1,2,"Transit",2014,83.44639300000,3.38000000,11.40000000,471.00,6081.00,1.274000,1.109000,291.9761559,38.0550327
"Kepler-269 b","Kepler-269",1,2,"Transit",2014,5.32671800000,2.47000000,6.66000000,1007.00,5847.00,0.959000,0.920000,290.2151459,41.7759810
"Kepler-269 c","Kepler-269",1,2,"Transit",2014,8.12789900000,1.69000000,3.50000000,875.00,5847.00,0.959000,0.920000,290.2151459,41.7759810
"Kepler-27 b","Kepler-27",1,3,"Transit",2011,15.33480000000,4.00000000,2895.31000000,610.00,5400.00,0.590000,0.650000,292.2367608,41.0858710
"Kepler-27 c","Kepler-27",1,3,"Transit",2011,31.33090000000,4.90000000,4385.87000000,481.00,5400.00,0.590000,0.650000,292.2367608,41.0858710
"Kepler-27 d","Kepler-27",1,3,"Transit",2021,6.54628992100,2.70619460,7.78000000,810.00,5251.00,0.817000,0.926000,292.2367608,41.0858710
"Kepler-270 c","Kepler-270",1,2,"Transit",2014,25.26288700000,1.77000000,3.78000000,756.00,6067.00,1.461000,1.170000,282.2001207,44.4222795
"Kepler-271 d","Kepler-271",1,3,"Transit",2016,5.24972541000,0.66000000,0.21900000,954.00,5555.00,0.870000,0.900000,283.0029316,44.2841080
"Kepler-272 b","Kepler-272",1,3,"Transit",2014,2.97135300000,1.43000000,78.00000000,1200.00,5297.00,0.929000,0.910000,299.1275257,47.5938319
"Kepler-272 d","Kepler-272",1,3,"Transit",2014,10.93730400000,2.25000000,5.69000000,777.00,5297.00,0.929000,0.910000,299.1275257,47.5938319
"Kepler-273 b","Kepler-273",1,2,"Transit",2014,2.93653200000,1.50000000,2.86000000,1209.00,5626.00,0.815000,0.756000,291.3021458,47.6976573
"Kepler-274 b","Kepler-274",1,2,"Transit",2014,11.63478800000,1.54000000,2.99000000,961.00,6023.00,1.007000,0.883000,292.9227926,38.4772173
"Kepler-274 c","Kepler-274",1,2,"Transit",2014,33.19786100000,1.84000000,4.04000000,678.00,6023.00,1.007000,0.883000,292.9227926,38.4772173
"Kepler-275 c","Kepler-275",1,3,"Transit",2014,16.08813400000,3.38000000,11.40000000,875.00,6165.00,1.383000,1.189000,292.4797004,38.5149018
"Kepler-276 b","Kepler-276",1,3,"Transit",2014,14.12841000000,2.87000000,731.20900000,739.00,6105.00,1.046000,0.845000,293.5681970,39.0363123
"Kepler-276 c","Kepler-276",1,3,"Transit",2013,31.88400000000,2.90000000,16.60000000,563.00,5693.00,1.030000,1.100000,293.5681970,39.0363123
"Kepler-277 b","Kepler-277",1,2,"Transit",2013,17.32400000000,2.92000000,87.30000000,964.00,5946.00,1.690000,1.120000,286.5831894,39.0772582
"Kepler-277 c","Kepler-277",1,2,"Transit",2013,33.00600000000,3.36000000,64.20000000,778.00,5946.00,1.690000,1.120000,286.5831894,39.0772582
"Kepler-278 b","Kepler-278",1,2,"Transit",2014,30.15560000000,3.95500000,56.00000000,586.00,4965.00,2.861000,1.227000,290.1072124,38.7022694
"Kepler-278 c","Kepler-278",1,2,"Transit",2014,51.11100000000,3.26800000,34.90000000,492.00,4965.00,2.861000,1.227000,290.1072124,38.7022694
"Kepler-279 b","Kepler-279",1,4,"Transit",2014,12.30968100000,3.62000000,4180.93000000,1104.00,6363.00,1.746000,1.200000,287.3912950,42.1948220
"Kepler-279 c","Kepler-279",1,4,"Transit",2013,35.73600000000,4.30000000,49.40000000,774.00,6689.45,1.070000,1.100000,287.3912950,42.1948220
"Kepler-28 c","Kepler-28",1,2,"Transit",2011,8.99000000000,1.85700000,2.06000000,509.00,4499.30,0.664000,0.684000,292.1370409,42.4294835
"Kepler-280 b","Kepler-280",1,2,"Transit",2014,2.13954200000,1.45000000,2.70000000,1425.00,5744.00,0.886000,0.962000,291.3905325,42.1804735
"Kepler-280 c","Kepler-280",1,2,"Transit",2014,4.80709100000,2.01000000,4.70000000,1088.00,5744.00,0.886000,0.962000,291.3905325,42.1804735
"Kepler-281 b","Kepler-281",1,3,"Transit",2014,14.64600800000,2.82000000,324.00000000,694.00,5723.00,0.899000,0.950000,294.1081465,44.7706524
"Kepler-281 c","Kepler-281",1,3,"Transit",2014,36.33737300000,5.31000000,161.12400000,513.00,5723.00,0.899000,0.950000,294.1081465,44.7706524
"Kepler-282 b","Kepler-282",1,4,"Transit",2014,9.22052400000,1.01000000,1.01000000,817.00,5602.00,0.904000,0.860000,284.6772402,44.7976401
"Kepler-282 c","Kepler-282",1,4,"Transit",2014,13.63872300000,1.20000000,1.87000000,717.00,5602.00,0.904000,0.860000,284.6772402,44.7976401
"Kepler-282 e","Kepler-282",1,4,"Transit",2013,44.34700000000,3.10000000,56.20000000,484.00,5656.00,0.890000,0.970000,284.6772402,44.7976401
"Kepler-284 b","Kepler-284",1,2,"Transit",2014,12.69914900000,2.24000000,5.65000000,686.00,5615.00,0.814000,0.766000,293.1465698,47.7297053
"Kepler-285 b","Kepler-285",1,2,"Transit",2014,2.63386700000,1.34000000,2.36000000,1131.00,5411.00,0.808000,0.915000,291.3908469,48.0655392
"Kepler-286 c","Kepler-286",1,4,"Transit",2014,3.46809500000,1.37000000,2.45000000,1098.00,5580.00,0.863000,0.830000,290.6761874,48.2942362
"Kepler-286 d","Kepler-286",1,4,"Transit",2014,5.91432300000,1.33000000,2.33000000,919.00,5580.00,0.863000,0.830000,290.6761874,48.2942362
"Kepler-286 e","Kepler-286",1,4,"Transit",2014,29.22128900000,1.77000000,3.78000000,539.00,5580.00,0.863000,0.830000,290.6761874,48.2942362
"Kepler-287 b","Kepler-287",1,2,"Transit",2014,20.34219900000,2.33000000,83.00000000,667.00,5806.00,1.032000,0.963000,290.9274282,48.4434588
"Kepler-287 c","Kepler-287",1,2,"Transit",2014,44.85189600000,3.26000000,66.00000000,513.00,5806.00,1.032000,0.963000,290.9274282,48.4434588
"Kepler-288 b","Kepler-288",1,3,"Transit",2014,6.09732600000,1.67000000,3.43000000,1197.00,5918.00,1.091000,0.842000,288.9163997,39.5947523
"Kepler-288 c","Kepler-288",1,3,"Transit",2014,19.30577200000,2.85000000,8.50000000,815.00,5918.00,1.091000,0.842000,288.9163997,39.5947523
"Kepler-288 d","Kepler-288",1,3,"Transit",2014,56.63374200000,2.67000000,7.61000000,570.00,5918.00,1.091000,0.842000,288.9163997,39.5947523
"Kepler-290 b","Kepler-290",1,3,"Transit",2014,14.58934700000,2.25000000,5.69000000,594.00,5147.00,0.743000,0.756000,286.4100307,42.6815137
"Kepler-290 c","Kepler-290",1,3,"Transit",2014,36.77031000000,2.70000000,7.75000000,437.00,5147.00,0.743000,0.756000,286.4100307,42.6815137
"Kepler-291 b","Kepler-291",1,2,"Transit",2014,3.54651100000,2.16000000,5.31000000,1212.00,6002.00,1.016000,1.023000,287.9163029,42.4372666
"Kepler-291 c","Kepler-291",1,2,"Transit",2014,5.70078600000,1.88000000,4.19000000,1035.00,6002.00,1.016000,1.023000,287.9163029,42.4372666
"Kepler-292 b","Kepler-292",1,5,"Transit",2014,2.58082700000,1.32000000,2.30000000,1130.00,5299.00,0.826000,0.865000,295.7661979,42.4242822
"Kepler-292 c","Kepler-292",1,5,"Transit",2014,3.71533500000,1.47000000,2.76000000,1001.00,5299.00,0.826000,0.865000,295.7661979,42.4242822
"Kepler-292 d","Kepler-292",1,5,"Transit",2014,7.05567900000,2.23000000,5.60000000,808.00,5299.00,0.826000,0.865000,295.7661979,42.4242822
"Kepler-292 e","Kepler-292",1,5,"Transit",2014,11.97901000000,2.67000000,7.61000000,678.00,5299.00,0.826000,0.865000,295.7661979,42.4242822
"Kepler-293 b","Kepler-293",1,2,"Transit",2014,19.25419600000,3.07000000,9.64000000,657.00,5804.00,0.957000,0.934000,286.3580611,42.4064917
"Kepler-293 c","Kepler-293",1,2,"Transit",2014,54.15574300000,3.83000000,14.00000000,466.00,5804.00,0.957000,0.934000,286.3580611,42.4064917
"Kepler-295 b","Kepler-295",1,3,"Transit",2014,12.64516400000,1.22000000,1.98000000,741.00,5603.00,0.898000,0.890000,285.3458383,45.3677754
"Kepler-295 c","Kepler-295",1,3,"Transit",2014,21.52625800000,1.17000000,1.71000000,621.00,5603.00,0.898000,0.890000,285.3458383,45.3677754
"Kepler-295 d","Kepler-295",1,3,"Transit",2014,33.88405400000,1.36000000,2.42000000,533.00,5603.00,0.898000,0.890000,285.3458383,45.3677754
"Kepler-296 b","Kepler-296",2,5,"Transit",2014,10.86438400000,1.61000000,3.22000000,495.00,3740.00,0.480000,0.498000,286.5400278,49.4372614
"Kepler-296 d","Kepler-296",2,5,"Transit",2014,19.85029100000,2.09000000,5.02000000,403.00,3740.00,0.480000,0.498000,286.5400278,49.4372614
"Kepler-296 e","Kepler-296",2,5,"Transit",2014,34.14211000000,1.53000000,2.96000000,337.00,3740.00,0.480000,0.498000,286.5400278,49.4372614
"Kepler-296 f","Kepler-296",2,5,"Transit",2014,63.33627000000,1.80000000,3.89000000,274.00,3740.00,0.480000,0.498000,286.5400278,49.4372614
"Kepler-297 b","Kepler-297",1,3,"Transit",2014,38.87182600000,2.87000000,48.50000000,509.00,5619.00,0.915000,0.927000,283.2091605,48.7776156
"Kepler-297 c","Kepler-297",1,3,"Transit",2014,74.92013700000,6.54000000,42.10000000,409.00,5619.00,0.915000,0.927000,283.2091605,48.7776156
"Kepler-297 d","Kepler-297",1,3,"Transit",2023,150.01895110000,32.60000000,,325.00,5618.00,0.897000,0.846000,283.2091605,48.7776156
"Kepler-298 b","Kepler-298",1,3,"Transit",2014,10.47546400000,1.96000000,4.50000000,540.00,4465.00,0.582000,0.660000,283.0398448,48.8253303
"Kepler-298 c","Kepler-298",1,3,"Transit",2014,22.92881000000,1.93000000,4.38000000,416.00,4465.00,0.582000,0.660000,283.0398448,48.8253303
"Kepler-299 b","Kepler-299",1,4,"Transit",2014,2.92712800000,1.32000000,2.30000000,1258.00,5617.00,1.032000,1.004000,283.2070156,48.5805222
"Kepler-299 c","Kepler-299",1,4,"Transit",2014,6.88587500000,2.65000000,7.51000000,946.00,5617.00,1.032000,1.004000,283.2070156,48.5805222
"Kepler-30 b","Kepler-30",1,3,"Transit",2012,29.33434000000,3.90000000,11.30000000,524.00,5498.00,0.950000,0.990000,285.2836483,38.9472625
"Kepler-30 c","Kepler-30",1,3,"Transit",2012,60.32310500000,12.30000000,640.00000000,411.00,5498.00,0.950000,0.990000,285.2836483,38.9472625
"Kepler-300 b","Kepler-300",1,2,"Transit",2014,10.44634700000,1.67000000,3.43000000,812.00,5986.00,0.900000,1.070000,295.2886934,48.5997243
"Kepler-300 c","Kepler-300",1,2,"Transit",2014,40.71495500000,2.25000000,5.69000000,516.00,5986.00,0.900000,1.070000,295.2886934,48.5997243
"Kepler-301 b","Kepler-301",1,3,"Transit",2014,2.50855300000,1.35000000,2.39000000,1278.00,5815.00,0.900000,1.022000,283.9829040,49.2329512
"Kepler-301 c","Kepler-301",1,3,"Transit",2014,5.41902600000,1.35000000,2.39000000,989.00,5815.00,0.900000,1.022000,283.9829040,49.2329512
"Kepler-302 b","Kepler-302",1,2,"Transit",2014,30.18410400000,4.06000000,15.50000000,634.00,5740.00,1.220000,1.021000,294.3169307,43.6292436
"Kepler-302 c","Kepler-302",1,2,"Transit",2014,127.28218400000,12.45000000,,392.00,5740.00,1.220000,1.021000,294.3169307,43.6292436
"Kepler-304 c","Kepler-304",1,4,"Transit",2014,5.31594600000,2.17000000,5.35000000,746.00,4731.00,0.687000,0.737000,294.4418031,40.5575408
"Kepler-304 e","Kepler-304",1,4,"Transit",2016,1.49914695300,1.20000000,1.87000000,1137.00,4817.00,0.730000,0.800000,294.4418031,40.5575408
"Kepler-305 b","Kepler-305",1,4,"Transit",2013,5.48700000000,3.60000000,10.50000000,836.00,5080.00,0.800000,0.760000,299.2242557,40.3431670
"Kepler-306 b","Kepler-306",1,4,"Transit",2014,4.64618600000,1.52000000,2.92000000,830.00,4954.00,0.719000,0.750000,288.5387145,40.6160545
"Kepler-306 c","Kepler-306",1,4,"Transit",2014,7.24019300000,2.35000000,6.12000000,716.00,4954.00,0.719000,0.750000,288.5387145,40.6160545
"Kepler-306 e","Kepler-306",1,4,"Transit",2014,44.84097500000,2.27000000,5.77000000,390.00,4954.00,0.719000,0.750000,288.5387145,40.6160545
"Kepler-307 b","Kepler-307",1,2,"Transit",2013,10.42080000000,2.43000000,7.44000000,797.00,5367.00,0.814000,0.907000,297.7950939,40.4176403
"Kepler-307 c","Kepler-307",1,2,"Transit",2013,13.07290000000,2.20000000,3.64000000,739.00,5367.00,0.814000,0.907000,297.7950939,40.4176403
"Kepler-308 b","Kepler-308",1,2,"Transit",2014,9.69492800000,2.12000000,5.14000000,833.00,5895.00,0.941000,0.920000,295.7852423,40.4395753
"Kepler-308 c","Kepler-308",1,2,"Transit",2014,15.38231000000,2.16000000,5.31000000,714.00,5895.00,0.941000,0.920000,295.7852423,40.4395753
"Kepler-309 c","Kepler-309",1,2,"Transit",2014,105.35638300000,2.51000000,6.85000000,204.00,4713.00,0.721000,0.816000,297.5098911,46.9614121
"Kepler-31 b","Kepler-31",1,3,"Transit",2011,20.86130000000,5.50000000,36.74180000,781.00,6340.00,1.220000,1.210000,294.0230229,45.8530535
"Kepler-31 c","Kepler-31",1,3,"Transit",2011,42.63180000000,5.30000000,1493.70000000,615.00,6340.00,1.220000,1.210000,294.0230229,45.8530535
"Kepler-310 b","Kepler-310",1,3,"Transit",2014,13.93069800000,1.19000000,1.81000000,665.00,5797.00,0.876000,0.854000,288.8392780,46.9867472
"Kepler-310 c","Kepler-310",1,3,"Transit",2014,56.47542000000,3.38000000,11.40000000,417.00,5797.00,0.876000,0.854000,288.8392780,46.9867472
"Kepler-310 d","Kepler-310",1,3,"Transit",2014,92.87612500000,2.47000000,7.00000000,353.00,5797.00,0.876000,0.854000,288.8392780,46.9867472
"Kepler-311 b","Kepler-311",1,3,"Transit",2014,9.17609200000,1.70000000,3.53000000,960.00,5905.00,1.188000,0.994000,282.0612731,47.0854984
"Kepler-311 c","Kepler-311",1,3,"Transit",2014,19.73828600000,1.43000000,2.63000000,744.00,5905.00,1.188000,0.994000,282.0612731,47.0854984
"Kepler-312 b","Kepler-312",1,2,"Transit",2014,1.77241900000,1.29000000,2.21000000,1685.00,6115.00,1.467000,1.314000,298.3957687,42.4597712
"Kepler-312 c","Kepler-312",1,2,"Transit",2014,19.74741200000,3.15000000,10.10000000,754.00,6115.00,1.467000,1.314000,298.3957687,42.4597712
"Kepler-313 b","Kepler-313",1,2,"Transit",2014,14.97041800000,2.53000000,6.94000000,883.00,5727.00,1.536000,1.114000,298.2948708,48.7754000
"Kepler-313 c","Kepler-313",1,2,"Transit",2014,32.27327300000,2.57000000,7.13000000,683.00,5727.00,1.536000,1.114000,298.2948708,48.7754000
"Kepler-314 b","Kepler-314",1,2,"Transit",2014,2.46106900000,0.83000000,0.49800000,1195.00,5378.00,0.950000,0.990000,294.6741507,42.0756037
"Kepler-315 b","Kepler-315",1,2,"Transit",2014,96.10114100000,3.77000000,13.70000000,409.00,5796.00,1.037000,0.831000,298.0230967,43.3634761
"Kepler-315 c","Kepler-315",1,2,"Transit",2014,265.46933500000,4.15000000,16.10000000,291.00,5796.00,1.037000,0.831000,298.0230967,43.3634761
"Kepler-316 b","Kepler-316",1,2,"Transit",2014,2.24050800000,1.06000000,1.20000000,837.00,4204.00,0.520000,0.587000,290.8258350,44.1838993
"Kepler-316 c","Kepler-316",1,2,"Transit",2014,6.82776600000,1.16000000,1.65000000,577.00,4204.00,0.520000,0.587000,290.8258350,44.1838993
"Kepler-317 c","Kepler-317",1,2,"Transit",2014,8.77501000000,1.72000000,3.61000000,837.00,5497.00,0.941000,0.865000,294.9438822,39.0320499
"Kepler-318 b","Kepler-318",1,2,"Transit",2014,4.66271500000,4.71000000,19.90000000,1039.00,5746.00,1.189000,1.073000,298.4828337,46.7936357
"Kepler-319 c","Kepler-319",1,3,"Transit",2014,6.94135700000,2.63000000,7.41000000,876.00,5526.00,0.903000,0.933000,288.8119782,39.7706431
"Kepler-319 d","Kepler-319",1,3,"Transit",2014,31.78192500000,2.29000000,5.86000000,528.00,5526.00,0.903000,0.933000,288.8119782,39.7706431
"Kepler-32 b","Kepler-32",1,5,"Transit",2011,5.90124000000,2.20000000,1303.00000000,514.00,3900.00,0.530000,0.580000,297.8423073,46.5743595
"Kepler-32 d","Kepler-32",1,5,"Transit",2012,22.78020000000,2.70000000,39.90890000,328.00,3900.00,0.530000,0.580000,297.8423073,46.5743595
"Kepler-32 e","Kepler-32",1,5,"Transit",2012,2.89600000000,1.50000000,4.08181000,652.00,3900.00,0.530000,0.580000,297.8423073,46.5743595
"Kepler-32 f","Kepler-32",1,5,"Transit",2012,0.74296000000,0.82000000,1862.11000000,1026.00,3900.00,0.530000,0.580000,297.8423073,46.5743595
"Kepler-320 b","Kepler-320",1,2,"Transit",2014,8.37155400000,1.14000000,1.55000000,1292.00,6435.00,1.108000,1.072000,293.2135155,46.1751457
"Kepler-320 c","Kepler-320",1,2,"Transit",2014,17.93493700000,1.37000000,2.45000000,1002.00,6435.00,1.108000,1.072000,293.2135155,46.1751457
"Kepler-321 b","Kepler-321",1,2,"Transit",2014,4.91537900000,1.77000000,3.78000000,1042.00,5740.00,1.194000,1.024000,294.4536991,44.1457626
"Kepler-321 c","Kepler-321",1,2,"Transit",2014,13.09392100000,2.32000000,5.99000000,752.00,5740.00,1.194000,1.024000,294.4536991,44.1457626
"Kepler-322 b","Kepler-322",1,2,"Transit",2014,1.65388800000,1.01000000,1.01000000,1373.00,5388.00,0.890000,0.908000,281.3487514,44.2952525
"Kepler-322 c","Kepler-322",1,2,"Transit",2014,4.33723400000,1.67000000,3.43000000,996.00,5388.00,0.890000,0.908000,281.3487514,44.2952525
"Kepler-324 c","Kepler-324",1,4,"Transit",2014,51.80561200000,3.15000000,6.20000000,410.00,5194.00,0.840000,0.901000,286.4714473,49.6490933
"Kepler-325 b","Kepler-325",1,3,"Transit",2014,4.54443900000,2.91000000,8.80000000,1017.00,5752.00,1.003000,0.914000,289.8354219,49.8256070
"Kepler-325 c","Kepler-325",1,3,"Transit",2014,12.76217200000,2.54000000,6.99000000,721.00,5752.00,1.003000,0.914000,289.8354219,49.8256070
"Kepler-325 d","Kepler-325",1,3,"Transit",2014,38.71518500000,2.79000000,8.20000000,498.00,5752.00,1.003000,0.914000,289.8354219,49.8256070
"Kepler-326 b","Kepler-326",1,3,"Transit",2014,2.24832900000,1.52000000,44.60000000,1127.00,5105.00,0.801000,0.910000,294.3255898,46.0022646
"Kepler-326 c","Kepler-326",1,3,"Transit",2014,4.58035800000,1.40000000,17.40000000,889.00,5105.00,0.801000,0.910000,294.3255898,46.0022646
"Kepler-327 b","Kepler-327",1,3,"Transit",2014,2.54957500000,1.11000000,1.41000000,682.00,3799.00,0.492000,0.591913,292.6422963,44.0876251
"Kepler-327 c","Kepler-327",1,3,"Transit",2014,5.21233300000,1.03000000,20.30000000,537.00,3799.00,0.492000,0.591913,292.6422963,44.0876251
"Kepler-327 d","Kepler-327",1,3,"Transit",2014,13.96945700000,1.73000000,3.64000000,387.00,3799.00,0.492000,0.591913,292.6422963,44.0876251
"Kepler-328 b","Kepler-328",1,2,"Transit",2013,34.92100000000,2.30000000,28.50000000,602.00,6064.00,1.060000,1.150000,295.8092756,40.0084866
"Kepler-329 c","Kepler-329",1,2,"Transit",2014,18.68473700000,1.93000000,4.38000000,402.00,4257.00,0.523000,0.602000,299.2681646,45.2272852
"Kepler-33 b","Kepler-33",1,5,"Transit",2011,5.66793000000,1.74000000,3.68000000,1336.00,5904.00,1.820000,1.291000,289.0775348,46.0051696
"Kepler-33 c","Kepler-33",1,5,"Transit",2011,13.17562000000,3.20000000,0.39000000,1009.00,5904.00,1.820000,1.291000,289.0775348,46.0051696
"Kepler-33 d","Kepler-33",1,5,"Transit",2011,21.77596000000,5.35000000,3.91000000,853.00,5904.00,1.820000,1.291000,289.0775348,46.0051696
"Kepler-33 e","Kepler-33",1,5,"Transit",2011,31.78440000000,4.02000000,5.57000000,752.00,5904.00,1.820000,1.291000,289.0775348,46.0051696
"Kepler-33 f","Kepler-33",1,5,"Transit",2011,41.02902000000,4.46000000,9.60000000,691.00,5904.00,1.820000,1.291000,289.0775348,46.0051696
"Kepler-330 b","Kepler-330",1,2,"Transit",2014,8.25978000000,1.35000000,2.39000000,714.00,5117.00,0.722000,0.848000,288.4474035,44.8017616
"Kepler-330 c","Kepler-330",1,2,"Transit",2014,15.95538700000,1.95000000,4.46000000,573.00,5117.00,0.722000,0.848000,288.4474035,44.8017616
"Kepler-331 b","Kepler-331",1,3,"Transit",2014,8.45749600000,1.82000000,3.97000000,540.00,4347.00,0.492000,0.653000,291.8343455,39.3073462
"Kepler-331 c","Kepler-331",1,3,"Transit",2014,17.28111000000,1.84000000,4.04000000,425.00,4347.00,0.492000,0.653000,291.8343455,39.3073462
"Kepler-331 d","Kepler-331",1,3,"Transit",2014,32.13432800000,1.64000000,3.33000000,346.00,4347.00,0.492000,0.653000,291.8343455,39.3073462
"Kepler-332 c","Kepler-332",1,3,"Transit",2014,15.99562200000,1.09000000,1.32000000,550.00,4955.00,0.720000,0.743000,286.6627811,47.4136938
"Kepler-332 d","Kepler-332",1,3,"Transit",2014,34.21154000000,1.18000000,1.76000000,427.00,4955.00,0.720000,0.743000,286.6627811,47.4136938
"Kepler-333 b","Kepler-333",2,2,"Transit",2014,12.55115800000,1.32000000,28.20000000,480.00,4259.00,0.534000,0.601000,292.2861201,40.9135429
"Kepler-333 c","Kepler-333",2,2,"Transit",2014,24.08821000000,1.11000000,1.41000000,386.00,4259.00,0.534000,0.601000,292.2861201,40.9135429
"Kepler-334 c","Kepler-334",1,3,"Transit",2014,12.75800500000,1.43000000,2.63000000,822.00,5828.00,1.068000,1.022000,287.1406177,47.1151153
"Kepler-334 d","Kepler-334",1,3,"Transit",2014,25.09849000000,1.41000000,2.57000000,656.00,5828.00,1.068000,1.022000,287.1406177,47.1151153
"Kepler-335 c","Kepler-335",1,2,"Transit",2014,67.84446900000,3.07000000,9.64000000,592.00,5877.00,1.854000,1.367000,296.0642944,45.4285986
"Kepler-336 c","Kepler-336",1,3,"Transit",2014,9.60000100000,2.10000000,5.06000000,967.00,5867.00,1.304000,1.090000,290.2376224,41.3313637
"Kepler-336 d","Kepler-336",1,3,"Transit",2014,20.67877200000,2.37000000,6.21000000,749.00,5867.00,1.304000,1.090000,290.2376224,41.3313637
"Kepler-337 b","Kepler-337",1,2,"Transit",2014,3.29278100000,1.54000000,2.99000000,1458.00,5684.00,1.761000,1.081000,290.0605123,47.1639533
"Kepler-337 c","Kepler-337",1,2,"Transit",2014,9.69320100000,2.05000000,4.86000000,1017.00,5684.00,1.761000,1.081000,290.0605123,47.1639533
"Kepler-338 b","Kepler-338",1,4,"Transit",2014,13.72697600000,2.44000000,30.60000000,1005.00,5923.00,1.735000,1.105000,282.9790593,40.7844188
"Kepler-338 c","Kepler-338",1,4,"Transit",2014,24.31085600000,2.34000000,6.08000000,831.00,5923.00,1.735000,1.105000,282.9790593,40.7844188
"Kepler-338 d","Kepler-338",1,4,"Transit",2014,44.43101400000,3.00000000,9.27000000,680.00,5923.00,1.735000,1.105000,282.9790593,40.7844188
"Kepler-338 e","Kepler-338",1,4,"Transit",2014,9.34100000000,1.56000000,8.50000000,1143.00,5999.00,1.735000,1.140000,282.9790593,40.7844188
"Kepler-339 b","Kepler-339",1,3,"Transit",2014,4.97765600000,1.42000000,2.60000000,1023.00,5631.00,0.802000,0.870000,293.3517010,48.4445922
"Kepler-34 b","Kepler-34",2,1,"Transit",2011,288.82200000000,8.56400000,69.92000000,294.42,5913.00,1.161800,1.047900,296.4358022,44.6415369
"Kepler-340 b","Kepler-340",1,2,"Transit",2014,14.84438700000,2.53000000,6.94000000,1092.00,6620.00,1.850000,1.650000,295.9334710,40.3005515
"Kepler-340 c","Kepler-340",1,2,"Transit",2014,22.82466900000,3.37000000,11.30000000,946.00,6620.00,1.850000,1.650000,295.9334710,40.3005515
"Kepler-341 b","Kepler-341",1,4,"Transit",2014,5.19552800000,1.18000000,1.76000000,1085.00,6012.00,1.024000,0.976000,289.8615609,43.4727412
"Kepler-341 c","Kepler-341",1,4,"Transit",2014,8.01041000000,1.70000000,3.53000000,940.00,6012.00,1.024000,0.976000,289.8615609,43.4727412
"Kepler-341 d","Kepler-341",1,4,"Transit",2014,27.66631300000,1.85000000,4.08000000,622.00,6012.00,1.024000,0.976000,289.8615609,43.4727412
"Kepler-341 e","Kepler-341",1,4,"Transit",2014,42.47326900000,1.99000000,4.62000000,539.00,6012.00,1.024000,0.976000,289.8615609,43.4727412
"Kepler-342 b","Kepler-342",1,4,"Transit",2014,15.17031800000,2.25000000,5.69000000,905.00,6175.00,1.472000,1.213000,292.6780488,46.7266813
"Kepler-342 d","Kepler-342",1,4,"Transit",2014,39.45935700000,2.49000000,6.76000000,658.00,6175.00,1.472000,1.213000,292.6780488,46.7266813
"Kepler-343 b","Kepler-343",1,2,"Transit",2014,8.96855000000,2.41000000,6.39000000,1024.00,5807.00,1.433000,1.055000,291.9606620,42.4329567
"Kepler-344 b","Kepler-344",1,2,"Transit",2014,21.96394500000,2.61000000,7.32000000,643.00,5774.00,0.976000,0.931000,292.4996101,46.3243406
"Kepler-344 c","Kepler-344",1,2,"Transit",2014,125.59680900000,2.95000000,9.01000000,360.00,5774.00,0.976000,0.931000,292.4996101,46.3243406
"Kepler-345 b","Kepler-345",1,2,"Transit",2014,7.41556300000,0.74000000,0.48000000,622.00,4504.00,0.623000,0.610000,295.2288521,45.9710432
"Kepler-345 c","Kepler-345",1,2,"Transit",2014,9.38742700000,1.20000000,2.20000000,575.00,4504.00,0.623000,0.610000,295.2288521,45.9710432
"Kepler-346 c","Kepler-346",1,2,"Transit",2014,23.85154900000,3.07000000,9.64000000,654.00,6033.00,1.021000,0.943000,288.0119248,46.1176003
"Kepler-347 c","Kepler-347",1,3,"Transit",2014,27.32087100000,1.75000000,3.71000000,705.00,6088.00,1.005000,0.922000,289.1995995,49.3056404
"Kepler-349 b","Kepler-349",1,2,"Transit",2014,5.92977800000,1.90000000,94.50000000,972.00,5956.00,0.927000,1.083000,293.6764689,44.6155972
"Kepler-349 c","Kepler-349",1,2,"Transit",2014,12.24762900000,1.96000000,4.50000000,763.00,5956.00,0.927000,1.083000,293.6764689,44.6155972
"Kepler-35 b","Kepler-35",2,1,"Transit",2011,131.45800000000,8.16000000,40.36300000,352.89,5606.00,1.028400,0.887700,294.4969550,46.6896733
"Kepler-350 b","Kepler-350",1,3,"Transit",2014,11.18956200000,1.85000000,16.90000000,1037.00,6186.00,1.534000,1.190000,285.4195845,39.7061009
"Kepler-350 c","Kepler-350",1,3,"Transit",2013,17.84900000000,3.10000000,6.10000000,888.00,6492.30,1.250000,1.000000,285.4195845,39.7061009
"Kepler-351 b","Kepler-351",1,3,"Transit",2014,37.05491900000,3.06000000,4.80000000,498.00,5643.00,0.854000,0.810000,286.4527949,42.6577891
"Kepler-351 c","Kepler-351",1,3,"Transit",2014,57.24809000000,3.19000000,11.10000000,431.00,5643.00,0.854000,0.810000,286.4527949,42.6577891
"Kepler-351 d","Kepler-351",1,3,"Transit",2016,142.54424700000,2.72000000,7.85000000,318.00,5225.00,0.780000,0.810000,286.4527949,42.6577891
"Kepler-352 c","Kepler-352",1,3,"Transit",2014,16.33299500000,1.24000000,2.07000000,591.00,5212.00,0.781000,0.798000,299.8966237,46.0519022
"Kepler-352 d","Kepler-352",1,3,"Transit",2021,6.88727998700,0.80628032,0.44900000,788.00,5208.00,0.772000,0.796000,299.8966237,46.0519022
"Kepler-353 b","Kepler-353",2,2,"Transit",2014,5.79527800000,0.89000000,0.64000000,534.00,3903.00,0.504000,0.553000,296.8565596,41.7580749
"Kepler-353 c","Kepler-353",2,2,"Transit",2014,8.41089400000,1.38000000,2.48000000,472.00,3903.00,0.504000,0.553000,296.8565596,41.7580749
"Kepler-354 c","Kepler-354",1,3,"Transit",2014,16.93440200000,1.31000000,2.27000000,508.00,4648.00,0.674000,0.652000,285.7515347,41.3356739
"Kepler-355 b","Kepler-355",1,2,"Transit",2014,11.03189000000,1.46000000,2.73000000,840.00,6184.00,1.066000,0.933000,285.7994917,42.8117427
"Kepler-355 c","Kepler-355",1,2,"Transit",2014,25.76229400000,2.71000000,7.80000000,633.00,6184.00,1.066000,0.933000,285.7994917,42.8117427
"Kepler-356 b","Kepler-356",1,2,"Transit",2014,4.61269600000,1.57000000,3.09000000,1294.00,6133.00,1.335000,1.163000,292.4210998,37.6827919
"Kepler-356 c","Kepler-356",1,2,"Transit",2014,13.12163200000,1.81000000,3.93000000,913.00,6133.00,1.335000,1.163000,292.4210998,37.6827919
"Kepler-357 b","Kepler-357",1,3,"Transit",2014,6.47543400000,1.84000000,4.04000000,793.00,5036.00,0.834000,0.794000,291.2429746,44.0086337
"Kepler-357 c","Kepler-357",1,3,"Transit",2014,16.85837000000,2.67000000,7.61000000,576.00,5036.00,0.834000,0.794000,291.2429746,44.0086337
"Kepler-357 d","Kepler-357",1,3,"Transit",2014,49.49987500000,3.43000000,11.60000000,402.00,5036.00,0.834000,0.794000,291.2429746,44.0086337
"Kepler-358 b","Kepler-358",1,2,"Transit",2014,34.06046700000,2.72000000,7.85000000,554.00,5908.00,0.954000,0.940000,293.2302333,48.2813901
"Kepler-358 c","Kepler-358",1,2,"Transit",2014,83.48836900000,2.85000000,8.50000000,411.00,5908.00,0.954000,0.940000,293.2302333,48.2813901
"Kepler-359 b","Kepler-359",1,3,"Transit",2014,25.56322200000,3.53000000,12.20000000,671.00,6248.00,1.086000,0.827000,293.2936129,42.1963497
"Kepler-359 c","Kepler-359",1,3,"Transit",2014,57.68802000000,4.30000000,2.90000000,512.00,6248.00,1.086000,0.827000,293.2936129,42.1963497
"Kepler-359 d","Kepler-359",1,3,"Transit",2014,77.09569100000,4.01000000,2.70000000,464.00,6248.00,1.086000,0.827000,293.2936129,42.1963497
"Kepler-360 b","Kepler-360",1,2,"Transit",2014,3.28967200000,1.65000000,3.36000000,1116.00,6053.00,1.058000,0.994000,286.2847077,44.7815817
"Kepler-361 b","Kepler-361",1,2,"Transit",2014,8.48661600000,1.45000000,2.70000000,1060.00,6169.00,1.343000,1.191000,296.8034146,46.7411011
"Kepler-361 c","Kepler-361",1,2,"Transit",2014,55.18802300000,2.52000000,6.90000000,568.00,6169.00,1.343000,1.191000,296.8034146,46.7411011
"Kepler-362 c","Kepler-362",1,2,"Transit",2014,37.86628100000,1.45000000,2.70000000,543.00,5788.00,0.722000,0.904000,291.7716030,47.5299192
"Kepler-363 b","Kepler-363",1,3,"Transit",2014,3.61456800000,1.16000000,1.65000000,1347.00,5593.00,1.485000,1.226000,283.1920779,41.3054172
"Kepler-363 c","Kepler-363",1,3,"Transit",2014,7.54242700000,1.69000000,66.40000000,1054.00,5593.00,1.485000,1.226000,283.1920779,41.3054172
"Kepler-363 d","Kepler-363",1,3,"Transit",2014,11.93212500000,2.05000000,4.86000000,905.00,5593.00,1.485000,1.226000,283.1920779,41.3054172
"Kepler-364 c","Kepler-364",1,2,"Transit",2014,59.98062700000,2.15000000,5.27000000,568.00,6108.00,1.284000,1.076000,281.5699998,47.3986233
"Kepler-365 b","Kepler-365",1,2,"Transit",2014,10.66490300000,2.04000000,4.82000000,865.00,6012.00,1.048000,1.020000,295.6265640,49.1304110
"Kepler-365 c","Kepler-365",1,2,"Transit",2014,17.78412900000,1.64000000,3.33000000,729.00,6012.00,1.048000,1.020000,295.6265640,49.1304110
"Kepler-366 b","Kepler-366",1,2,"Transit",2014,3.28195900000,1.46000000,2.73000000,1326.00,6209.00,1.048000,1.088000,296.8520316,49.0844359
"Kepler-366 c","Kepler-366",1,2,"Transit",2014,12.51616000000,1.79000000,3.86000000,848.00,6209.00,1.048000,1.088000,296.8520316,49.0844359
"Kepler-367 b","Kepler-367",1,2,"Transit",2014,37.81572400000,1.30000000,2.24000000,401.00,4710.00,0.695000,0.768000,297.2925580,49.9817499
"Kepler-367 c","Kepler-367",1,2,"Transit",2014,53.57863700000,1.20000000,1.87000000,357.00,4710.00,0.695000,0.768000,297.2925580,49.9817499
"Kepler-368 b","Kepler-368",1,2,"Transit",2014,26.84768000000,3.26000000,10.70000000,800.00,5502.00,2.019000,1.165000,291.8800180,45.3878419
"Kepler-368 c","Kepler-368",1,2,"Transit",2014,72.37933400000,3.88000000,14.30000000,575.00,5502.00,2.019000,1.165000,291.8800180,45.3878419
"Kepler-369 c","Kepler-369",1,2,"Transit",2014,14.87157200000,1.41000000,2.57000000,391.00,3591.00,0.471000,0.500000,293.6743322,47.9084727
"Kepler-37 b","Kepler-37",1,4,"Transit",2013,13.36702000000,0.30980000,0.79000000,718.00,5357.00,0.789000,0.790000,284.0592503,44.5183733
"Kepler-37 c","Kepler-37",1,4,"Transit",2013,21.30184800000,0.75500000,1.30000000,615.00,5357.00,0.789000,0.790000,284.0592503,44.5183733
"Kepler-37 d","Kepler-37",1,4,"Transit",2013,39.79226220000,2.03000000,2.00000000,499.00,5357.00,0.789000,0.790000,284.0592503,44.5183733
"Kepler-37 e","Kepler-37",1,4,"Transit",2014,51.19600000000,0.37000000,8.10000000,401.00,5288.00,0.772000,0.800000,284.0592503,44.5183733
"Kepler-370 b","Kepler-370",1,2,"Transit",2014,4.57953000000,1.59000000,3.15000000,1040.00,5852.00,0.900000,0.982000,292.1710683,40.9162381
"Kepler-371 b","Kepler-371",1,2,"Transit",2014,34.76327800000,1.89000000,4.23000000,554.00,5666.00,0.992000,0.876000,292.3264835,38.6575441
"Kepler-371 c","Kepler-371",1,2,"Transit",2014,67.96801500000,1.78000000,3.82000000,443.00,5666.00,0.992000,0.876000,292.3264835,38.6575441
"Kepler-372 b","Kepler-372",1,3,"Transit",2014,6.84969200000,1.36000000,2.42000000,1081.00,6509.00,1.137000,1.202000,291.2562253,49.2589288
"Kepler-372 c","Kepler-372",1,3,"Transit",2014,20.05376300000,2.09000000,5.02000000,755.00,6509.00,1.137000,1.202000,291.2562253,49.2589288
"Kepler-372 d","Kepler-372",1,3,"Transit",2014,30.09256800000,1.69000000,3.50000000,660.00,6509.00,1.137000,1.202000,291.2562253,49.2589288
"Kepler-374 c","Kepler-374",1,3,"Transit",2014,3.28280700000,1.10000000,1.37000000,1467.00,5977.00,0.911000,1.033000,294.1378921,42.3704075
"Kepler-374 d","Kepler-374",1,3,"Transit",2014,5.02821900000,1.31000000,2.27000000,1272.00,5977.00,0.911000,1.033000,294.1378921,42.3704075
"Kepler-375 b","Kepler-375",1,2,"Transit",2014,12.12593400000,1.45000000,2.70000000,851.00,5826.00,0.837000,0.891000,288.6178715,48.0983639
"Kepler-376 b","Kepler-376",1,2,"Transit",2014,4.92019900000,1.07000000,1.24000000,1242.00,5900.00,1.175000,0.968000,291.6071451,38.4103192
"Kepler-376 c","Kepler-376",1,2,"Transit",2014,14.17232700000,1.79000000,3.86000000,873.00,5900.00,1.175000,0.968000,291.6071451,38.4103192
"Kepler-377 b","Kepler-377",1,2,"Transit",2014,12.50952900000,1.39000000,2.51000000,875.00,5949.00,1.224000,1.043000,295.4220717,38.7356737
"Kepler-378 b","Kepler-378",1,2,"Transit",2014,16.09236100000,0.75000000,0.34700000,503.00,4661.00,0.671000,0.780000,294.9489697,46.4388673
"Kepler-378 c","Kepler-378",1,2,"Transit",2014,28.90600900000,0.70000000,0.27100000,414.00,4661.00,0.671000,0.780000,294.9489697,46.4388673
"Kepler-379 b","Kepler-379",1,2,"Transit",2014,20.09838000000,1.66000000,3.39000000,775.00,6054.00,1.306000,1.125000,295.7010981,38.9458209
"Kepler-379 c","Kepler-379",1,2,"Transit",2014,62.78469700000,2.29000000,5.86000000,530.00,6054.00,1.306000,1.125000,295.7010981,38.9458209
"Kepler-38 b","Kepler-38",2,1,"Transit",2012,105.59900000000,4.30000000,122.00000000,475.00,5623.00,1.752000,0.941000,286.8303120,42.2791434
"Kepler-380 b","Kepler-380",1,2,"Transit",2014,3.93082100000,1.19000000,1.81000000,1317.00,6045.00,1.224000,0.990000,282.3947017,48.7591334
"Kepler-381 c","Kepler-381",1,3,"Transit",2014,13.39163500000,1.12000000,1.46000000,1180.00,6152.00,1.568000,1.144000,285.1828685,43.8310283
"Kepler-381 d","Kepler-381",1,3,"Transit",2021,8.25629997300,1.06678650,1.23000000,1387.00,6197.00,2.188000,1.198000,285.1828685,43.8310283
"Kepler-382 b","Kepler-382",1,2,"Transit",2014,5.26215500000,1.32000000,2.30000000,1166.00,5600.00,0.945000,1.002000,299.1362435,45.8699582
"Kepler-383 b","Kepler-383",1,2,"Transit",2014,12.90453200000,1.32000000,2.30000000,545.00,4710.00,0.672000,0.669000,291.3426078,38.3631616
"Kepler-383 c","Kepler-383",1,2,"Transit",2014,31.20075100000,1.24000000,2.07000000,406.00,4710.00,0.672000,0.669000,291.3426078,38.3631616
"Kepler-384 b","Kepler-384",1,2,"Transit",2014,22.59705300000,1.12000000,1.46000000,670.00,5577.00,0.882000,0.882000,286.0261113,44.7828571
"Kepler-385 d","Kepler-385",1,3,"Transit",2020,56.41590000000,2.61864480,7.36000000,535.00,5829.00,1.157000,1.050000,294.3385109,50.3365178
"Kepler-386 b","Kepler-386",1,2,"Transit",2014,12.31043000000,1.39000000,2.51000000,651.00,5178.00,0.767000,0.825000,289.8589165,48.6938077
"Kepler-386 c","Kepler-386",1,2,"Transit",2014,25.19345800000,1.58000000,3.12000000,513.00,5178.00,0.767000,0.825000,289.8589165,48.6938077
"Kepler-387 b","Kepler-387",1,2,"Transit",2014,6.79163600000,1.03000000,1.08000000,994.00,5774.00,1.046000,0.850000,287.7982699,45.6567655
"Kepler-387 c","Kepler-387",1,2,"Transit",2014,11.83754900000,0.89000000,0.64000000,826.00,5774.00,1.046000,0.850000,287.7982699,45.6567655
"Kepler-388 b","Kepler-388",1,2,"Transit",2014,3.17331500000,0.81000000,0.45700000,830.00,4498.00,0.586000,0.635000,284.8280577,44.6086451
"Kepler-388 c","Kepler-388",1,2,"Transit",2014,13.29700400000,0.86000000,0.56600000,515.00,4498.00,0.586000,0.635000,284.8280577,44.6086451
"Kepler-389 b","Kepler-389",1,2,"Transit",2014,3.24410700000,1.51000000,2.89000000,1047.00,5376.00,0.792000,0.765000,291.9600082,44.9000587
"Kepler-389 c","Kepler-389",1,2,"Transit",2014,14.51143000000,1.46000000,2.73000000,636.00,5376.00,0.792000,0.765000,291.9600082,44.9000587
"Kepler-390 b","Kepler-390",2,2,"Transit",2014,6.73808800000,0.82000000,0.47700000,786.00,5166.00,0.776000,0.787000,291.6288086,41.2088351
"Kepler-392 b","Kepler-392",1,2,"Transit",2014,5.34185300000,1.00000000,0.97200000,1125.00,5938.00,1.129000,0.874000,288.6608260,43.3681938
"Kepler-392 c","Kepler-392",1,2,"Transit",2014,10.42311800000,1.10000000,1.37000000,901.00,5938.00,1.129000,0.874000,288.6608260,43.3681938
"Kepler-393 b","Kepler-393",1,2,"Transit",2014,9.18241700000,1.29000000,2.21000000,1052.00,6189.00,1.382000,1.256000,290.9952050,45.1921880
"Kepler-394 b","Kepler-394",1,3,"Transit",2014,8.00501300000,1.60000000,3.19000000,1035.00,6402.00,1.132000,0.870000,296.3019792,50.6723115
"Kepler-395 b","Kepler-395",1,2,"Transit",2014,7.05434600000,1.03000000,1.08000000,576.00,4262.00,0.556000,0.622827,293.5111889,45.1366252
"Kepler-395 c","Kepler-395",1,2,"Transit",2014,34.98926200000,1.32000000,2.30000000,341.00,4262.00,0.556000,0.622827,293.5111889,45.1366252
"Kepler-397 b","Kepler-397",1,2,"Transit",2014,22.25094900000,2.46000000,6.62000000,539.00,5307.00,0.767000,0.844000,295.8940373,42.3805156
"Kepler-397 c","Kepler-397",1,2,"Transit",2014,135.49852700000,6.18000000,31.60000000,295.00,5307.00,0.767000,0.844000,295.8940373,42.3805156
"Kepler-398 b","Kepler-398",1,3,"Transit",2014,4.08142300000,0.93000000,0.74900000,755.00,4493.00,0.613000,0.649000,291.4688524,40.3437001
"Kepler-398 c","Kepler-398",1,3,"Transit",2014,11.41941200000,1.01000000,1.01000000,536.00,4493.00,0.613000,0.649000,291.4688524,40.3437001
"Kepler-398 d","Kepler-398",1,3,"Transit",2016,6.83437001000,0.88000000,0.61500000,636.00,4557.00,0.670000,0.720000,291.4688524,40.3437001
"Kepler-399 c","Kepler-399",1,3,"Transit",2014,26.67569000000,1.43000000,2.63000000,630.00,5502.00,0.680000,0.902000,299.5017242,40.6707669
"Kepler-399 d","Kepler-399",1,3,"Transit",2014,58.03461600000,1.89000000,4.23000000,486.00,5502.00,0.680000,0.902000,299.5017242,40.6707669
"Kepler-4 b","Kepler-4",1,1,"Transit",2009,3.21346000000,4.00200000,24.47200000,1650.00,5857.00,1.487000,1.223000,285.6154492,50.1357712
"Kepler-40 b","Kepler-40",1,1,"Transit",2010,6.87349000000,13.11000000,699.20000000,1620.00,6510.00,2.130000,1.480000,296.8136883,47.5265446
"Kepler-400 b","Kepler-400",1,2,"Transit",2014,9.02438900000,1.65000000,3.36000000,939.00,5886.00,1.145000,1.080000,290.9444679,40.4800528
"Kepler-401 b","Kepler-401",1,3,"Transit",2014,14.38303500000,1.71000000,3.57000000,889.00,6117.00,1.333000,1.173000,290.0827494,50.8634361
"Kepler-401 c","Kepler-401",1,3,"Transit",2014,47.31821800000,2.15000000,5.27000000,598.00,6117.00,1.333000,1.173000,290.0827494,50.8634361
"Kepler-402 c","Kepler-402",1,4,"Transit",2014,6.12482100000,1.56000000,3.05000000,1140.00,6090.00,1.264000,1.072000,288.3701976,43.3546109
"Kepler-402 d","Kepler-402",1,4,"Transit",2014,8.92109900000,1.38000000,2.48000000,1006.00,6090.00,1.264000,1.072000,288.3701976,43.3546109
"Kepler-402 e","Kepler-402",1,4,"Transit",2014,11.24286100000,1.46000000,2.73000000,931.00,6090.00,1.264000,1.072000,288.3701976,43.3546109
"Kepler-403 b","Kepler-403",1,3,"Transit",2014,7.03146200000,1.25000000,2.10000000,1194.00,6090.00,1.329000,1.299000,289.9214256,46.7445267
"Kepler-403 c","Kepler-403",1,3,"Transit",2014,54.28074900000,1.75000000,3.71000000,604.00,6090.00,1.329000,1.299000,289.9214256,46.7445267
"Kepler-404 b","Kepler-404",1,2,"Transit",2014,11.82985100000,1.27000000,2.15000000,730.00,5654.00,0.884000,0.860000,286.3985796,45.3435241
"Kepler-404 c","Kepler-404",1,2,"Transit",2014,14.75116600000,1.72000000,3.61000000,678.00,5654.00,0.884000,0.860000,286.3985796,45.3435241
"Kepler-405 b","Kepler-405",1,2,"Transit",2014,10.61383900000,2.08000000,4.98000000,785.00,5818.00,0.893000,0.873000,291.4094615,38.3400107
"Kepler-405 c","Kepler-405",1,2,"Transit",2014,29.72668200000,4.66000000,19.60000000,557.00,5818.00,0.893000,0.873000,291.4094615,38.3400107
"Kepler-406 b","Kepler-406",1,2,"Transit",2014,2.42629000000,1.43000000,6.35000000,1302.00,5538.00,1.070000,1.070000,291.8481764,44.9682807
"Kepler-406 c","Kepler-406",1,2,"Transit",2014,4.62332000000,0.85000000,2.71000000,1050.00,5538.00,1.070000,1.070000,291.8481764,44.9682807
"Kepler-407 b","Kepler-407",1,2,"Transit",2014,0.66931240000,1.19000000,1.93000000,1983.00,5487.00,1.040000,0.990000,286.0363025,49.6145027
"Kepler-407 c","Kepler-407",1,2,"Radial Velocity",2014,3000.00000000000,12.30000000,4000.00000000,146.73,5476.00,1.010000,1.000000,286.0363025,49.6145027
"Kepler-41 b","Kepler-41",1,1,"Transit",2011,1.85555820000,14.46000000,177.98000000,1790.00,5750.00,1.290000,1.150000,294.5132465,45.9816453
"Kepler-410 A b","Kepler-410 A",2,1,"Transit",2013,17.83364800000,2.83800000,8.44000000,866.00,6273.00,1.352000,1.214000,283.1510448,45.1400838
"Kepler-411 b","Kepler-411",2,4,"Transit",2013,3.00515600000,2.40100000,25.60000000,1138.00,4974.00,0.820000,0.870000,287.6057027,49.5233937
"Kepler-411 c","Kepler-411",2,4,"Transit",2016,7.83443500000,4.42100000,26.40000000,838.00,4974.00,0.820000,0.870000,287.6057027,49.5233937
"Kepler-411 d","Kepler-411",2,4,"Transit",2018,58.02035000000,3.31900000,15.20000000,410.00,4974.00,0.820000,0.870000,287.6057027,49.5233937
"Kepler-411 e","Kepler-411",2,4,"Transit Timing Variations",2018,31.50972800000,3.28000000,10.80000000,503.00,4974.00,0.820000,0.870000,287.6057027,49.5233937
"Kepler-412 b","Kepler-412",1,1,"Transit",2014,1.72086040000,15.03126900,299.07803000,1850.00,5750.00,1.287000,1.167000,286.1103053,43.6809612
"Kepler-413 b","Kepler-413",2,1,"Transit",2014,66.26200000000,4.34700000,67.00000000,334.96,4700.00,0.776100,0.820000,288.5106679,51.1624235
"Kepler-414 b","Kepler-414",1,2,"Transit",2014,4.70000000000,1.71000000,3.50000000,1024.00,5536.00,0.946000,0.890000,297.9615616,48.2443363
"Kepler-414 c","Kepler-414",1,2,"Transit",2014,7.17100000000,3.01000000,29.90000000,890.00,5536.00,0.946000,0.890000,297.9615616,48.2443363
"Kepler-415 b","Kepler-415",1,2,"Transit",2014,4.17600000000,1.21000000,119.90000000,694.00,4362.00,0.643000,0.670000,293.8045041,38.6390517
"Kepler-416 b","Kepler-416",1,3,"Transit",2014,6.31900000000,2.48000000,58.20000000,986.00,5718.00,1.075000,1.000000,291.5569554,39.2272923
"Kepler-416 c","Kepler-416",1,3,"Transit",2014,12.20900000000,2.35200000,6.13000000,791.00,5718.00,1.075000,1.000000,291.5569554,39.2272923
"Kepler-416 d","Kepler-416",1,3,"Transit",2023,3.07644709000,1.61000000,3.22000000,1253.00,5670.00,1.022000,0.949000,291.5569554,39.2272923
"Kepler-417 b","Kepler-417",1,2,"Transit",2014,12.33100000000,2.31000000,11.00000000,671.00,5177.00,0.806000,0.900000,293.8241813,42.7796480
"Kepler-417 c","Kepler-417",1,2,"Transit",2014,15.94300000000,2.69000000,7.70000000,616.00,5177.00,0.806000,0.900000,293.8241813,42.7796480
"Kepler-418 b","Kepler-418",1,2,"Transit",2014,86.67856000000,13.45000000,349.61124770,434.00,5820.00,1.090000,0.980000,294.4335228,38.3554729
"Kepler-419 b","Kepler-419",1,2,"Transit",2014,69.75460000000,10.80000000,794.50000000,613.00,6430.00,1.740000,1.390000,295.4179125,51.1847629
"Kepler-419 c","Kepler-419",1,2,"Transit Timing Variations",2014,675.47000000000,12.60000000,2320.10000000,315.55,6430.00,1.740000,1.390000,295.4179125,51.1847629
"Kepler-42 b","Kepler-42",1,3,"Transit",2011,1.21376720000,0.78000000,0.70594400,519.00,3068.00,0.170000,0.130000,292.2196000,44.6173667
"Kepler-42 c","Kepler-42",1,3,"Transit",2011,0.45328509000,0.73000000,60.33700000,720.00,3068.00,0.170000,0.130000,292.2196000,44.6173667
"Kepler-422 b","Kepler-422",1,1,"Transit",2014,7.89144830000,12.89000000,136.66000000,1028.00,5972.00,1.240000,1.150000,282.6296334,46.3232807
"Kepler-423 b","Kepler-423",1,1,"Transit",2014,2.68432850000,13.36100000,189.10100000,1605.00,5560.00,0.950000,0.850000,292.8557189,46.3911883
"Kepler-424 b","Kepler-424",1,2,"Transit",2014,3.31186440000,9.98000000,327.35000000,1116.00,5460.00,0.940000,1.010000,298.6249797,48.5774500
"Kepler-424 c","Kepler-424",1,2,"Radial Velocity",2014,223.30000000000,12.70000000,2215.18000000,298.76,5460.00,0.940000,1.010000,298.6249797,48.5774500
"Kepler-425 b","Kepler-425",1,1,"Transit",2014,3.79701816000,10.96200000,79.45000000,1070.00,5170.00,0.860000,0.930000,290.3579781,40.5676965
"Kepler-426 b","Kepler-426",1,1,"Transit",2014,3.21751883000,12.22000000,108.06000000,1300.00,5725.00,0.920000,0.910000,289.4346668,49.4734550
"Kepler-427 b","Kepler-427",1,1,"Transit",2014,10.29099400000,13.79000000,92.17000000,1100.00,5800.00,1.350000,0.960000,288.2545808,43.7048379
"Kepler-428 b","Kepler-428",1,1,"Transit",2014,3.52563254000,12.11000000,403.63000000,1070.00,5150.00,0.800000,0.870000,290.5817432,40.5773106
"Kepler-430 b","Kepler-430",1,2,"Transit",2015,35.96800000000,3.25000000,10.60000000,667.00,5884.00,1.485000,1.166000,292.8085984,49.5794242
"Kepler-431 b","Kepler-431",1,3,"Transit",2015,6.80300000000,0.76400000,0.37000000,1032.00,6004.00,1.092000,1.071000,281.1123072,43.2277663
"Kepler-431 c","Kepler-431",1,3,"Transit",2015,8.70300000000,0.66800000,0.22900000,951.00,6004.00,1.092000,1.071000,281.1123072,43.2277663
"Kepler-431 d","Kepler-431",1,3,"Transit",2015,11.92200000000,1.11000000,1.41000000,856.00,6004.00,1.092000,1.071000,281.1123072,43.2277663
"Kepler-432 b","Kepler-432",2,2,"Transit",2015,52.50112900000,12.83430500,1719.46030000,812.00,4995.00,4.060000,1.320000,293.2822344,48.2859173
"Kepler-432 c","Kepler-432",2,2,"Radial Velocity",2015,406.20000000000,13.30000000,772.32690000,,4995.00,4.060000,1.320000,293.2822344,48.2859173
"Kepler-433 b","Kepler-433",1,1,"Transit",2015,5.33408384000,16.25000000,896.24000000,1776.00,6360.00,2.260000,1.460000,297.5936232,40.9772546
"Kepler-434 b","Kepler-434",1,1,"Transit",2015,12.87470990000,12.67000000,908.96000000,1000.00,5977.00,1.380000,1.198000,293.5863887,42.9288624
"Kepler-435 b","Kepler-435",1,1,"Transit",2015,8.60015360000,22.31000000,266.97000000,1729.00,6161.00,3.210000,1.538000,292.2873012,43.1972542
"Kepler-437 b","Kepler-437",1,1,"Transit",2015,66.65062000000,2.14000000,5.22000000,308.00,4551.00,0.680000,0.707000,297.3473326,44.0269249
"Kepler-439 b","Kepler-439",1,1,"Transit",2015,178.13960000000,2.24000000,5.65000000,291.00,5431.00,0.866000,0.884000,280.8015188,44.0339733
"Kepler-44 b","Kepler-44",1,1,"Transit",2011,3.24672930000,12.22000000,317.82000000,1544.00,5800.00,1.350000,1.120000,300.1023512,45.7621918
"Kepler-440 b","Kepler-440",1,1,"Transit",2015,101.11141000000,1.86000000,4.12000000,229.00,4134.00,0.559000,0.575000,285.3500664,41.4523695
"Kepler-441 b","Kepler-441",1,1,"Transit",2015,207.24820000000,1.64000000,3.33000000,189.00,4340.00,0.550000,0.572000,284.5669540,49.0127077
"Kepler-443 b","Kepler-443",1,1,"Transit",2015,177.66930000000,2.33000000,6.04000000,233.00,4723.00,0.706000,0.738000,288.6104839,49.9685458
"Kepler-444 b","Kepler-444",3,5,"Transit",2015,3.60010530000,0.40300000,0.03740000,938.00,5046.00,0.752000,0.758000,289.7528323,41.6318840
"Kepler-444 c","Kepler-444",3,5,"Transit",2015,4.54588410000,0.49700000,0.07930000,868.00,5046.00,0.752000,0.758000,289.7528323,41.6318840
"Kepler-444 e","Kepler-444",3,5,"Transit",2015,7.74349300000,0.54600000,0.10000000,727.00,5046.00,0.752000,0.758000,289.7528323,41.6318840
"Kepler-444 f","Kepler-444",3,5,"Transit",2015,9.74048600000,0.74100000,0.33200000,673.00,5046.00,0.752000,0.758000,289.7528323,41.6318840
"Kepler-445 b","Kepler-445",1,3,"Transit",2015,2.98415100000,1.58000000,3.12000000,401.00,3157.00,0.210000,0.180000,298.7363395,46.4991236
"Kepler-445 c","Kepler-445",1,3,"Transit",2015,4.87122900000,2.51000000,6.85000000,341.00,3157.00,0.210000,0.180000,298.7363395,46.4991236
"Kepler-445 d","Kepler-445",1,3,"Transit",2015,8.15275000000,1.25000000,2.10000000,305.00,3157.00,0.210000,0.180000,298.7363395,46.4991236
"Kepler-446 b","Kepler-446",1,3,"Transit",2015,1.56540900000,1.50000000,2.86000000,648.00,3359.00,0.240000,0.220000,282.2501047,44.9210020
"Kepler-446 c","Kepler-446",1,3,"Transit",2015,3.03617900000,1.11000000,1.41000000,520.00,3359.00,0.240000,0.220000,282.2501047,44.9210020
"Kepler-446 d","Kepler-446",1,3,"Transit",2015,5.14892100000,1.35000000,2.39000000,436.00,3359.00,0.240000,0.220000,282.2501047,44.9210020
"Kepler-447 b","Kepler-447",1,1,"Transit",2015,7.79430132000,18.49000000,435.41000000,882.00,5493.00,1.050000,1.000000,285.2685283,48.5598835
"Kepler-449 b","Kepler-449",1,2,"Transit",2015,12.58242000000,2.05600000,4.88000000,917.00,5649.18,1.467000,1.020000,293.7327870,41.9006366
"Kepler-449 c","Kepler-449",1,2,"Transit",2015,33.67270000000,2.76400000,8.07000000,661.00,5649.18,1.467000,1.020000,293.7327870,41.9006366
"Kepler-45 b","Kepler-45",1,1,"Transit",2011,2.45523900000,10.76000000,160.49700000,1000.00,3820.00,0.550000,0.590000,292.8729292,41.0641727
"Kepler-450 b","Kepler-450",1,3,"Transit",2015,28.45485100000,6.14000000,19.40000000,769.00,6197.21,1.641620,1.190000,295.4865821,51.0135237
"Kepler-450 d","Kepler-450",1,3,"Transit",2015,7.51464000000,0.83700000,17.60000000,1199.00,6197.21,1.641620,1.190000,295.4865821,51.0135237
"Kepler-451 c","2MASS J19383260+4603591",2,3,"Eclipse Timing Variations",2022,1460.00000000000,13.50000000,511.70373527,,29564.00,0.203000,0.480000,294.6359173,46.0664076
"Kepler-451 d","2MASS J19383260+4603591",2,3,"Eclipse Timing Variations",2022,43.00000000000,13.50000000,559.37799632,,29564.00,0.203000,0.480000,294.6359173,46.0664076
"Kepler-453 b","Kepler-453",2,1,"Transit",2015,240.50300000000,6.20400000,16.00000000,273.62,5527.00,0.833000,0.944000,283.2413322,46.3784691
"Kepler-454 c","Kepler-454",2,3,"Radial Velocity",2015,524.19000000000,12.90000000,1433.40611557,249.58,5687.00,1.066000,1.030000,287.4786474,38.2290751
"Kepler-458 c","KIC 9663113",1,2,"Transit",2016,20.74028413000,4.20000000,16.40000000,798.00,6117.21,2.215620,1.150000,297.0454037,46.3286653
"Kepler-46 c","Kepler-46",1,3,"Transit Timing Variations",2012,57.01100000000,13.50000000,119.49900000,455.00,5155.00,0.938000,0.902000,289.2687388,42.6041819
"Kepler-46 d","Kepler-46",1,3,"Transit",2014,6.76658900000,1.64000000,3.33000000,845.00,5309.00,0.790000,0.883000,289.2687388,42.6041819
"Kepler-461 b","Kepler-461",1,1,"Transit",2016,8.31378305900,2.58000000,7.18000000,886.00,5634.00,0.910000,0.980000,292.2490563,46.1647909
"Kepler-463 b","Kepler-463",1,1,"Transit",2016,8.98101683300,3.05000000,9.53000000,880.00,5661.00,0.900000,0.870000,298.9368228,44.8578644
"Kepler-464 b","Kepler-464",1,1,"Transit",2016,7.25696522400,3.30000000,10.90000000,1163.00,5933.00,1.590000,1.210000,294.8351052,48.9823204
"Kepler-465 b","Kepler-465",1,1,"Transit",2016,9.94067246600,2.95000000,9.01000000,996.00,6310.00,1.290000,1.230000,284.5557853,46.0638865
"Kepler-466 b","Kepler-466",1,2,"Transit",2016,51.07926307000,2.85000000,8.50000000,503.00,5927.00,1.050000,1.040000,295.6486585,48.4955191
"Kepler-466 c","Kepler-466",1,2,"Transit",2016,3.70921384600,1.25000000,2.10000000,1206.00,5927.00,1.050000,1.040000,295.6486585,48.4955191
"Kepler-467 b","Kepler-467",1,1,"Transit",2016,24.99324193000,2.25000000,5.69000000,712.00,5809.00,1.370000,1.050000,287.3629145,38.6497341
"Kepler-468 b","Kepler-468",1,1,"Transit",2016,38.47875706700,13.34000000,,484.00,5498.00,0.870000,0.960000,288.9022829,49.3704079
"Kepler-47 b","Kepler-47",2,3,"Transit",2012,49.46430000000,3.05000000,2.07000000,490.20,5636.00,0.936000,0.957000,295.2978883,46.9204303
"Kepler-472 b","Kepler-472",1,1,"Transit",2016,4.17625551400,3.22000000,10.50000000,876.00,4996.00,0.780000,0.850000,296.5245187,39.2498503
"Kepler-473 b","Kepler-473",1,1,"Transit",2016,14.55731705000,4.08000000,15.60000000,879.00,5816.00,1.340000,1.060000,286.6300796,38.9455907
"Kepler-474 b","Kepler-474",1,1,"Transit",2016,5.66067293500,3.06000000,9.59000000,1115.00,5785.00,1.080000,0.990000,292.3215174,43.8811723
"Kepler-475 b","Kepler-475",1,1,"Transit",2016,3.10550818900,2.49000000,6.76000000,980.00,5009.00,0.790000,0.860000,287.0516940,40.2114232
"Kepler-476 b","Kepler-476",1,1,"Transit",2016,14.00640607000,3.08000000,9.69000000,807.00,5837.00,1.090000,1.030000,295.1637592,43.9630716
"Kepler-477 b","Kepler-477",2,1,"Transit",2016,11.11990653000,2.07000000,4.94000000,649.00,5240.00,0.790000,0.870000,288.0674450,42.3553050
"Kepler-48 b","Kepler-48",1,5,"Transit",2012,4.77800000000,1.88000000,3.94000000,932.00,5194.00,0.890000,0.880000,299.1393094,40.9489390
"Kepler-48 c","Kepler-48",1,5,"Transit",2012,9.67395000000,2.71000000,14.61000000,736.00,5194.00,0.890000,0.880000,299.1393094,40.9489390
"Kepler-48 d","Kepler-48",1,5,"Transit",2014,42.89610000000,2.04000000,7.93000000,448.00,5194.00,0.890000,0.880000,299.1393094,40.9489390
"Kepler-48 e","Kepler-48",1,5,"Radial Velocity",2014,982.00000000000,13.40000000,657.00000000,171.49,5194.00,0.890000,0.880000,299.1393094,40.9489390
"Kepler-48 f","Kepler-48",1,5,"Radial Velocity",2023,5219.68185400000,13.80000000,298.58099680,95.68,5190.00,0.836000,0.916000,299.1393094,40.9489390
"Kepler-480 b","Kepler-480",1,1,"Transit",2016,4.91958379500,2.78000000,8.15000000,1312.00,6322.00,1.340000,1.250000,294.4639165,49.7650473
"Kepler-483 b","Kepler-483",1,1,"Transit",2016,30.22910400000,3.21000000,10.40000000,755.00,6346.00,1.470000,1.280000,291.6467764,41.8846843
"Kepler-487 c","Kepler-487",1,3,"Transit",2016,38.65199760000,2.68000000,7.65000000,487.00,5444.00,0.880000,0.910000,295.2872318,41.2220033
"Kepler-49 b","Kepler-49",1,4,"Transit",2012,7.20000000000,2.57900000,9.77000000,509.00,4095.60,0.618000,0.607000,292.2945208,40.5918123
"Kepler-49 e","Kepler-49",1,4,"Transit",2014,18.59610800000,1.56000000,1.03815000,371.00,4252.00,0.559000,0.549000,292.2945208,40.5918123
"Kepler-490 b","Kepler-490",1,1,"Transit",2016,3.26869515400,11.65000000,,1597.00,6045.00,1.120000,1.080000,295.0256620,46.9559536
"Kepler-498 b","Kepler-498",1,1,"Transit",2016,9.61375356000,3.03000000,9.43000000,931.00,5744.00,0.960000,0.980000,290.3581592,44.5187225
"Kepler-499 b","Kepler-499",1,1,"Transit",2016,5.63252845300,2.17000000,5.35000000,844.00,5312.00,0.830000,0.870000,295.1099549,43.9151012
"Kepler-5 b","Kepler-5",1,1,"Transit",2009,3.54846570000,15.98403400,670.93913000,1750.00,6297.00,1.793000,1.374000,299.4070341,44.0350387
"Kepler-50 c","Kepler-50",1,2,"Transit",2012,9.37647000000,2.17000000,8.20000000,1125.00,6225.00,1.580000,1.240000,288.1009312,50.0336844
"Kepler-500 b","Kepler-500",1,1,"Transit",2016,8.50832439800,2.58000000,7.18000000,909.00,5813.00,1.030000,1.020000,295.9513472,43.8519884
"Kepler-501 b","Kepler-501",1,2,"Transit",2016,5.64067757200,4.30000000,17.10000000,1125.00,5904.00,1.040000,1.030000,297.2014919,41.7301534
"Kepler-502 b","Kepler-502",1,1,"Transit",2016,4.28686431000,4.77000000,20.40000000,1217.00,6125.00,1.220000,1.150000,291.0801330,43.8601911
"Kepler-505 b","Kepler-505",1,1,"Transit",2016,27.52197994000,2.60000000,7.27000000,314.00,3931.00,0.530000,0.550000,287.8579530,42.5426758
"Kepler-508 b","Kepler-508",1,1,"Transit",2016,25.30889748000,1.64000000,3.33000000,710.00,6025.00,1.250000,1.160000,295.4042546,42.9812789
"Kepler-509 b","Kepler-509",1,1,"Transit",2016,41.74600392000,2.49000000,6.76000000,584.00,6060.00,1.200000,1.100000,289.6643940,48.7061650
"Kepler-51 b","Kepler-51",1,4,"Transit",2012,45.15400000000,7.10000000,2.10000000,543.00,6018.00,0.940000,1.040000,296.4797624,49.9376486
"Kepler-51 c","Kepler-51",1,4,"Transit",2012,85.31200000000,9.00000000,4.00000000,439.00,6018.00,0.940000,1.040000,296.4797624,49.9376486
"Kepler-51 d","Kepler-51",1,4,"Transit",2014,130.19400000000,9.70000000,7.60000000,381.00,6018.00,0.940000,1.040000,296.4797624,49.9376486
"Kepler-51 e","Kepler-51",1,4,"Transit Timing Variations",2024,264.28400000000,2.18000000,5.40000000,,5674.00,0.870000,0.960000,296.4797624,49.9376486
"Kepler-510 b","Kepler-510",1,1,"Transit",2016,19.55659418000,2.47000000,6.66000000,797.00,5746.00,1.410000,0.910000,287.6550196,39.2441716
"Kepler-511 c","Kepler-511",1,2,"Transit",2021,26.62949944000,4.20964327,16.50000000,742.00,5866.00,1.417000,0.958000,282.9455384,47.5749181
"Kepler-514 b","Kepler-514",2,1,"Transit",2016,5.65179605000,1.72000000,3.61000000,1248.00,6106.00,1.440000,1.280000,286.2471739,50.2423694
"Kepler-52 c","Kepler-52",1,3,"Transit",2012,16.38500210000,1.84000000,45.40000000,433.00,4075.00,0.520000,0.540000,286.7380152,49.9757383
"Kepler-52 d","Kepler-52",1,3,"Transit",2014,36.44517100000,1.95000000,88.87750000,332.00,4263.00,0.556000,0.577000,286.7380152,49.9757383
"Kepler-520 b","Kepler-520",1,2,"Transit",2016,19.67416124000,1.66000000,3.39000000,711.00,6112.00,1.090000,1.100000,293.1802903,41.6177408
"Kepler-524 b","Kepler-524",1,2,"Transit",2016,7.97419807000,1.91000000,4.31000000,974.00,6014.00,1.100000,1.090000,296.8591787,49.1620125
"Kepler-524 c","Kepler-524",1,2,"Transit",2016,1.88897906000,0.96000000,0.84000000,1574.00,6014.00,1.100000,1.090000,296.8591787,49.1620125
"Kepler-526 b","Kepler-526",1,1,"Transit",2016,5.45849831600,1.99000000,4.62000000,1099.00,5894.00,1.140000,1.150000,297.6509281,47.3962246
"Kepler-529 c","Kepler-529",1,3,"Transit",2016,12.83450220000,2.00000000,4.66000000,891.00,6087.00,1.140000,1.070000,285.8884067,47.8803640
"Kepler-53 c","Kepler-53",1,3,"Transit",2012,38.55830380000,3.17000000,36.00000000,550.00,5858.00,0.890000,0.980000,290.4617926,40.5624966
"Kepler-53 d","Kepler-53",1,3,"Transit",2014,9.75196200000,2.12000000,166.50300000,870.00,6085.00,0.958000,0.966000,290.4617926,40.5624966
"Kepler-533 b","Kepler-533",1,1,"Transit",2016,28.51120525000,3.38000000,11.40000000,423.00,4758.00,0.720000,0.780000,293.6856893,48.8249915
"Kepler-534 b","Kepler-534",1,2,"Transit",2016,15.95994513000,2.24000000,5.65000000,721.00,5884.00,0.980000,1.050000,296.4185696,49.5401480
"Kepler-537 b","Kepler-537",1,1,"Transit",2016,3.24755521900,1.41000000,2.57000000,1181.00,5763.00,0.990000,1.070000,289.8805804,51.2769907
"Kepler-539 b","Kepler-539",1,2,"Transit",2016,125.63243000000,8.37312300,308.29510000,387.60,5820.00,0.952000,1.048000,299.1224639,41.8667953
"Kepler-539 c","Kepler-539",1,2,"Transit Timing Variations",2016,1000.00000000000,13.30000000,762.79200000,253.00,5820.00,0.952000,1.048000,299.1224639,41.8667953
"Kepler-54 b","Kepler-54",1,3,"Transit",2012,8.01094340000,2.10000000,0.98000000,453.00,3705.00,0.500000,0.510000,294.7739245,43.0561976
"Kepler-54 c","Kepler-54",1,3,"Transit",2012,12.07172490000,1.23000000,0.70000000,395.00,3705.00,0.500000,0.510000,294.7739245,43.0561976
"Kepler-546 b","Kepler-546",1,1,"Transit",2016,4.14702025800,7.00000000,39.10000000,1258.00,5967.00,1.150000,1.110000,283.2575730,40.9904095
"Kepler-548 b","Kepler-548",1,1,"Transit",2016,4.45419433800,11.99000000,,1017.00,5535.00,0.900000,0.930000,299.9059167,45.4396103
"Kepler-55 b","Kepler-55",1,5,"Transit",2012,27.94814490000,2.43000000,43.00000000,400.00,4362.00,0.580000,0.620000,285.1683291,44.0264898
"Kepler-55 c","Kepler-55",1,5,"Transit",2012,42.15164180000,2.21000000,69.80000000,349.00,4362.00,0.580000,0.620000,285.1683291,44.0264898
"Kepler-55 d","Kepler-55",1,5,"Transit",2014,2.21109900000,1.59000000,3.15000000,931.00,4503.00,0.619000,0.631000,285.1683291,44.0264898
"Kepler-55 e","Kepler-55",1,5,"Transit",2014,4.61753400000,1.55000000,3.02000000,728.00,4503.00,0.619000,0.631000,285.1683291,44.0264898
"Kepler-552 b","Kepler-552",1,1,"Transit",2016,5.26341576500,3.95000000,14.80000000,1103.00,5863.00,1.040000,1.030000,290.7476903,48.2419838
"Kepler-554 b","Kepler-554",1,1,"Transit",2016,1.90220855600,4.29000000,17.00000000,1346.00,5447.00,0.920000,0.930000,296.4068982,51.3581938
"Kepler-555 b","Kepler-555",1,1,"Transit",2016,16.21775407000,2.83000000,8.40000000,664.00,5894.00,1.040000,1.030000,285.5168720,38.9324587
"Kepler-557 b","Kepler-557",1,1,"Transit",2016,3.70598955100,2.67000000,7.61000000,1281.00,6068.00,1.160000,1.110000,293.7084179,41.6151084
"Kepler-559 b","Kepler-559",1,1,"Transit",2016,17.58752333000,3.61000000,12.70000000,706.00,5630.00,0.950000,0.960000,296.6368878,43.8027948
"Kepler-56 b","Kepler-56",1,3,"Transit",2012,10.50160000000,6.51000000,22.10000000,1378.00,4840.00,4.230000,1.320000,293.7583002,41.8718070
"Kepler-56 c","Kepler-56",1,3,"Transit",2012,21.40239000000,9.80000000,181.00000000,1087.00,4840.00,4.230000,1.320000,293.7583002,41.8718070
"Kepler-56 d","Kepler-56",1,3,"Radial Velocity",2016,1002.00000000000,12.80000000,1784.00000000,324.75,4819.44,4.217990,1.290000,293.7583002,41.8718070
"Kepler-561 b","Kepler-561",1,2,"Transit",2016,58.36204950000,6.96000000,38.70000000,446.00,5646.00,0.940000,0.960000,293.7471107,45.1071981
"Kepler-563 b","Kepler-563",1,1,"Transit",2016,22.18432708000,3.09000000,9.75000000,546.00,5066.00,0.770000,0.800000,292.4461832,46.2897548
"Kepler-564 b","Kepler-564",1,1,"Transit",2016,3.75083228500,4.63000000,19.40000000,1129.00,5626.00,0.920000,0.950000,296.8383661,46.6263912
"Kepler-566 b","Kepler-566",1,1,"Transit",2016,18.42794624000,2.15000000,5.27000000,526.00,5132.00,0.790000,0.830000,291.5544735,47.8144362
"Kepler-567 b","Kepler-567",1,1,"Transit",2016,16.54297375000,2.25000000,5.69000000,611.00,5148.00,0.790000,0.840000,297.6726072,48.3023458
"Kepler-568 b","Kepler-568",1,1,"Transit",2016,11.02347475000,2.26000000,5.73000000,429.00,3768.00,0.530000,0.550000,298.1061315,48.4016448
"Kepler-57 c","Kepler-57",1,2,"Transit",2012,11.60000000000,2.19600000,6.86000000,671.00,5187.90,0.826000,0.859000,293.6413146,44.6570692
"Kepler-574 b","Kepler-574",1,1,"Transit",2016,7.65880414000,2.39000000,6.30000000,858.00,5612.00,0.910000,0.950000,290.2470519,52.1491051
"Kepler-575 b","Kepler-575",1,1,"Transit",2016,9.37891944000,2.39000000,6.30000000,803.00,5710.00,0.950000,0.970000,286.9638856,37.8296147
"Kepler-576 b","Kepler-576",1,1,"Transit",2016,29.91136794000,3.27000000,10.70000000,541.00,5672.00,0.970000,0.990000,295.1828896,38.6542028
"Kepler-577 b","Kepler-577",1,1,"Transit",2016,25.69578251000,2.55000000,7.04000000,314.00,4984.00,0.730000,0.780000,294.7119855,39.0737317
"Kepler-58 b","Kepler-58",1,4,"Transit",2012,10.21849540000,2.78000000,35.50000000,920.00,5843.00,1.030000,0.950000,296.3586251,39.1152033
"Kepler-58 d","Kepler-58",1,4,"Transit",2014,40.10137100000,2.94000000,245.34300000,583.00,6099.00,1.127000,1.024000,296.3586251,39.1152033
"Kepler-580 b","Kepler-580",1,1,"Transit",2016,8.22241965600,2.57000000,7.13000000,558.00,4298.00,0.640000,0.670000,283.4997537,40.5528053
"Kepler-583 b","Kepler-583",1,1,"Transit",2016,6.51002530000,2.28000000,5.82000000,1017.00,5523.00,0.910000,0.940000,282.1113206,42.3545514
"Kepler-584 b","Kepler-584",1,1,"Transit",2016,35.18103040000,4.21000000,16.50000000,664.00,6195.00,1.240000,1.170000,288.2306150,42.4136181
"Kepler-587 b","Kepler-587",1,1,"Transit",2016,10.94027841000,2.23000000,5.60000000,764.00,5549.00,0.890000,0.920000,288.6706571,47.3991249
"Kepler-589 c","Kepler-589",1,2,"Transit",2021,3.52466011000,1.11727238,1.45000000,1098.00,5372.00,0.916000,0.832000,280.6414331,47.7520581
"Kepler-59 b","Kepler-59",1,2,"Transit",2012,11.86817070000,1.10000000,4.10000000,864.00,6074.00,0.940000,1.040000,287.0394932,46.6401677
"Kepler-59 c","Kepler-59",1,2,"Transit",2012,17.98012350000,1.98000000,3.81000000,752.00,6074.00,0.940000,1.040000,287.0394932,46.6401677
"Kepler-595 b","Kepler-595",1,2,"Transit",2016,25.30290920000,3.70800000,17.40000000,535.00,5138.50,0.821000,0.930000,294.5703593,50.6730147
"Kepler-595 c","Kepler-595",1,2,"Transit",2020,12.38602000000,1.00900000,3.30000000,679.00,5138.50,0.821000,0.930000,294.5703593,50.6730147
"Kepler-596 b","Kepler-596",1,1,"Transit",2016,21.30022655000,3.46000000,11.80000000,725.00,6267.00,1.320000,1.210000,289.5006797,51.6857106
"Kepler-598 b","Kepler-598",1,2,"Transit",2016,3.70175428000,1.50000000,2.86000000,1050.00,5307.00,0.860000,0.870000,293.1234493,40.9348005
"Kepler-599 b","Kepler-599",1,1,"Transit",2016,15.65562652000,2.84000000,8.45000000,623.00,5127.00,0.790000,0.830000,285.9115968,41.0695091
"Kepler-6 b","Kepler-6",1,1,"Transit",2009,3.23469960000,14.61653600,212.31044000,1460.00,5647.00,1.391000,1.209000,296.8372475,48.2399695
"Kepler-60 b","Kepler-60",1,3,"Transit",2012,7.13340000000,1.71000000,4.19000000,1102.00,5905.00,1.257000,1.041000,288.9612535,42.2650472
"Kepler-60 c","Kepler-60",1,3,"Transit",2012,8.91870000000,1.90000000,3.85000000,1023.00,5905.00,1.257000,1.041000,288.9612535,42.2650472
"Kepler-60 d","Kepler-60",1,3,"Transit",2012,11.89810000000,1.99000000,4.16000000,929.00,5905.00,1.257000,1.041000,288.9612535,42.2650472
"Kepler-601 b","Kepler-601",1,1,"Transit",2016,5.37886844100,1.90000000,4.27000000,833.00,5160.00,0.790000,0.850000,282.0046852,42.1764657
"Kepler-603 c","Kepler-603",1,3,"Transit",2016,127.90757740000,6.50000000,34.50000000,401.00,5808.00,1.010000,1.010000,294.2809679,42.2909295
"Kepler-607 b","Kepler-607",1,2,"Transit",2016,0.63816320400,0.87000000,0.59000000,1874.00,5196.00,0.800000,0.840000,291.0571451,44.6323060
"Kepler-607 c","Kepler-607",1,2,"Transit",2021,39.67679977000,2.76001201,8.05000000,473.00,5244.00,0.888000,0.808000,291.0571451,44.6323060
"Kepler-61 b","Kepler-61",1,1,"Transit",2013,59.87756000000,2.15000000,5.27000000,273.00,4017.00,0.620000,0.635000,295.3044942,42.4753193
"Kepler-610 b","Kepler-610",1,2,"Transit",2016,6.99692655400,4.19000000,16.30000000,888.00,5943.00,1.130000,1.100000,293.1713241,45.0655934
"Kepler-610 c","Kepler-610",1,2,"Transit",2016,151.86392000000,3.30000000,10.90000000,318.00,5943.00,1.130000,1.100000,293.1713241,45.0655934
"Kepler-613 b","Kepler-613",1,1,"Transit",2016,15.77979614000,2.29000000,5.86000000,713.00,5723.00,0.960000,0.980000,282.7868415,46.2449846
"Kepler-614 b","Kepler-614",1,1,"Transit",2016,14.03491514000,2.39000000,6.30000000,641.00,5268.00,0.810000,0.850000,298.3848866,46.2759867
"Kepler-616 b","Kepler-616",1,3,"Transit",2016,9.99761851000,2.43000000,6.48000000,860.00,5753.00,0.970000,0.980000,294.9891370,46.8383058
"Kepler-619 b","Kepler-619",1,3,"Transit",2016,5.40427219700,3.16000000,10.10000000,1073.00,5980.00,1.110000,1.090000,290.8490899,48.4159782
"Kepler-619 c","Kepler-619",1,3,"Transit",2016,1.20846502600,1.69000000,3.50000000,1767.00,5980.00,1.110000,1.090000,290.8490899,48.4159782
"Kepler-62 b","Kepler-62",1,5,"Transit",2013,5.71493200000,1.31000000,9.00000000,750.00,4925.00,0.640000,0.690000,283.2125621,45.3496992
"Kepler-62 c","Kepler-62",1,5,"Transit",2013,12.44170000000,0.54000000,4.00000000,578.00,4925.00,0.640000,0.690000,283.2125621,45.3496992
"Kepler-62 d","Kepler-62",1,5,"Transit",2013,18.16406000000,1.95000000,14.00000000,510.00,4925.00,0.640000,0.690000,283.2125621,45.3496992
"Kepler-62 f","Kepler-62",1,5,"Transit",2013,267.29100000000,1.41000000,35.00000000,208.00,4925.00,0.640000,0.690000,283.2125621,45.3496992
"Kepler-620 b","Kepler-620",1,1,"Transit",2016,12.91375431000,3.32000000,11.00000000,849.00,6155.00,1.220000,1.150000,291.1593939,51.3348228
"Kepler-621 b","Kepler-621",1,1,"Transit",2016,2.62811374600,2.30000000,5.90000000,737.00,4521.00,0.680000,0.720000,290.9272450,39.9141166
"Kepler-623 b","Kepler-623",1,1,"Transit",2016,9.07097734000,3.01000000,9.32000000,825.00,5443.00,0.860000,0.900000,296.9867284,47.4773531
"Kepler-624 b","Kepler-624",1,1,"Transit",2016,14.58649607000,2.31000000,5.95000000,852.00,6117.00,1.180000,1.100000,295.1933631,39.5396946
"Kepler-625 b","Kepler-625",1,2,"Transit",2016,7.75192492000,1.99000000,4.62000000,852.00,5789.00,0.960000,1.040000,292.1504723,39.6375254
"Kepler-627 b","Kepler-627",1,1,"Transit",2016,40.69944430000,3.73000000,13.40000000,685.00,6424.00,1.490000,1.300000,292.1042198,39.7678585
"Kepler-63 b","Kepler-63",1,1,"Transit",2013,9.43415050000,6.11000000,120.00000000,791.00,5576.00,0.901000,0.984000,289.2262876,49.5482814
"Kepler-635 b","Kepler-635",1,1,"Transit",2016,23.44971004000,2.64000000,7.46000000,802.00,6174.00,1.510000,1.330000,289.7732613,40.8007019
"Kepler-637 b","Kepler-637",1,1,"Transit",2016,23.20584623000,4.75000000,20.20000000,1002.00,6096.00,2.560000,1.640000,292.4172566,41.4168384
"Kepler-645 b","Kepler-645",1,1,"Transit",2016,3.27582262100,2.10000000,5.06000000,1730.00,6170.00,1.210000,1.130000,290.3227098,44.0358625
"Kepler-646 b","Kepler-646",1,1,"Transit",2016,15.87364565000,1.99000000,4.62000000,632.00,5634.00,0.910000,0.930000,290.4714596,44.3870422
"Kepler-647 b","Kepler-647",1,2,"Transit",2016,16.22546490000,1.17000000,1.71000000,788.00,6020.00,1.070000,1.030000,284.7882977,44.5916225
"Kepler-649 b","Kepler-649",1,1,"Transit",2016,29.90722674000,2.26000000,5.73000000,564.00,5871.00,0.940000,0.970000,285.6558336,45.0794516
"Kepler-65 b","Kepler-65",1,4,"Transit",2012,2.15491000000,1.42000000,2.40000000,1740.00,6211.00,1.410000,1.250000,288.6887221,41.1511076
"Kepler-65 c","Kepler-65",1,4,"Transit",2012,5.85994400000,2.58000000,5.40000000,1246.00,6211.00,1.410000,1.250000,288.6887221,41.1511076
"Kepler-65 d","Kepler-65",1,4,"Transit",2012,8.13123000000,1.52000000,4.14000000,1117.00,6211.00,1.410000,1.250000,288.6887221,41.1511076
"Kepler-652 b","Kepler-652",1,1,"Transit",2016,4.18200253100,2.49000000,6.76000000,974.00,5490.00,0.880000,0.970000,288.0080899,46.4736108
"Kepler-656 c","Kepler-656",1,2,"Transit",2023,5.25449393000,1.41000000,2.57000000,975.00,5550.00,0.954000,1.050000,288.3278778,47.3815380
"Kepler-657 b","Kepler-657",1,1,"Transit",2016,24.54350418000,3.52000000,12.20000000,616.00,5808.00,1.010000,1.010000,291.1973006,47.3077545
"Kepler-658 b","Kepler-658",1,1,"Transit",2016,1.28707676200,1.63000000,3.29000000,871.00,4103.00,0.600000,0.630000,282.9836210,47.5783897
"Kepler-659 b","Kepler-659",1,1,"Transit",2016,17.67179600000,2.50000000,6.80000000,513.00,4870.00,0.740000,0.790000,287.6081777,47.5096893
"Kepler-661 b","Kepler-661",1,1,"Transit",2016,6.02930132100,3.07000000,9.64000000,678.00,4483.00,0.670000,0.700000,283.7107463,47.8631748
"Kepler-662 b","Kepler-662",1,1,"Transit",2016,21.67697486000,2.18000000,5.39000000,530.00,4897.00,0.740000,0.790000,290.4650801,47.9291252
"Kepler-665 b","Kepler-665",1,1,"Transit",2016,16.01310205000,2.60000000,7.27000000,593.00,4913.00,0.740000,0.790000,297.0255947,48.4785669
"Kepler-666 b","Kepler-666",1,1,"Transit",2016,4.49876092000,2.40000000,6.35000000,1133.00,5887.00,1.050000,1.030000,298.4568899,48.7915925
"Kepler-667 b","Kepler-667",1,1,"Transit",2016,41.43962808000,4.73000000,20.10000000,516.00,5327.00,0.870000,0.910000,295.5549918,49.0172956
"Kepler-67 b","Kepler-67",1,1,"Transit",2013,15.72590000000,2.94000000,8.96000000,602.00,5331.00,0.778000,0.865000,294.1533505,46.1663976
"Kepler-674 b","Kepler-674",1,1,"Transit",2016,2.24338184700,1.69000000,3.50000000,822.00,4192.00,0.570000,0.600000,285.1761864,50.1496897
"Kepler-675 b","Kepler-675",1,1,"Transit",2016,2.33743801000,2.44000000,6.53000000,1070.00,4945.00,0.750000,0.790000,293.8334488,50.2303479
"Kepler-68 d","Kepler-68",2,4,"Radial Velocity",2013,632.62000000000,13.90000000,267.00000000,260.75,5847.00,1.256400,1.057000,291.0323102,49.0402129
"Kepler-68 e","Kepler-68",2,4,"Radial Velocity",2023,3455.00000000000,11.20000000,86.44932670,147.35,5847.00,1.256400,1.057000,291.0323102,49.0402129
"Kepler-682 b","Kepler-682",1,1,"Transit",2016,12.61190667200,7.37000000,42.60000000,753.00,5559.00,0.890000,0.920000,289.1122204,51.7373589
"Kepler-683 b","Kepler-683",1,1,"Transit",2016,2.53918317900,1.97000000,4.54000000,1332.00,5703.00,0.950000,0.960000,291.4399598,37.9056293
"Kepler-684 b","Kepler-684",1,1,"Transit",2016,6.77030200800,3.36000000,11.20000000,812.00,5493.00,0.860000,0.890000,290.8704935,38.2735978
"Kepler-685 b","Kepler-685",1,1,"Transit",2016,1.62552220000,10.58000000,78.80000000,1579.00,5963.00,1.160000,1.110000,293.8719143,38.4229184
"Kepler-687 b","Kepler-687",1,1,"Transit",2016,20.50586978000,3.52000000,12.20000000,518.00,4841.00,0.730000,0.770000,289.3154576,39.1532911
"Kepler-689 b","Kepler-689",1,1,"Transit",2016,22.36656079000,2.89000000,8.70000000,536.00,5518.00,0.880000,0.910000,294.7106347,39.5216975
"Kepler-691 b","Kepler-691",1,1,"Transit",2016,8.11437900000,2.09000000,5.02000000,460.00,3715.00,0.500000,0.530000,288.8117314,40.0332311
"Kepler-696 b","Kepler-696",1,1,"Transit",2016,4.19042557500,6.14000000,31.30000000,1234.00,5903.00,1.080000,1.060000,293.4965906,41.1375635
"Kepler-7 b","Kepler-7",1,1,"Transit",2009,4.88548920000,18.18099800,140.16303000,1630.00,5933.00,1.966000,1.359000,288.5814928,41.0897335
"Kepler-703 b","Kepler-703",1,1,"Transit",2016,4.58352175600,8.20000000,51.10000000,1038.00,6185.00,1.270000,1.180000,299.1868586,41.7426990
"Kepler-704 b","Kepler-704",1,1,"Transit",2016,3.76182115000,2.61000000,7.32000000,1121.00,5616.00,0.960000,0.970000,283.3163671,41.8370942
"Kepler-705 b","Kepler-705",1,1,"Transit",2016,56.05605380000,2.11000000,5.10000000,265.00,3722.00,0.510000,0.530000,289.5085612,41.8120234
"Kepler-708 b","Kepler-708",1,1,"Transit",2016,3.16789193800,2.93000000,8.91000000,1221.00,5692.00,0.960000,0.970000,293.8164588,42.2125159
"Kepler-712 b","Kepler-712",1,2,"Transit",2016,21.02247699000,3.41000000,11.50000000,521.00,5148.00,0.780000,0.840000,294.9096739,42.9351987
"Kepler-715 b","Kepler-715",1,1,"Transit",2016,10.00652995000,3.75000000,13.50000000,876.00,5871.00,1.040000,1.040000,283.6307971,43.3793638
"Kepler-716 b","Kepler-716",1,2,"Transit",2016,10.37168453000,2.90000000,8.75000000,720.00,5099.00,0.780000,0.830000,290.3931809,43.3638577
"Kepler-718 b","Kepler-718",1,1,"Transit",2016,2.05234990500,16.56000000,,1497.00,6191.00,1.300000,1.180000,299.5618676,43.5035173
"Kepler-723 b","Kepler-723",1,1,"Transit",2016,4.08227506800,12.19000000,,1016.00,5539.00,0.890000,0.920000,284.8304434,44.6580932
"Kepler-725 b","Kepler-725",1,2,"Transit",2016,39.64372000000,10.80000000,521.76244000,514.00,5395.00,0.880000,0.950000,283.9774949,44.8115613
"Kepler-725 c","Kepler-725",1,2,"Transit Timing Variations",2025,207.54100000000,3.08000000,9.70000000,268.00,5395.00,0.880000,0.950000,283.9774949,44.8115613
"Kepler-731 b","Kepler-731",1,1,"Transit",2016,3.85560355100,13.88000000,,1212.00,5849.00,1.060000,1.030000,296.3931945,45.5685330
"Kepler-732 b","Kepler-732",1,2,"Transit",2016,9.46781404800,2.18000000,5.39000000,407.00,3631.00,0.460000,0.490000,283.7317274,45.9585288
"Kepler-732 c","Kepler-732",1,2,"Transit",2016,0.89304123600,1.27000000,2.15000000,893.00,3631.00,0.460000,0.490000,283.7317274,45.9585288
"Kepler-733 b","Kepler-733",1,1,"Transit",2016,20.83424726000,2.82000000,8.35000000,595.00,5418.00,0.860000,0.900000,293.0181882,45.9147063
"Kepler-734 b","Kepler-734",1,1,"Transit",2016,6.10485285600,3.56000000,12.40000000,784.00,5326.00,0.780000,0.850000,297.0456122,46.0273893
"Kepler-738 b","Kepler-738",1,1,"Transit",2016,24.58721573000,2.50000000,6.80000000,530.00,5327.00,0.820000,0.860000,287.5696516,46.5679011
"Kepler-739 b","Kepler-739",1,1,"Transit",2016,12.53248465000,3.32000000,11.00000000,775.00,5601.00,0.900000,0.930000,290.0679940,46.5791535
"Kepler-74 b","Kepler-74",1,1,"Transit",2013,7.34071100000,10.76000000,200.22000000,1078.00,6000.00,1.120000,1.180000,293.0925275,41.3555095
"Kepler-740 b","Kepler-740",1,1,"Transit",2016,3.58410121600,4.57000000,18.90000000,1131.00,5438.00,0.870000,0.910000,286.4822566,46.6924560
"Kepler-741 b","Kepler-741",1,1,"Transit",2016,7.03902374000,2.97000000,9.11000000,1051.00,6129.00,1.240000,1.160000,289.4317294,46.6174978
"Kepler-743 b","Kepler-743",2,1,"Transit",2016,3.17926292100,1.21000000,1.92000000,1101.00,5486.00,0.850000,0.940000,295.5742300,42.8064255
"Kepler-747 b","Kepler-747",1,1,"Transit",2016,35.61760587000,5.27000000,24.10000000,456.00,5096.00,0.780000,0.820000,288.4165196,41.0298175
"Kepler-749 b","Kepler-749",1,1,"Transit",2016,17.31716585000,3.10000000,9.80000000,454.00,5009.00,0.750000,0.790000,299.8973341,43.9040667
"Kepler-75 b","Kepler-75",1,1,"Transit",2013,8.88491160000,11.77000000,3209.90000000,767.00,5200.00,0.890000,0.910000,291.1376203,36.5773443
"Kepler-750 c","Kepler-750",1,2,"Transit",2016,4.08899022000,1.62000000,3.26000000,1537.00,6160.00,1.230000,1.150000,289.0968274,44.0043640
"Kepler-751 b","Kepler-751",1,1,"Transit",2016,17.44490636000,2.46000000,6.62000000,679.00,5387.00,0.840000,0.870000,294.8438103,44.0776872
"Kepler-753 b","Kepler-753",1,1,"Transit",2016,5.74772501200,1.91000000,4.31000000,641.00,4346.00,0.650000,0.680000,291.9032411,37.9023677
"Kepler-754 b","Kepler-754",1,1,"Transit",2016,14.55962370000,2.01000000,4.70000000,758.00,5935.00,1.080000,1.060000,293.2541121,37.8461519
"Kepler-755 b","Kepler-755",2,2,"Transit",2016,1.26909037400,1.76000000,3.75000000,1331.00,5043.00,0.770000,0.820000,296.8609348,41.0973178
"Kepler-755 c","Kepler-755",2,2,"Transit",2016,2.85313364400,1.26000000,2.13000000,1016.00,5043.00,0.770000,0.820000,296.8609348,41.0973178
"Kepler-756 b","Kepler-756",1,1,"Transit",2016,1.22486632200,1.12000000,1.46000000,1741.00,5282.00,0.790000,0.820000,290.6079736,41.2010940
"Kepler-757 b","Kepler-757",1,1,"Transit",2016,1.02267882100,1.36000000,2.42000000,1734.00,6014.00,1.130000,1.080000,296.6804876,41.3865279
"Kepler-758 b","Kepler-758",1,4,"Transit",2016,12.10971040000,2.48000000,6.71000000,1005.00,6228.00,1.420000,1.160000,293.0846115,41.1354049
"Kepler-758 d","Kepler-758",1,4,"Transit",2016,20.49661970000,2.12000000,5.14000000,843.00,6228.00,1.420000,1.160000,293.0846115,41.1354049
"Kepler-759 b","Kepler-759",1,1,"Transit",2016,41.80598500000,2.27000000,5.77000000,533.00,5860.00,1.040000,1.040000,290.1314231,41.3814345
"Kepler-76 b","Kepler-76",1,1,"Orbital Brightness Modulation",2013,1.54492980000,15.24424000,638.83830000,2140.00,6409.00,1.320000,1.200000,294.1921185,39.6189727
"Kepler-760 b","Kepler-760",1,2,"Transit",2016,8.70419416000,3.06000000,9.59000000,748.00,5322.00,0.850000,0.890000,287.5931997,44.1794278
"Kepler-760 c","Kepler-760",1,2,"Transit",2016,2.46697439000,1.48000000,2.79000000,1139.00,5322.00,0.850000,0.890000,287.5931997,44.1794278
"Kepler-762 b","Kepler-762",1,1,"Transit",2016,3.77055209800,12.68000000,,1302.00,5944.00,1.080000,1.060000,291.2756631,47.3295107
"Kepler-763 b","Kepler-763",1,3,"Transit",2016,1.19655156000,1.22000000,1.98000000,1414.00,5166.00,0.800000,0.840000,292.1445534,47.1573604
"Kepler-765 b","Kepler-765",1,1,"Transit",2016,27.66552260000,2.43000000,6.48000000,641.00,5901.00,1.060000,1.050000,283.1846044,47.1557114
"Kepler-766 b","Kepler-766",1,1,"Transit",2016,6.10027804000,3.39000000,11.40000000,990.00,5992.00,1.150000,1.100000,293.1845144,37.9698357
"Kepler-767 b","Kepler-767",1,1,"Transit",2016,161.52801010000,6.64000000,35.70000000,366.00,5694.00,0.940000,0.960000,291.5791562,38.0358066
"Kepler-768 b","Kepler-768",1,1,"Transit",2016,11.39100250000,1.79000000,3.86000000,618.00,5108.00,0.780000,0.820000,294.1156858,38.3934378
"Kepler-769 b","Kepler-769",1,2,"Transit",2016,7.42608998000,2.92000000,8.85000000,1037.00,6186.00,1.280000,1.190000,292.7130925,38.3581685
"Kepler-77 b","Kepler-77",1,1,"Transit",2013,3.57878087000,10.76100000,136.66100000,1440.00,5520.00,0.990000,0.950000,289.6079433,44.3454347
"Kepler-770 b","Kepler-770",1,3,"Transit",2016,18.92540274000,2.30000000,5.90000000,1171.00,5598.00,0.920000,0.940000,286.4904589,38.3748720
"Kepler-771 b","Kepler-771",1,1,"Transit",2016,8.73485836000,1.82000000,3.97000000,890.00,5906.00,1.050000,1.030000,287.4441104,38.0884183
"Kepler-772 b","Kepler-772",1,1,"Transit",2016,12.99207337000,1.82000000,3.97000000,866.00,5714.00,1.110000,0.980000,291.4235820,38.2165603
"Kepler-773 b","Kepler-773",1,1,"Transit",2016,3.74910006100,1.43000000,2.63000000,1160.00,5850.00,1.010000,1.040000,290.8846217,38.0575539
"Kepler-774 b","Kepler-774",1,1,"Transit",2016,11.08957230000,3.17000000,10.20000000,1422.00,6403.00,2.420000,1.570000,291.0318604,38.2118940
"Kepler-775 b","Kepler-775",1,1,"Transit",2016,0.97486892600,1.19000000,1.81000000,1612.00,5468.00,0.840000,0.920000,291.4332781,41.7033162
"Kepler-776 b","Kepler-776",1,1,"Transit",2016,4.89718784000,1.28000000,2.18000000,904.00,5071.00,0.780000,0.830000,287.2726117,41.6356009
"Kepler-777 b","Kepler-777",1,1,"Transit",2016,5.72812599000,1.47000000,2.76000000,569.00,4043.00,0.560000,0.580000,282.7241098,44.3465098
"Kepler-779 b","Kepler-779",2,1,"Transit",2016,7.09714223000,0.92000000,0.72100000,425.00,3804.00,0.440000,0.460000,285.6285208,44.3107855
"Kepler-781 b","Kepler-781",1,1,"Transit",2016,13.21407320000,2.89000000,8.70000000,629.00,5162.00,0.780000,0.810000,287.6535874,47.4147762
"Kepler-782 b","Kepler-782",1,1,"Transit",2016,158.68533080000,3.21000000,10.40000000,350.00,5867.00,1.010000,0.980000,288.8682460,47.7594700
"Kepler-783 b","Kepler-783",1,2,"Transit",2016,4.29264638000,0.78000000,0.39900000,991.00,5521.00,0.890000,0.930000,291.0628615,47.4847890
"Kepler-784 b","Kepler-784",1,2,"Transit",2016,31.59226460000,1.58000000,3.12000000,688.00,5674.00,1.320000,1.000000,295.9206663,47.4486164
"Kepler-784 c","Kepler-784",1,2,"Transit",2023,17.15723600000,1.55000000,3.02000000,844.00,5676.00,1.487000,1.016000,295.9206663,47.4486164
"Kepler-785 b","Kepler-785",1,1,"Transit",2016,1.97376092600,13.02000000,,753.00,4739.00,0.710000,0.770000,292.0683108,38.8422004
"Kepler-786 b","Kepler-786",1,1,"Transit",2016,53.52934870000,2.43000000,6.48000000,348.00,4838.00,0.740000,0.810000,293.7439223,38.9392217
"Kepler-787 b","Kepler-787",1,1,"Transit",2016,0.92831049800,1.28000000,2.18000000,1115.00,4248.00,0.620000,0.650000,291.6924773,38.5729105
"Kepler-788 b","Kepler-788",1,1,"Transit",2016,8.39846269000,2.55000000,7.04000000,984.00,6159.00,1.230000,1.160000,290.0004154,38.5398551
"Kepler-789 b","Kepler-789",1,1,"Transit",2016,8.63847725000,2.12000000,5.14000000,1419.00,5870.00,1.020000,1.010000,295.9751549,38.9466396
"Kepler-79 d","Kepler-79",1,4,"Transit",2014,52.08970000000,7.15000000,5.30000000,592.00,6389.00,1.316000,1.244000,300.5171067,44.3815508
"Kepler-79 e","Kepler-79",1,4,"Transit",2014,81.06650000000,3.53000000,3.80000000,511.00,6389.00,1.316000,1.244000,300.5171067,44.3815508
"Kepler-790 b","Kepler-790",1,1,"Transit",2016,13.73469807000,2.18000000,5.39000000,634.00,5208.00,0.800000,0.840000,286.9171489,38.8722123
"Kepler-791 b","Kepler-791",1,1,"Transit",2016,14.55397590000,3.05000000,9.53000000,939.00,6383.00,1.470000,1.300000,293.5958044,39.0294267
"Kepler-792 b","Kepler-792",1,1,"Transit",2016,11.30119217000,1.96000000,4.50000000,852.00,5971.00,1.120000,1.090000,292.0068239,38.8207001
"Kepler-793 b","Kepler-793",1,1,"Transit",2016,4.24153639000,1.37000000,2.45000000,1177.00,5745.00,0.970000,0.980000,295.2167334,38.7744269
"Kepler-794 b","Kepler-794",1,1,"Transit",2016,11.13125132000,2.11000000,5.10000000,952.00,5839.00,1.380000,1.190000,288.1336793,38.9968923
"Kepler-795 b","Kepler-795",2,1,"Transit",2016,29.61934210000,1.68000000,3.46000000,580.00,5631.00,0.960000,0.940000,291.0189951,38.5455728
"Kepler-796 b","Kepler-796",1,1,"Transit",2016,6.40087618000,1.30000000,2.24000000,1109.00,5475.00,1.090000,0.930000,287.3078999,39.1447097
"Kepler-797 b","Kepler-797",1,1,"Transit",2016,27.07237711000,2.17000000,5.35000000,605.00,5680.00,0.950000,0.960000,297.2089078,41.7816450
"Kepler-798 b","Kepler-798",1,1,"Transit",2016,13.71933369000,2.39000000,6.30000000,864.00,6224.00,1.290000,1.190000,292.4782785,42.1422821
"Kepler-799 b","Kepler-799",1,2,"Transit",2016,133.46052350000,6.88000000,37.90000000,433.00,5681.00,0.930000,0.950000,287.1748966,44.8784754
"Kepler-80 c","Kepler-80",1,6,"Transit",2012,9.52355000000,2.74000000,6.74000000,495.00,4540.00,0.678000,0.730000,296.1125759,39.9787451
"Kepler-800 b","Kepler-800",1,1,"Transit",2016,14.13176026000,2.85000000,8.50000000,675.00,5315.00,0.820000,0.850000,286.5747697,44.7951858
"Kepler-801 b","Kepler-801",1,1,"Transit",2016,11.41928253000,2.00000000,4.66000000,419.00,4435.00,0.630000,0.670000,286.0751815,44.6646277
"Kepler-802 b","Kepler-802",1,1,"Transit",2016,40.05874730000,3.54000000,12.30000000,489.00,5507.00,0.900000,0.930000,286.0157998,45.0077413
"Kepler-803 b","Kepler-803",1,1,"Transit",2016,50.28638192000,3.79000000,13.80000000,543.00,5919.00,1.120000,1.050000,299.2216728,44.6939033
"Kepler-804 b","Kepler-804",1,2,"Transit",2016,14.37457351000,1.94000000,4.42000000,779.00,5817.00,1.050000,1.010000,293.3722109,44.7851812
"Kepler-805 b","Kepler-805",1,1,"Transit",2016,30.86389310000,2.89000000,8.70000000,743.00,6112.00,1.650000,1.190000,293.2300178,45.0533640
"Kepler-806 b","Kepler-806",1,1,"Transit",2016,8.09219642000,1.14000000,1.55000000,1089.00,5770.00,1.160000,0.990000,296.0071956,44.8535698
"Kepler-808 b","Kepler-808",1,1,"Transit",2016,0.63133235300,1.46000000,2.73000000,1322.00,4653.00,0.710000,0.760000,291.5941514,48.4454907
"Kepler-809 b","Kepler-809",1,1,"Transit",2016,55.63934000000,3.01000000,9.32000000,478.00,5734.00,0.980000,0.990000,289.0836324,48.0180689
"Kepler-81 b","Kepler-81",1,3,"Transit",2012,5.95500000000,2.42000000,17.20000000,635.00,4385.00,0.590000,0.640000,293.6369437,42.8248275
"Kepler-81 d","Kepler-81",1,3,"Transit",2014,20.83784600000,1.21000000,1.92000000,418.00,4500.00,0.595000,0.648000,293.6369437,42.8248275
"Kepler-810 b","Kepler-810",1,1,"Transit",2016,4.59725385000,1.93000000,4.38000000,1105.00,5803.00,1.040000,1.030000,296.6148615,48.0825642
"Kepler-811 b","Kepler-811",1,1,"Transit",2016,23.58447697000,2.70000000,7.75000000,730.00,5747.00,1.240000,1.010000,285.4241593,47.8345586
"Kepler-812 b","Kepler-812",1,1,"Transit",2016,10.11716531000,3.55000000,12.30000000,1163.00,6761.00,1.710000,1.450000,288.8552821,48.2085170
"Kepler-813 b","Kepler-813",1,1,"Transit",2016,19.12947337000,2.14000000,5.22000000,817.00,5743.00,0.930000,0.950000,285.6626752,48.4353251
"Kepler-815 b","Kepler-815",1,1,"Transit",2016,8.57503552000,4.11000000,15.80000000,1374.00,5028.00,3.420000,1.250000,285.2211238,47.8813037
"Kepler-816 b","Kepler-816",1,1,"Transit",2016,10.50682564600,10.24000000,74.50000000,668.00,5286.00,0.850000,0.900000,293.3628165,39.2124394
"Kepler-817 b","Kepler-817",1,1,"Transit",2016,3.99010622900,9.03000000,60.20000000,1124.00,5861.00,1.030000,1.030000,296.0818498,39.1616140
"Kepler-818 b","Kepler-818",1,1,"Transit",2016,10.03538581400,5.11000000,22.90000000,786.00,5638.00,0.920000,0.940000,296.2351072,39.3702865
"Kepler-82 b","Kepler-82",1,5,"Transit",2012,26.44000000000,4.07000000,12.15000000,562.00,5401.00,0.898000,0.910000,292.8733696,42.9661583
"Kepler-82 c","Kepler-82",1,5,"Transit",2012,51.54000000000,5.34000000,13.90000000,450.00,5401.00,0.898000,0.910000,292.8733696,42.9661583
"Kepler-82 d","Kepler-82",1,5,"Transit",2014,2.38296100000,1.77000000,885.09800000,1253.00,5428.00,0.945000,0.946000,292.8733696,42.9661583
"Kepler-82 e","Kepler-82",1,5,"Transit",2014,5.90220600000,2.47000000,254.02000000,926.00,5428.00,0.945000,0.946000,292.8733696,42.9661583
"Kepler-82 f","Kepler-82",1,5,"Transit Timing Variations",2019,75.73200000000,4.84000000,20.90000000,423.57,5401.00,0.898000,0.910000,292.8733696,42.9661583
"Kepler-820 b","Kepler-820",1,1,"Transit",2016,127.83380980000,6.09000000,30.80000000,554.00,6260.00,1.360000,1.230000,291.0201523,39.2206091
"Kepler-821 b","Kepler-821",1,1,"Transit",2016,1.92279873000,1.31000000,2.27000000,1215.00,5191.00,0.800000,0.840000,285.6173937,39.3794684
"Kepler-823 b","Kepler-823",1,1,"Transit",2016,4.16809082000,1.57000000,3.09000000,1277.00,5643.00,0.960000,0.980000,284.5825682,39.2201737
"Kepler-824 b","Kepler-824",1,1,"Transit",2016,4.51436633000,1.87000000,4.16000000,1231.00,6035.00,1.220000,1.150000,290.4774060,39.7319975
"Kepler-825 b","Kepler-825",1,2,"Transit",2016,3.77360059000,1.53000000,2.96000000,1270.00,5976.00,1.080000,1.030000,294.7698250,39.3984081
"Kepler-825 c","Kepler-825",1,2,"Transit",2016,8.18182460000,1.84000000,4.04000000,981.00,5976.00,1.080000,1.030000,294.7698250,39.3984081
"Kepler-826 b","Kepler-826",1,1,"Transit",2016,4.48758907000,1.25000000,2.10000000,1305.00,6079.00,1.150000,1.050000,284.8601128,39.2405076
"Kepler-827 b","Kepler-827",1,1,"Transit",2016,51.92927591000,5.63000000,27.00000000,574.00,5602.00,0.910000,0.930000,294.9660027,42.7085608
"Kepler-828 b","Kepler-828",1,1,"Transit",2016,0.56785713600,1.51000000,2.89000000,1848.00,5039.00,0.770000,0.810000,286.8872555,42.4712271
"Kepler-829 b","Kepler-829",1,1,"Transit",2016,6.88337562000,2.11000000,5.10000000,857.00,5698.00,0.970000,0.980000,282.3328312,42.4638125
"Kepler-83 b","Kepler-83",2,3,"Transit",2012,9.77000000000,2.83000000,2.94000000,460.00,4082.00,0.610000,0.660000,282.2325197,43.6655662
"Kepler-83 c","Kepler-83",2,3,"Transit",2012,20.09000000000,2.36000000,2.03000000,362.00,4082.00,0.610000,0.660000,282.2325197,43.6655662
"Kepler-83 d","Kepler-83",2,3,"Transit",2014,5.16979600000,1.94000000,4.10000000,569.00,4648.00,0.594000,0.580000,282.2325197,43.6655662
"Kepler-830 b","Kepler-830",1,1,"Transit",2016,11.29695137000,1.70000000,3.53000000,907.00,6037.00,1.110000,1.070000,295.0542380,42.7568316
"Kepler-831 b","Kepler-831",1,1,"Transit",2016,5.62153941000,1.27000000,2.15000000,992.00,5732.00,0.970000,0.990000,294.9855607,42.7277355
"Kepler-832 b","Kepler-832",1,1,"Transit",2016,7.13969410000,2.06000000,4.90000000,965.00,5596.00,0.900000,0.920000,295.9261101,45.3838690
"Kepler-834 b","Kepler-834",1,1,"Transit",2016,13.32388301000,2.02000000,4.74000000,378.00,4554.00,0.660000,0.700000,287.0544674,45.1803351
"Kepler-835 b","Kepler-835",1,1,"Transit",2016,11.41909375000,2.79000000,8.20000000,921.00,5954.00,1.110000,1.080000,283.5742181,45.7348003
"Kepler-836 b","Kepler-836",1,1,"Transit",2016,11.36112327000,2.73000000,7.90000000,869.00,5895.00,1.040000,1.030000,287.4527659,45.7043964
"Kepler-837 b","Kepler-837",1,1,"Transit",2016,16.56059504000,2.56000000,7.08000000,701.00,5403.00,0.810000,0.850000,285.2467607,45.9501100
"Kepler-838 b","Kepler-838",1,1,"Transit",2016,15.74957994000,2.73000000,7.90000000,777.00,5770.00,0.960000,0.980000,285.4354695,45.9759590
"Kepler-84 b","Kepler-84",1,5,"Transit",2012,8.72600000000,2.23000000,40.00000000,985.00,6039.00,1.430000,1.000000,298.2520208,40.4960842
"Kepler-84 e","Kepler-84",1,5,"Transit",2014,27.43438900000,2.60000000,7.27000000,672.00,6031.00,1.169000,1.060000,298.2520208,40.4960842
"Kepler-84 f","Kepler-84",1,5,"Transit",2014,44.55216900000,2.20000000,5.48000000,572.00,6031.00,1.169000,1.060000,298.2520208,40.4960842
"Kepler-841 b","Kepler-841",1,1,"Transit",2016,124.41983980000,5.23000000,23.80000000,416.00,5324.00,0.810000,0.850000,284.2513637,48.8095962
"Kepler-842 b","Kepler-842",1,1,"Transit",2016,1.21956827000,1.60000000,3.19000000,1252.00,4848.00,0.730000,0.780000,292.3285976,49.6535171
"Kepler-844 b","Kepler-844",1,1,"Transit",2016,2.61302085600,1.68000000,3.46000000,713.00,4128.00,0.570000,0.590000,287.8578541,48.7739646
"Kepler-845 b","Kepler-845",1,1,"Transit",2016,0.92785982100,2.04000000,4.82000000,1361.00,4913.00,0.750000,0.790000,290.9576363,49.2037262
"Kepler-846 b","Kepler-846",1,1,"Transit",2016,19.80792185000,2.48000000,6.71000000,624.00,5579.00,0.910000,0.940000,287.0570731,49.0460112
"Kepler-847 b","Kepler-847",1,1,"Transit",2016,2.34323189500,1.18000000,1.76000000,1054.00,4940.00,0.770000,0.830000,283.5048144,49.4509371
"Kepler-85 c","Kepler-85",1,4,"Transit",2012,12.51000000000,1.97800000,2.15000000,706.00,5505.20,0.875000,0.928000,290.9734395,45.2902761
"Kepler-85 d","Kepler-85",1,4,"Transit",2014,17.91323000000,1.20000000,8.69679000,626.00,5436.00,0.893000,0.947000,290.9734395,45.2902761
"Kepler-85 e","Kepler-85",1,4,"Transit",2014,25.21675100000,1.27000000,0.60000000,559.00,5436.00,0.893000,0.947000,290.9734395,45.2902761
"Kepler-850 b","Kepler-850",1,1,"Transit",2016,7.19303878000,1.78000000,3.82000000,995.00,5932.00,1.090000,1.060000,293.0844515,48.5753645
"Kepler-851 b","Kepler-851",1,1,"Transit",2016,8.50699658000,1.68000000,3.46000000,900.00,5455.00,0.850000,0.890000,294.6802199,49.1401106
"Kepler-852 b","Kepler-852",1,1,"Transit",2016,44.93098040000,2.54000000,6.99000000,565.00,6100.00,1.160000,1.190000,297.3915863,48.5606875
"Kepler-853 b","Kepler-853",1,1,"Transit",2016,7.16892463000,1.69000000,3.50000000,1187.00,6350.00,1.550000,1.300000,283.9367810,49.1102748
"Kepler-855 b","Kepler-855",1,1,"Transit",2016,7.88663110400,8.35000000,52.70000000,996.00,5835.00,1.030000,1.030000,295.0949565,43.5375650
"Kepler-856 b","Kepler-856",1,1,"Transit",2016,8.02768059500,9.30000000,63.30000000,824.00,5535.00,0.930000,0.960000,289.6038379,46.3149097
"Kepler-859 b","Kepler-859",1,1,"Transit",2016,20.38177573000,3.09000000,9.75000000,528.00,5020.00,0.770000,0.810000,286.7418337,43.1901197
"Kepler-860 b","Kepler-860",1,1,"Transit",2016,5.10137945400,3.24000000,10.60000000,1050.00,5836.00,1.060000,1.040000,295.5772681,46.2547028
"Kepler-861 b","Kepler-861",1,1,"Transit",2016,3.94963137500,2.28000000,5.82000000,966.00,5047.00,0.780000,0.820000,292.3539624,46.2262465
"Kepler-862 b","Kepler-862",1,1,"Transit",2016,3.14866453400,2.21000000,5.52000000,1097.00,5333.00,0.840000,0.880000,297.7792466,46.4926688
"Kepler-863 b","Kepler-863",1,1,"Transit",2016,15.59461874000,2.90000000,8.75000000,718.00,5678.00,0.950000,0.960000,297.6644677,43.2489903
"Kepler-864 b","Kepler-864",1,2,"Transit",2016,5.83376092000,2.40000000,6.35000000,1143.00,5754.00,1.000000,1.000000,285.0570943,46.3206074
"Kepler-864 c","Kepler-864",1,2,"Transit",2023,2.42150341000,1.62000000,3.26000000,1532.00,6213.00,1.195000,1.270000,285.0570943,46.3206074
"Kepler-865 b","Kepler-865",1,2,"Transit",2016,14.16399294000,2.49000000,6.76000000,694.00,5570.00,0.920000,0.930000,297.7242257,43.5272796
"Kepler-866 b","Kepler-866",1,1,"Transit",2016,2.61703253600,1.63000000,3.29000000,996.00,4751.00,0.710000,0.750000,290.1222112,43.0854070
"Kepler-867 b","Kepler-867",1,1,"Transit",2016,150.24212700000,4.64000000,19.40000000,327.00,5541.00,0.910000,0.920000,287.2852554,51.2499499
"Kepler-868 b","Kepler-868",1,1,"Transit",2016,5.03251791000,2.05000000,4.86000000,1047.00,5614.00,0.890000,0.930000,282.3635315,46.6752384
"Kepler-869 b","Kepler-869",1,1,"Transit",2016,40.42877550000,3.61000000,12.70000000,494.00,5664.00,0.950000,0.970000,289.4245955,50.9941198
"Kepler-87 b","Kepler-87",1,2,"Transit",2013,114.73635000000,13.49000000,324.20000000,478.00,5600.00,1.820000,1.100000,297.9168433,46.9651146
"Kepler-87 c","Kepler-87",1,2,"Transit",2013,191.23180000000,6.14000000,6.40000000,403.00,5600.00,1.820000,1.100000,297.9168433,46.9651146
"Kepler-870 b","Kepler-870",1,1,"Transit",2016,21.35876210000,2.78000000,8.15000000,691.00,5857.00,1.020000,1.010000,295.4025625,50.4785992
"Kepler-871 b","Kepler-871",1,1,"Transit",2016,22.04590180000,3.74000000,13.50000000,640.00,5993.00,1.140000,1.110000,294.5270634,43.3681317
"Kepler-872 b","Kepler-872",1,1,"Transit",2016,2.57885506800,1.99000000,4.62000000,1230.00,5902.00,1.080000,1.050000,295.4174725,43.6056117
"Kepler-873 b","Kepler-873",1,1,"Transit",2016,20.55338440000,3.75000000,13.50000000,749.00,6163.00,1.270000,1.180000,296.4031319,51.2712773
"Kepler-874 b","Kepler-874",1,1,"Transit",2016,40.06867270000,3.94000000,14.70000000,560.00,6020.00,1.130000,1.090000,294.9568477,43.0142991
"Kepler-875 b","Kepler-875",1,1,"Transit",2016,27.50737990000,2.90000000,8.75000000,569.00,5958.00,1.110000,1.060000,297.3012497,43.1418313
"Kepler-877 b","Kepler-877",1,1,"Transit",2016,18.45847097000,2.12000000,5.14000000,632.00,5261.00,0.810000,0.850000,289.8591023,46.5227429
"Kepler-878 b","Kepler-878",1,1,"Transit",2016,25.94220330000,1.93000000,4.38000000,501.00,5044.00,0.770000,0.810000,285.2962562,46.6034497
"Kepler-879 b","Kepler-879",1,2,"Transit",2016,33.38559380000,2.57000000,7.13000000,580.00,5792.00,1.020000,1.020000,295.8065515,50.9097521
"Kepler-880 b","Kepler-880",1,2,"Transit",2016,7.71468975000,2.66000000,7.56000000,1622.00,6761.00,1.740000,1.460000,281.9712347,43.6727839
"Kepler-881 b","Kepler-881",1,1,"Transit",2016,4.44448017000,1.78000000,3.82000000,1217.00,5961.00,1.090000,1.060000,288.9925529,46.6706513
"Kepler-882 b","Kepler-882",1,1,"Transit",2016,3.98953966600,1.23000000,2.04000000,903.00,5476.00,0.870000,0.900000,294.6500256,43.3356106
"Kepler-883 b","Kepler-883",1,1,"Transit",2016,12.98495573000,1.78000000,3.82000000,818.00,6116.00,1.090000,1.060000,286.4337260,50.3002266
"Kepler-884 b","Kepler-884",1,1,"Transit",2016,5.69919514000,1.23000000,2.04000000,964.00,5715.00,0.940000,1.000000,292.5844328,49.9232012
"Kepler-885 b","Kepler-885",1,1,"Transit",2016,18.11472949000,2.50000000,6.80000000,830.00,6187.00,1.350000,1.210000,288.6615682,49.7371538
"Kepler-886 b","Kepler-886",1,1,"Transit",2016,6.24146367000,1.52000000,2.92000000,1111.00,6098.00,1.160000,1.100000,286.2717162,43.5952037
"Kepler-887 b","Kepler-887",1,2,"Transit",2016,20.42228798000,1.84000000,4.04000000,785.00,6194.00,1.290000,1.190000,290.0907893,39.8169085
"Kepler-887 c","Kepler-887",1,2,"Transit",2016,7.63846023000,1.13000000,1.51000000,1089.00,6194.00,1.290000,1.190000,290.0907893,39.8169085
"Kepler-888 b","Kepler-888",1,1,"Transit",2016,70.69790610000,1.76000000,3.75000000,417.00,5875.00,0.900000,0.970000,295.5212866,49.7386804
"Kepler-889 b","Kepler-889",1,1,"Transit",2016,3.74443900000,1.09000000,1.32000000,1328.00,5961.00,1.250000,1.140000,291.4674540,50.7595597
"Kepler-890 b","Kepler-890",1,1,"Transit",2016,52.75875577000,8.89000000,58.60000000,540.00,5954.00,1.130000,1.090000,288.4357180,43.7634712
"Kepler-891 b","Kepler-891",1,1,"Transit",2016,53.44945593000,6.41000000,33.60000000,486.00,5887.00,1.070000,1.060000,291.0837644,40.3552252
"Kepler-892 b","Kepler-892",1,1,"Transit",2016,13.75210720000,2.81000000,8.30000000,556.00,4747.00,0.720000,0.750000,283.1296399,43.8880983
"Kepler-893 b","Kepler-893",1,1,"Transit",2016,6.33855761000,3.03000000,9.43000000,1034.00,5820.00,0.990000,1.000000,284.9630591,43.9130282
"Kepler-894 b","Kepler-894",1,1,"Transit",2016,9.80322400000,2.78000000,8.15000000,896.00,5603.00,0.850000,0.870000,288.7340513,46.9393630
"Kepler-895 b","Kepler-895",1,1,"Transit",2016,2.80624232800,1.54000000,2.99000000,771.00,4315.00,0.610000,0.650000,289.2906978,51.4089936
"Kepler-897 b","Kepler-897",1,1,"Transit",2016,8.04726420000,2.39000000,6.30000000,855.00,5839.00,1.040000,1.030000,290.5867992,51.6957731
"Kepler-898 b","Kepler-898",1,1,"Transit",2016,5.87061910000,1.49000000,2.83000000,616.00,4223.00,0.620000,0.650000,286.5854116,46.8708877
"Kepler-899 b","Kepler-899",1,1,"Transit",2016,19.17891293000,2.68000000,7.65000000,640.00,5595.00,0.910000,0.930000,297.4825612,40.6807412
"Kepler-9 d","Kepler-9",1,3,"Transit",2010,1.59285100000,1.64000000,8.41466053,2026.00,5777.00,1.020000,1.070000,285.5739904,38.4008192
"Kepler-900 b","Kepler-900",1,1,"Transit",2016,6.99130860000,2.08000000,4.98000000,716.00,4836.00,0.730000,0.780000,296.1772720,46.9989635
"Kepler-901 b","Kepler-901",1,1,"Transit",2016,3.51749439400,1.37000000,2.45000000,704.00,4184.00,0.570000,0.590000,291.1528056,40.8876814
"Kepler-902 b","Kepler-902",1,1,"Transit",2016,40.10995470000,2.54000000,6.99000000,556.00,5647.00,0.930000,0.950000,289.7317067,46.9538750
"Kepler-904 b","Kepler-904",1,1,"Transit",2016,3.02166863200,1.77000000,3.78000000,1332.00,6160.00,1.250000,1.160000,288.8229001,40.3890100
"Kepler-905 b","Kepler-905",1,1,"Transit",2016,5.08274651700,1.41000000,2.57000000,928.00,5461.00,0.860000,0.950000,290.0511468,46.7134077
"Kepler-907 b","Kepler-907",1,1,"Transit",2016,15.86621821000,1.20000000,1.87000000,879.00,6106.00,1.380000,1.080000,285.4764959,41.6326615
"Kepler-908 b","Kepler-908",3,1,"Transit",2016,1.34059746800,1.22000000,1.98000000,1783.00,5973.00,1.120000,1.110000,295.3225434,39.3764624
"Kepler-909 b","Kepler-909",1,1,"Transit",2016,13.93290318000,1.47000000,2.76000000,852.00,6154.00,1.230000,1.170000,289.5063796,45.3709728
"Kepler-91 b","Kepler-91",1,1,"Transit",2013,6.24658000000,15.32270300,257.44230000,2040.00,4550.00,6.300000,1.310000,285.6729033,44.1167513
"Kepler-910 b","Kepler-910",1,1,"Transit",2016,2.36436901500,0.82000000,0.47700000,1752.00,6230.00,1.500000,1.260000,296.0472937,42.7429414
"Kepler-912 b","Kepler-912",1,1,"Transit",2016,2.53475627300,2.80000000,8.25000000,1218.00,5998.00,1.110000,1.070000,298.1111779,41.7583240
"Kepler-913 b","Kepler-913",1,2,"Transit",2016,10.29672521000,2.06000000,4.90000000,1129.00,4687.00,0.610000,0.630000,297.5830564,41.9523531
"Kepler-915 b","Kepler-915",1,1,"Transit",2016,4.59489604000,1.50000000,2.86000000,1319.00,6173.00,1.380000,1.210000,290.5921293,45.7372184
"Kepler-916 b","Kepler-916",1,1,"Transit",2016,32.29687980000,1.76000000,3.75000000,503.00,5248.00,0.810000,0.850000,290.9833818,45.9733334
"Kepler-92 b","Kepler-92",1,3,"Transit",2013,13.74900000000,3.51000000,64.30000000,975.00,5883.00,1.700000,1.210000,289.0860607,41.5630224
"Kepler-92 c","Kepler-92",1,3,"Transit",2013,26.72300000000,2.60000000,6.10000000,781.00,5883.00,1.700000,1.210000,289.0860607,41.5630224
"Kepler-92 d","Kepler-92",1,3,"Transit",2015,49.35680000000,2.06700000,11.86668060,637.00,5904.34,1.817190,1.070000,289.0860607,41.5630224
"Kepler-920 c","Kepler-920",1,2,"Transit",2016,100.82741130000,3.80000000,13.80000000,364.00,5403.00,0.850000,0.890000,284.2969363,49.1585983
"Kepler-923 b","Kepler-923",1,1,"Transit",2016,6.93366476000,1.38000000,2.48000000,1104.00,5988.00,1.260000,1.110000,294.1710831,40.0551372
"Kepler-924 b","Kepler-924",1,1,"Transit",2016,61.03701170000,3.07000000,9.64000000,610.00,6167.00,1.230000,1.140000,290.6685136,40.3977086
"Kepler-925 b","Kepler-925",1,1,"Transit",2016,33.86785310000,2.34000000,6.08000000,394.00,4673.00,0.720000,0.770000,290.1065581,40.4906242
"Kepler-926 b","Kepler-926",1,1,"Transit",2016,52.06886010000,2.31000000,5.95000000,524.00,5806.00,1.010000,1.010000,289.6793396,40.7004265
"Kepler-927 b","Kepler-927",1,1,"Transit",2016,9.11499030000,1.72000000,3.61000000,906.00,5743.00,0.990000,0.990000,289.3834807,41.3926651
"Kepler-928 b","Kepler-928",1,1,"Transit",2016,3.93246130200,1.59000000,3.15000000,894.00,4700.00,0.700000,0.730000,289.9206760,41.5427758
"Kepler-93 b","Kepler-93",1,2,"Transit",2014,4.72673978000,1.47800000,4.66000000,1133.00,5669.00,0.919000,0.911000,291.4181275,38.6723124
"Kepler-93 c","Kepler-93",1,2,"Radial Velocity",2014,1460.00000000000,,954.00000000,,5669.00,0.920000,0.910000,291.4181275,38.6723124
"Kepler-930 b","Kepler-930",1,1,"Transit",2016,71.45177750000,2.13000000,5.18000000,561.00,6335.00,1.400000,1.250000,298.3144494,42.2473698
"Kepler-931 b","Kepler-931",1,1,"Transit",2016,8.03755877000,1.33000000,2.33000000,744.00,5241.00,0.810000,0.860000,297.1326937,42.7682885
"Kepler-933 b","Kepler-933",1,1,"Transit",2016,14.20443009000,2.46000000,6.62000000,602.00,5346.00,0.840000,0.870000,289.5685257,43.5385438
"Kepler-937 b","Kepler-937",1,2,"Transit",2016,67.66882700000,3.72000000,13.40000000,495.00,6095.00,1.220000,1.150000,294.1688142,46.7146161
"Kepler-939 b","Kepler-939",1,1,"Transit",2016,14.87829600000,1.75000000,3.71000000,692.00,5471.00,0.850000,0.880000,293.8656181,47.0268148
"Kepler-94 c","Kepler-94",1,2,"Radial Velocity",2014,820.30000000000,12.50000000,3126.00000000,159.05,4781.00,0.760000,0.810000,281.1947316,47.4972606
"Kepler-941 b","Kepler-941",1,1,"Transit",2016,17.42395198000,3.08000000,9.69000000,722.00,5539.00,0.860000,0.890000,294.3262617,47.2175461
"Kepler-943 b","Kepler-943",1,1,"Transit",2016,49.77014380000,5.93000000,29.50000000,455.00,5612.00,0.910000,0.930000,284.2739322,41.5349809
"Kepler-945 b","Kepler-945",1,1,"Transit",2016,31.00338140000,2.63000000,7.41000000,616.00,5718.00,0.970000,0.970000,291.2697354,42.0960305
"Kepler-947 b","Kepler-947",1,1,"Transit",2016,26.96443170000,2.28000000,5.82000000,573.00,5508.00,0.870000,0.900000,294.3667312,42.2526408
"Kepler-948 b","Kepler-948",1,1,"Transit",2016,7.76846622000,1.85000000,4.08000000,841.00,5679.00,0.940000,0.960000,293.3002774,41.5233244
"Kepler-949 b","Kepler-949",1,2,"Transit",2016,8.68930729600,2.91000000,8.80000000,782.00,5403.00,0.860000,0.890000,298.6079128,46.4536600
"Kepler-950 b","Kepler-950",1,1,"Transit",2016,98.71804060000,8.98000000,59.60000000,360.00,5857.00,1.020000,1.020000,287.9565768,41.1302834
"Kepler-953 b","Kepler-953",1,2,"Transit",2016,88.40655258000,4.21000000,16.50000000,410.00,5416.00,0.990000,0.950000,288.9716297,44.6246451
"Kepler-953 c","Kepler-953",1,2,"Transit",2016,9.10967112000,1.19000000,1.81000000,873.00,5416.00,0.990000,0.950000,288.9716297,44.6246451
"Kepler-954 b","Kepler-954",1,1,"Transit",2016,16.78176602000,2.32000000,5.99000000,545.00,4990.00,0.760000,0.820000,295.8594318,47.9396001
"Kepler-956 b","Kepler-956",1,1,"Transit",2016,5.24867263100,3.00000000,9.27000000,1056.00,6040.00,1.150000,1.100000,292.5308289,49.0616555
"Kepler-957 b","Kepler-957",1,1,"Transit",2016,5.90741353700,5.50000000,25.90000000,769.00,4963.00,0.750000,0.810000,290.1563633,48.8189710
"Kepler-959 b","Kepler-959",1,1,"Transit",2016,14.80074836000,4.38000000,17.60000000,1912.00,7005.00,2.010000,1.600000,292.1711850,40.8113849
"Kepler-96 b","Kepler-96",1,1,"Transit",2014,16.23850000000,2.67000000,8.46000000,711.00,5690.00,1.020000,1.000000,297.0698263,40.5252039
"Kepler-960 b","Kepler-960",1,1,"Transit",2016,3.12686223000,2.29000000,5.86000000,1391.00,4755.00,0.720000,0.770000,281.4572217,46.7465538
"Kepler-961 b","Kepler-961",1,1,"Transit",2016,16.87727414000,2.55000000,7.04000000,642.00,5582.00,0.900000,0.960000,282.0354942,43.6312491
"Kepler-963 b","Kepler-963",1,2,"Transit",2016,9.97683705000,2.66000000,7.56000000,802.00,5461.00,0.870000,0.910000,296.7529742,45.0411049
"Kepler-964 b","Kepler-964",1,1,"Transit",2016,13.52251060000,2.12000000,5.14000000,652.00,5427.00,0.840000,0.930000,295.3000650,40.5565792
"Kepler-968 b","Kepler-968",1,3,"Transit",2016,3.69298372800,2.00000000,4.66000000,745.00,4598.00,0.700000,0.760000,285.6025889,50.1120401
"Kepler-969 b","Kepler-969",1,2,"Transit",2016,34.17317140000,2.07000000,4.94000000,465.00,5214.00,0.820000,0.920000,288.3724989,47.9335642
"Kepler-970 b","Kepler-970",2,1,"Transit",2016,16.73652500000,2.60900000,7.31000000,464.00,4290.00,0.710000,0.670000,289.6252192,40.7087351
"Kepler-971 b","Kepler-971",1,1,"Transit",2016,9.59070716000,2.13000000,5.18000000,1087.00,5431.00,0.850000,0.880000,284.0945699,41.1828131
"Kepler-974 b","Kepler-974",1,2,"Transit",2016,4.19449651400,1.57000000,3.09000000,577.00,3687.00,0.500000,0.520000,285.0131082,40.2209547
"Kepler-975 b","Kepler-975",1,2,"Transit",2016,1.97034245700,1.48000000,2.79000000,1599.00,4897.00,0.750000,0.800000,290.5485100,38.4952415
"Kepler-98 b","Kepler-98",1,1,"Transit",2014,1.54168000000,1.99000000,3.55000000,1592.00,5539.00,1.110000,0.990000,285.6616933,37.9645672
"Kepler-980 b","Kepler-980",1,1,"Transit",2016,11.55102504000,2.67000000,7.61000000,845.00,5935.00,1.060000,1.050000,294.6129869,45.0601740
"Kepler-983 b","Kepler-983",1,1,"Transit",2016,60.08550820000,2.36000000,6.17000000,485.00,6052.00,1.080000,1.130000,285.1042243,45.0080745
"Kepler-984 b","Kepler-984",1,1,"Transit",2016,43.03422720000,2.12000000,5.14000000,484.00,5610.00,0.930000,0.960000,296.9588566,46.3940661
"Kepler-985 b","Kepler-985",1,1,"Transit",2016,116.33190100000,2.98000000,9.17000000,323.00,5434.00,0.850000,0.910000,290.1443390,44.0498808
"Kepler-987 b","Kepler-987",1,1,"Transit",2016,105.30331480000,3.26000000,10.70000000,351.00,5637.00,0.910000,0.970000,289.4110582,46.1308443
"Kepler-988 b","Kepler-988",1,1,"Transit",2016,17.76080053000,2.07000000,4.94000000,368.00,4005.00,0.530000,0.550000,290.7082585,42.2372245
"Kepler-989 b","Kepler-989",1,1,"Transit",2016,7.96431535200,2.21000000,5.52000000,805.00,5074.00,0.780000,0.820000,281.5827983,47.2334674
"Kepler-99 b","Kepler-99",2,1,"Transit",2014,4.60358000000,1.48000000,6.15000000,810.00,4782.00,0.730000,0.790000,297.3539994,41.3000452
"Kepler-990 b","Kepler-990",1,2,"Transit",2016,9.91723428000,2.60000000,7.27000000,903.00,5948.00,1.080000,1.050000,297.9381813,46.8813194
"Kepler-991 b","Kepler-991",1,1,"Transit",2016,82.53425190000,2.54000000,6.99000000,260.00,4392.00,0.610000,0.640000,297.0905543,49.6264867
"Kepler-995 b","Kepler-995",1,1,"Transit",2016,28.26731672000,2.70000000,7.75000000,517.00,5206.00,0.800000,0.830000,284.6157154,39.1309980
"Kepler-997 b","Kepler-997",1,1,"Transit",2016,2.70730671600,1.36000000,2.42000000,1709.00,6150.00,1.560000,1.220000,289.2333767,49.9388952
"Kepler-998 b","Kepler-998",1,1,"Transit",2016,5.65377733000,2.32000000,5.99000000,1020.00,6058.00,1.180000,1.120000,296.7541629,49.2087085
"L 168-9 b","L 168-9",1,1,"Transit",2020,1.40152604000,1.63000000,4.07000000,998.00,3842.00,0.604000,0.614000,350.0285917,-60.0657292
"L 363-38 b","L 363-38",1,1,"Radial Velocity",2023,8.78100000000,2.00000000,4.67000000,330.00,3129.00,0.274000,0.210000,10.8555443,-41.2952926
"L 98-59 b","L 98-59",1,5,"Transit",2019,2.25311400000,0.83700000,0.46000000,620.00,3415.00,0.315500,0.292300,124.5328604,-68.3144658
"L 98-59 c","L 98-59",1,5,"Transit",2019,3.69067640000,1.32900000,2.00000000,526.00,3415.00,0.315500,0.292300,124.5328604,-68.3144658
"L 98-59 d","L 98-59",1,5,"Transit",2019,7.45072900000,1.62700000,1.64000000,416.00,3415.00,0.315500,0.292300,124.5328604,-68.3144658
"L 98-59 e","L 98-59",1,5,"Radial Velocity",2021,12.82780000000,1.49000000,2.82000000,347.00,3415.00,0.315500,0.292300,124.5328604,-68.3144658
"L 98-59 f","L 98-59",1,5,"Radial Velocity",2025,23.06400000000,1.48000000,2.80000000,285.00,3415.00,0.315500,0.292300,124.5328604,-68.3144658
"LHS 1140 b","LHS 1140",1,2,"Transit",2017,24.73723000000,1.73000000,5.60000000,226.00,3096.00,0.215900,0.184400,11.2486320,-15.2741085
"LHS 1140 c","LHS 1140",1,2,"Transit",2018,3.77794000000,1.27200000,1.91000000,422.00,3096.00,0.215900,0.184400,11.2486320,-15.2741085
"LHS 1478 b","LHS 1478",1,1,"Transit",2021,1.94953941000,1.17400000,2.27000000,597.30,3415.00,0.246200,0.230100,44.3388743,76.5514045
"LHS 1815 b","LHS 1815",1,1,"Transit",2020,3.81433400000,1.08800000,1.58000000,617.00,3643.00,0.501000,0.502000,91.0899861,-55.3115376
"LHS 3844 b","LHS 3844",1,1,"Transit",2019,0.46292970900,1.28600000,2.37000000,816.00,3080.00,0.189000,0.151000,340.4962038,-69.1721081
"LHS 475 b","LHS 475",1,1,"Transit",2023,2.02908800000,0.99100000,0.94100000,586.00,3300.00,0.278900,0.262000,290.2379403,-82.5597883
"LP 714-47 b","LP 714-47",1,1,"Transit",2020,4.05203200000,4.25000000,28.38000000,722.80,4123.00,0.536000,0.542000,64.1902212,-12.0848643
"LP 791-18 b","LP 791-18",1,3,"Transit",2019,0.94799810000,1.21200000,1.94000000,564.30,2960.00,0.182000,0.139000,165.6904843,-16.4064445
"LP 791-18 c","LP 791-18",1,3,"Transit",2019,4.98991000000,2.48800000,7.16000000,324.40,2960.00,0.182000,0.139000,165.6904843,-16.4064445
"LP 791-18 d","LP 791-18",1,3,"Transit",2023,2.75485000000,1.03200000,0.91000000,395.50,2960.00,0.182000,0.139000,165.6904843,-16.4064445
"LP 890-9 b","LP 890-9",1,2,"Transit",2022,2.72990250000,1.32000000,13.20000000,396.00,2850.00,0.155600,0.118000,64.1309096,-28.3157909
"LP 890-9 c","LP 890-9",1,2,"Transit",2022,8.45746300000,1.36700000,25.30000000,272.00,2850.00,0.155600,0.118000,64.1309096,-28.3157909
"LTT 1445 A b","LTT 1445 A",3,2,"Transit",2019,5.35876350000,1.34000000,2.73000000,431.00,3562.00,0.271000,0.257000,45.4624781,-16.5944956
"LTT 1445 A c","LTT 1445 A",3,2,"Transit",2022,3.12390350000,1.14700000,1.54000000,508.00,3340.00,0.265000,0.257000,45.4624781,-16.5944956
"LTT 3780 b","LTT 3780",2,2,"Transit",2020,0.76837931000,1.32500000,2.46000000,903.00,3358.00,0.380000,0.381000,154.6449033,-11.7178010
"LTT 3780 c","LTT 3780",2,2,"Transit",2020,12.25228400000,2.39000000,8.04000000,359.00,3358.00,0.380000,0.381000,154.6449033,-11.7178010
"LTT 9779 b","LTT 9779",1,1,"Transit",2020,0.79205200000,4.72000000,29.32000000,1978.00,5443.00,0.949000,1.020000,358.6688767,-37.6282237
"LkCa 15 b","LkCa 15",1,2,"Imaging",2015,,,,66.87,4194.00,1.607110,,69.8241791,22.3508662
"LkCa 15 c","LkCa 15",1,2,"Imaging",2015,,,,59.45,4194.00,1.607110,,69.8241791,22.3508662
"Lupus-TR-3 b","Lupus-TR-3",1,1,"Transit",2007,3.91405000000,9.97600000,257.43100000,1013.56,5000.00,0.820000,0.870000,232.5774696,-42.9799461
"MASCARA-4 b","MASCARA-4",2,1,"Transit",2020,2.82409320000,16.98160576,532.36258173,2250.00,7800.00,1.790000,1.750000,147.5800667,-66.1139253
"MOA-2007-BLG-400L b","MOA-2007-BLG-400L",1,1,"Microlensing",2008,,13.50000000,540.30829190,34.00,,,0.690000,272.4249167,-29.2241528
"MOA-2009-BLG-266L b","MOA-2009-BLG-266L",1,1,"Microlensing",2011,2800.00000000000,3.21000000,10.40000000,,,,0.560000,267.0081250,-35.0054111
"MOA-2010-BLG-073L b","MOA-2010-BLG-073L",1,1,"Microlensing",2012,,12.40000000,3500.00000000,,,,0.160000,272.5472580,-26.5229319
"MOA-2010-BLG-117L b","MOA-2010-BLG-117L",1,1,"Microlensing",2018,,14.20000000,170.00000000,,,,0.580000,271.9569700,-25.3446388
"MOA-2010-BLG-477L b","MOA-2010-BLG-477L",1,1,"Microlensing",2012,,13.60000000,480.00000000,,5950.00,,0.670000,271.5310060,-31.4544773
"MOA-2011-BLG-262L b","MOA-2011-BLG-262L",1,1,"Microlensing",2014,,4.29000000,17.00000000,,,,0.110000,270.0978330,-31.2452583
"MOA-2011-BLG-322L b","MOA-2011-BLG-322L",1,1,"Microlensing",2013,,12.40000000,3690.00000000,,,,0.390000,271.2233330,-27.2209444
"MOA-2016-BLG-526L b","MOA-2016-BLG-526L",1,1,"Microlensing",2024,,3.97000000,14.93793513,,,,0.370000,266.6682917,-34.3860806
"MOA-2019-BLG-008L b","MOA-2019-BLG-008L",1,1,"Microlensing",2022,,12.20000000,5720.91132600,,,,0.900000,267.9828750,-29.9897306
"MOA-2020-BLG-108L b","MOA-2020-BLG-108L",1,1,"Microlensing",2026,,12.40000000,3391.22910269,,,,0.580000,269.7155833,-26.9165083
"MOA-2022-BLG-249L b","MOA-2022-BLG-249L",1,1,"Microlensing",2023,,2.04000000,4.83000000,,,,0.180000,268.8655417,-28.3060611
"MOA-2022-BLG-563L b","MOA-2022-BLG-563L",1,1,"Microlensing",2024,,14.00000000,127.13136280,,,,0.480000,270.3002083,-27.8358306
"MOA-bin-1L b","MOA-bin-1L",1,1,"Microlensing",2012,,13.00000000,1200.00000000,,,,0.750000,261.7925000,-29.7939722
"MXB 1658-298 b","MXB 1658-298",2,1,"Eclipse Timing Variations",2017,760.00000000000,12.00000000,7532.57100000,,,,1.980000,255.5272522,-29.9455833
"NGC 2682 YBP 1194 b","NGC 2682 YBP 1194",1,1,"Radial Velocity",2014,6.95900000000,12.30000000,101.70560000,,5780.00,0.990000,1.010000,132.7533077,11.8146537
"NGTS-10 b","NGTS-10",2,1,"Transit",2020,0.76689440000,13.89913607,687.14846000,1508.00,4567.00,0.700000,0.696000,91.8722801,-25.5948963
"NGTS-11 b","NGTS-11",1,1,"Transit",2020,35.45533000000,9.15775300,109.33352000,435.00,5050.00,0.832000,0.862000,23.5214497,-14.4191493
"NGTS-12 b","NGTS-12",1,1,"Transit",2020,7.53280600000,11.74703200,66.10864000,1257.00,5690.00,1.589000,1.021000,176.2499418,-35.6405630
"NGTS-17 b","NGTS-17",1,1,"Transit",2021,3.24253000000,13.89913607,242.82090295,1457.00,5650.00,1.337000,1.025000,72.9005729,-34.2262128
"NGTS-2 b","NGTS-2",1,1,"Transit",2018,4.51116400000,17.87835500,235.19420000,1468.00,6478.00,1.702000,1.640000,215.1227617,-31.2020698
"NGTS-21 b","NGTS-21",1,1,"Transit",2022,1.54338970000,14.90794433,750.07504052,1357.00,4660.00,0.860000,0.720000,311.2583112,-35.4278412
"NGTS-26 b","NGTS-26",1,1,"Transit",2024,4.51992790000,14.88552637,92.80589484,1331.00,5550.00,1.160000,0.960000,217.6832961,-31.7324526
"NGTS-30 b","NGTS-30",1,1,"Transit",2024,98.29838000000,10.40193409,305.11527072,500.00,5455.00,0.913000,0.940000,173.7148670,-24.6054801
"NGTS-31 b","NGTS-31",1,1,"Transit",2025,4.16273400000,18.04645893,355.96781584,1410.00,5710.00,1.700000,0.960000,80.4212533,-38.6568270
"NGTS-34 b","NGTS-34",1,1,"Transit",2025,43.12655000000,3.65000000,19.10000000,624.00,6134.00,1.367000,1.266000,162.4997176,-44.5478575
"NGTS-6 b","NGTS-6",1,1,"Transit",2019,0.88205900000,14.86313400,425.57437000,1283.90,4730.00,0.754000,0.767000,75.7953820,-30.3994612
"NGTS-9 b","NGTS-9",1,1,"Transit",2019,4.43527000000,11.99363000,921.70700000,1448.00,6330.00,1.380000,1.340000,141.9206435,-19.3476477
"NN Ser c","NN Ser",2,2,"Eclipse Timing Variations",2010,6987.00000000000,12.60000000,2329.60000000,,57000.00,,0.535000,238.2337015,12.9120871
"NSVS 14256825 b","NSVS 14256825",2,1,"Eclipse Timing Variations",2019,3225.00000000000,12.30000000,4497.29450000,473.47,40000.00,0.188000,0.419000,305.0019460,4.6323715
"NY Vir b","NY Vir",2,2,"Eclipse Timing Variations",2011,3160.00000000000,13.30000000,730.97800000,338.12,32780.00,0.151000,0.459000,204.7005847,-2.0303873
"NY Vir c","NY Vir",2,2,"Eclipse Timing Variations",2019,8799.00000000000,12.80000000,1760.77820000,,32780.00,0.151000,0.459000,204.7005847,-2.0303873
"OGLE-2003-BLG-235L b","OGLE-2003-BLG-235L",1,1,"Microlensing",2004,,13.20000000,830.00000000,,,,0.630000,271.3181250,-28.8950000
"OGLE-2005-BLG-071L b","OGLE-2005-BLG-071L",1,1,"Microlensing",2005,,13.00000000,1200.00000000,55.00,,,0.460000,267.5407080,-34.6731944
"OGLE-2005-BLG-169L b","OGLE-2005-BLG-169L",1,1,"Microlensing",2006,,3.84000000,14.10000000,,,,0.690000,271.5221670,-30.7326389
"OGLE-2006-BLG-109L b","OGLE-2006-BLG-109L",1,2,"Microlensing",2008,1788.50000000000,14.00000000,231.00000000,82.00,,,0.510000,268.1437920,-30.0877778
"OGLE-2007-BLG-349L AB c","OGLE-2007-BLG-349L A",2,1,"Microlensing",2016,2557.00000000000,10.70000000,80.00000000,,,,0.410000,271.3518070,-26.4219437
"OGLE-2007-BLG-368L b","OGLE-2007-BLG-368L",1,1,"Microlensing",2009,,4.72000000,20.00000000,,,,0.640000,269.1081670,-32.2374167
"OGLE-2008-BLG-092L b","OGLE-2008-BLG-092L",2,1,"Microlensing",2014,,8.74000000,57.00000000,,,,0.710000,267.5407080,-34.6731944
"OGLE-2008-BLG-355L b","OGLE-2008-BLG-355L",1,1,"Microlensing",2014,,12.90000000,1500.00000000,,,,0.370000,269.7867080,-30.7594722
"OGLE-2011-BLG-0251L b","OGLE-2011-BLG-0251L",1,1,"Microlensing",2012,,14.20000000,170.00000000,,,,0.260000,264.5590830,-27.1361389
"OGLE-2011-BLG-0265L b","OGLE-2011-BLG-0265L",1,1,"Microlensing",2015,,13.90000000,280.00000000,,,,0.211000,269.4488330,-27.3945278
"OGLE-2012-BLG-0358L b","OGLE-2012-BLG-0358L",1,1,"Microlensing",2013,,13.40000000,588.00000000,,,,0.022000,265.6948750,-24.2610000
"OGLE-2012-BLG-0406L b","OGLE-2012-BLG-0406L",1,1,"Microlensing",2013,,13.20000000,868.00000000,,,,0.440000,268.3257080,-30.4711667
"OGLE-2012-BLG-0563L b","OGLE-2012-BLG-0563L",1,1,"Microlensing",2015,,13.60000000,120.00000000,,,,0.340000,271.4905000,-27.7120000
"OGLE-2012-BLG-0724L b","OGLE-2012-BLG-0724L",1,1,"Microlensing",2016,,14.30000000,150.00000000,,,,0.290000,268.9682917,-29.8185278
"OGLE-2012-BLG-0950L b","OGLE-2012-BLG-0950L",1,1,"Microlensing",2016,,6.56000000,35.00000000,,,,0.570000,272.0192570,-29.7315826
"OGLE-2013-BLG-0102L b","OGLE-2013-BLG-0102L",1,1,"Microlensing",2014,,12.30000000,4100.00000000,,,,0.096000,268.0295000,-31.6905833
"OGLE-2013-BLG-0132L b","OGLE-2013-BLG-0132L",1,1,"Microlensing",2017,,11.60000000,92.00000000,,,,0.540000,269.7646180,-28.4210281
"OGLE-2014-BLG-0319L b","OGLE-2014-BLG-0319L",1,1,"Microlensing",2022,,14.10000000,181.16219199,,,,0.520000,266.9611667,-33.9350444
"OGLE-2014-BLG-0676L b","OGLE-2014-BLG-0676L",1,1,"Microlensing",2016,,13.10000000,988.44634577,,,,0.600000,268.1020833,-30.5483889
"OGLE-2014-BLG-1760L b","OGLE-2014-BLG-1760L",1,1,"Microlensing",2016,,13.80000000,295.89824692,,,,0.803000,269.4090000,-28.9620472
"OGLE-2015-BLG-0954L b","OGLE-2015-BLG-0954L",1,1,"Microlensing",2016,,13.10000000,1100.00000000,,,,0.300000,270.1843330,-28.6608889
"OGLE-2016-BLG-0613L AB b","OGLE-2016-BLG-0613L AB",2,1,"Microlensing",2017,,13.00000000,1330.00000000,,,,0.720000,269.2604060,-28.1161671
"OGLE-2016-BLG-1093L b","OGLE-2016-BLG-1093L",1,1,"Microlensing",2022,,14.00000000,225.65816897,,,,0.460000,269.0042917,-32.7134722
"OGLE-2016-BLG-1598L b","OGLE-2016-BLG-1598L",1,1,"Microlensing",2024,,13.60000000,120.77479466,,,,0.550000,270.1907500,-29.1754389
"OGLE-2017-BLG-0373L b","OGLE-2017-BLG-0373L",1,1,"Microlensing",2018,,14.00000000,127.00000000,,,,0.248000,269.3294067,-31.9517231
"OGLE-2017-BLG-0482L b","OGLE-2017-BLG-0482L",1,1,"Microlensing",2018,,2.95000000,9.00000000,,,,0.200000,269.0488890,-30.5283604
"OGLE-2017-BLG-0640L b","OGLE-2017-BLG-0640L",1,1,"Microlensing",2024,,13.50000000,514.88201934,,,,0.320000,267.4651250,-29.4615000
"OGLE-2017-BLG-1049L b","OGLE-2017-BLG-1049L",1,1,"Microlensing",2020,,12.80000000,1760.00000000,,,,0.550000,269.5335420,-27.1442222
"OGLE-2017-BLG-1140L b","OGLE-2017-BLG-1140L",1,1,"Microlensing",2018,,13.50000000,505.00000000,,,,0.211000,266.8830570,-24.5226669
"OGLE-2017-BLG-1237L b","OGLE-2017-BLG-1237L",1,1,"Microlensing",2024,,13.00000000,1207.74794660,,,,0.460000,271.6499583,-28.3288306
"OGLE-2017-BLG-1275L b","OGLE-2017-BLG-1275L",1,1,"Microlensing",2024,,12.80000000,1875.18760130,,,,0.630000,267.9154167,-29.4979694
"OGLE-2017-BLG-1434L b","OGLE-2017-BLG-1434L",1,1,"Microlensing",2018,,1.94000000,4.43000000,,,,0.234000,268.2804667,-30.2456583
"OGLE-2017-BLG-1522L b","OGLE-2017-BLG-1522L",1,1,"Microlensing",2018,,14.00000000,240.00000000,,,,0.045000,270.3193660,-28.4619713
"OGLE-2017-BLG-1691L b","OGLE-2017-BLG-1691L",1,1,"Microlensing",2022,,3.92000000,14.62010672,,,,0.450000,263.5938333,-29.2848306
"OGLE-2018-BLG-0596L b","OGLE-2018-BLG-0596L",1,1,"Microlensing",2019,,3.81000000,13.93000000,,,,0.231000,269.0555417,-29.1990833
"OGLE-2018-BLG-0677L b","OGLE-2018-BLG-0677L",1,1,"Microlensing",2020,,1.82000000,3.96000000,,,,0.120000,268.7511250,-32.0165306
"OGLE-2018-BLG-0799L b","OGLE-2018-BLG-0799L",1,1,"Microlensing",2022,,10.90000000,82.63538582,,,,0.093000,273.4590000,-25.4857222
"OGLE-2018-BLG-0977L b","OGLE-2018-BLG-0977L",1,1,"Microlensing",2022,,2.41000000,6.40000000,,,,0.470000,268.5061250,-30.6048056
"OGLE-2018-BLG-1011L b","OGLE-2018-BLG-1011L",1,2,"Microlensing",2019,,13.50000000,570.00000000,,,,0.180000,269.0140000,-29.0828889
"OGLE-2018-BLG-1011L c","OGLE-2018-BLG-1011L",1,2,"Microlensing",2019,,13.20000000,890.00000000,,,,0.180000,269.0140000,-29.0828889
"OGLE-2018-BLG-1185L b","OGLE-2018-BLG-1185L",1,1,"Microlensing",2021,,2.83000000,8.40000000,,,,0.370000,269.7927500,-27.8350833
"OGLE-2018-BLG-1428L b","OGLE-2018-BLG-1428L",1,1,"Microlensing",2021,,14.00000000,240.00000000,,,,0.430000,265.5487080,-26.1378889
"OGLE-2019-BLG-0249L b","OGLE-2019-BLG-0249L",1,1,"Microlensing",2023,,12.70000000,2262.93825784,,,,0.910000,265.4035000,-34.7017500
"OGLE-2019-BLG-0299L b","OGLE-2019-BLG-0299L",1,1,"Microlensing",2021,,12.70000000,1976.89269154,,,,0.590000,266.6794583,-23.5843111
"OGLE-2019-BLG-0304L b","OGLE-2019-BLG-0304L",2,1,"Microlensing",2021,,14.20000000,162.09248757,,,,0.270000,264.0267083,-26.1459889
"OGLE-2019-BLG-0362L b","OGLE-2019-BLG-0362L",1,1,"Microlensing",2022,,13.10000000,1036.12060682,,,,0.420000,263.4652500,-24.8103611
"OGLE-2019-BLG-0679L b","OGLE-2019-BLG-0679L",1,1,"Microlensing",2023,,13.10000000,1061.54687938,,,,0.660000,265.7404167,-27.7728806
"OGLE-2019-BLG-0954L b","OGLE-2019-BLG-0954L",1,1,"Microlensing",2021,,12.30000000,4513.16337940,,,,0.800000,267.9132500,-29.6110000
"OGLE-2023-BLG-0766L b","OGLE-2023-BLG-0766L",1,1,"Microlensing",2026,,13.70000000,349.61124770,,,,0.390000,269.8296250,-28.3246889
"OGLE-TR-10 b","OGLE-TR-10",1,1,"Transit",2004,3.10127800000,14.01100000,197.04600000,1702.00,5950.00,1.170000,1.140000,267.8677483,-29.8764758
"OGLE-TR-111 b","OGLE-TR-111",1,1,"Transit",2004,4.01444630000,11.42197100,174.79900000,1019.00,5040.00,0.830000,0.820000,163.3241150,-61.4056976
"OGLE-TR-113 b","OGLE-TR-113",1,1,"Transit",2004,1.43247520000,12.25100000,400.44900000,1342.00,4790.00,0.774000,0.779000,163.1010355,-61.4468591
"OGLE-TR-132 b","OGLE-TR-132",1,1,"Transit",2004,1.68986800000,13.45000000,375.02000000,2013.00,6210.00,1.320000,1.305000,162.6440933,-61.9572476
"OGLE-TR-182 b","OGLE-TR-182",1,1,"Transit",2007,3.97910000000,12.66600000,320.99500000,1550.00,5924.00,1.140000,1.140000,167.3279228,-61.0952624
"OGLE-TR-211 b","OGLE-TR-211",1,1,"Transit",2007,3.67724000000,15.24400000,327.35100000,1686.00,6325.00,1.640000,1.330000,160.0598236,-62.4555353
"OGLE-TR-56 b","OGLE-TR-56",1,1,"Transit",2002,1.21191890000,15.27800000,441.77000000,2212.00,6050.00,1.363000,1.228000,269.1479583,-29.5392222
"OGLE2-TR-L9 b","OGLE2-TR-L9",1,1,"Transit",2008,2.48553350000,18.04600000,1430.17500000,2034.00,6933.00,1.530000,1.520000,166.9798793,-61.1462496
"Oph 11 b","Oph 11",1,1,"Imaging",2006,7300000.00000000000,12.30000000,4449.62000000,2175.00,2375.00,0.232692,0.016000,245.6049610,-24.0872219
"PH1 b","PH1",4,1,"Transit",2012,138.31700000000,6.18000000,169.00000000,481.00,6407.00,1.734000,1.528000,298.2150641,39.9550863
"PH2 b","PH2",1,1,"Transit",2013,282.52542000000,9.33708092,87.08498352,295.10,5734.00,0.949000,0.966000,289.7636212,51.9626830
"POTS-1 b","POTS-1",1,1,"Transit",2013,3.16062960000,10.54800000,734.16000000,841.95,4400.00,0.588000,0.695000,203.6087259,-66.5811639
"PSR B0329+54 b","PSR B0329+54",1,1,"Pulsar Timing",2017,10140.00000000000,1.22000000,1.97000000,,,,1.440000,53.2472749,54.5791636
"PSR B1257+12 b","PSR B1257+12",1,3,"Pulsar Timing",1994,25.26200000000,0.33800000,0.02000000,,,,1.400000,195.0149029,12.6823534
"PSR B1257+12 c","PSR B1257+12",1,3,"Pulsar Timing",1992,66.54190000000,1.91000000,4.30000000,,,,1.400000,195.0149029,12.6823534
"PSR B1620-26 b","PSR B1620-26",2,1,"Pulsar Timing",2003,,13.30000000,794.57500000,,,,1.350000,245.9092617,-26.5315944
"PSR J1719-1438 b","PSR J1719-1438",1,1,"Pulsar Timing",2011,0.09070629300,,382.80000000,,4500.00,,1.400000,259.7919708,-14.6336000
"Pr0211 c","Pr0211",2,2,"Radial Velocity",2016,4850.00000000000,12.60000000,2475.89570000,99.10,5300.00,0.827000,0.935000,130.5477440,19.2769570
"Qatar-1 b","Qatar-1",1,1,"Transit",2010,1.42002420000,12.81188700,411.27202000,1418.00,5013.00,0.803000,0.838000,303.3818697,65.1623313
"Qatar-2 b","Qatar-2",1,1,"Transit",2011,1.33711647000,14.05600000,792.63500000,1344.00,4645.00,0.776000,0.743000,207.6554928,-6.8040714
"Qatar-4 b","Qatar-4",1,1,"Transit",2017,1.80535640000,12.72221500,1938.76300000,1385.00,5215.00,0.849000,0.896000,4.8592750,44.0275965
"Qatar-5 b","Qatar-5",1,1,"Transit",2017,2.87923190000,12.40836300,1373.02560000,1415.00,5747.00,1.076000,1.128000,7.0539375,42.0613451
"Qatar-8 b","Qatar-8",1,1,"Transit",2019,3.71495000000,14.40356500,117.91493000,1457.00,5738.00,1.315000,1.029000,157.4123405,70.5270835
"ROXs 42 B b","ROXs 42 B",2,1,"Imaging",2013,,12.50000000,2860.00000000,1975.00,3433.00,1.336580,1.000000,247.8125493,-24.5455770
"RR Cae b","RR Cae",2,1,"Eclipse Timing Variations",2012,4343.50000000000,13.00000000,1334.88600000,35.94,3904.00,0.193119,0.440000,65.2733756,-48.6542601
"Ross 458 c","Ross 458",2,1,"Imaging",2010,,14.01125000,1906.98000000,4.32,3965.42,0.562566,0.556419,195.1912147,12.3755996
"SR 12 AB c","SR 12 AB",2,1,"Imaging",2010,,12.30000000,4131.62000000,,3828.93,1.103075,,246.8312363,-24.6946687
"SWEEPS-4 b","SWEEPS-4",1,1,"Transit",2006,4.20000000000,9.07900000,1207.70000000,,,1.180000,1.240000,269.7246667,-29.1890556
"TCP J05074264+2447555 b","TCP J05074264+2447555",1,1,"Microlensing",2018,,4.72000000,20.00000000,344.63,5805.00,1.424870,0.586000,76.9280000,24.7989611
"TIC 117642575 b","TIC 117642575",1,1,"Transit",2026,4.94459060181,2.82716337,8.38000000,,5719.98,1.081020,1.060000,9.4800698,-37.0662905
"TIC 150070085 b","TIC 150070085",1,1,"Transit",2026,10.47423000000,3.62000000,12.80000000,945.06,5999.00,1.086000,1.160000,110.1432005,53.5469842
"TIC 153919886 b","TIC 153919886",1,1,"Transit",2026,2.10510492329,2.70601108,7.78000000,,4137.16,0.591697,0.581261,171.8440734,68.1810449
"TIC 160113658 b","TIC 160113658",1,1,"Transit",2026,6.72952262077,3.49015778,12.00000000,,4817.31,0.789834,0.760000,59.4555606,-41.6320332
"TIC 178172313 b","TIC 178172313",1,1,"Transit",2026,4.37318161360,2.80405322,8.27000000,,5405.59,0.843450,0.910000,43.4062672,-32.0770480
"TIC 183374187 b","TIC 183374187",1,1,"Transit",2026,5.05907000000,14.03364384,177.98390792,1379.00,5768.00,1.344000,0.853000,357.6160382,-41.4124228
"TIC 188624430 b","TIC 188624430",1,1,"Transit",2026,6.21860433132,3.64811843,12.90000000,,5369.46,0.786574,0.929000,258.5566927,53.7060189
"TIC 18942729 b","TIC 18942729",1,1,"Transit",2026,0.99817838064,2.00021315,4.66000000,,4360.11,0.825257,0.652000,119.2150697,16.6772341
"TIC 198190129 b","TIC 198190129",1,1,"Transit",2026,7.94804910667,2.92284949,8.87000000,,4377.53,0.640675,0.638000,246.3322839,60.3771414
"TIC 241249530 b","TIC 241249530",2,1,"Transit",2024,165.77190000000,13.29385111,1582.78546686,438.94,6166.00,1.397000,1.271000,95.3088995,53.2950203
"TIC 294329732 b","TIC 294329732",1,1,"Transit",2026,9.75658761810,2.07692266,4.97000000,,5201.93,0.920172,0.890000,109.1177907,-58.2371507
"TIC 320419023 b","TIC 320419023",1,1,"Transit",2026,5.26375651589,2.77280763,8.11000000,,5703.36,0.952319,1.056000,118.0726215,11.8241773
"TIC 34085383 b","TIC 34085383",1,1,"Transit",2026,3.47793368523,3.91982296,14.60000000,,4694.84,0.809951,0.733000,59.2353630,-7.3757198
"TIC 349520724 b","TIC 349520724",1,1,"Transit",2026,7.94044635021,2.82626313,8.38000000,,5098.60,0.818771,0.890000,111.2314215,-64.6398433
"TIC 365102760 b","TIC 365102760",1,1,"Transit",2024,4.21285367000,6.21000000,19.20000000,1676.12,4900.00,3.130000,1.170000,305.8398236,54.3943194
"TIC 434398831 c","TIC 434398831",1,2,"Transit",2025,6.21029100000,5.63000000,27.00000000,1050.00,5638.00,0.909000,0.992000,93.9592639,16.0238459
"TIC 437041147 b","TIC 437041147",1,1,"Transit",2026,3.82301421497,2.21526814,5.54000000,,5224.36,0.961092,0.931000,132.9480195,6.7648369
"TIC 445839811 b","TIC 445839811",1,1,"Transit",2026,11.10862603180,2.47771211,6.70000000,,5408.25,0.850041,0.950000,200.1188173,48.4072699
"TIC 46432937 b","TIC 46432937",2,1,"Transit",2024,1.44044527000,13.31626907,1017.05090240,872.00,3572.00,0.529900,0.563000,83.8689794,-14.5971909
"TIC 67686059 b","TIC 67686059",1,1,"Transit",2026,3.52163529551,2.59125922,7.23000000,,5090.09,0.820458,0.860000,19.8843370,-35.2930148
"TIC 77319217 b","TIC 77319217",1,1,"Transit",2026,7.54830765124,3.10879526,9.85000000,,5961.52,1.184390,1.160000,71.0406969,-39.8976018
"TIC 77552382 b","TIC 77552382",1,1,"Transit",2026,3.51025904942,5.69176189,27.50000000,1433.88,4981.07,0.886956,0.830000,152.5133767,-4.9035250
"TIC 9344899 b","TIC 9344899",1,1,"Transit",2026,8.58215660000,9.16000000,6170.00000000,923.00,5800.00,1.060000,0.980000,72.7939340,-8.4473205
"TOI-1011 b","TOI-1011",1,1,"Transit",2025,2.47049800000,1.45000000,4.04000000,1364.00,5475.00,0.920000,0.910000,113.9847611,-32.8419988
"TOI-1036 b","TOI-1036",1,1,"Transit",2026,3.77952125496,6.28499593,32.50000000,1294.00,5664.68,1.175540,1.030000,157.8671116,-42.2404483
"TOI-1062 b","TOI-1062",1,2,"Transit",2021,4.11296000000,2.26500000,10.15000000,1077.00,5328.00,0.840000,0.940000,38.1209678,-78.0236828
"TOI-1062 c","TOI-1062",1,2,"Radial Velocity",2021,7.97200000000,3.10000000,9.78000000,859.00,5328.00,0.840000,0.940000,38.1209678,-78.0236828
"TOI-1064 b","TOI-1064",1,2,"Transit",2022,6.44386800000,2.58700000,13.50000000,784.00,4734.00,0.726000,0.748000,296.0039349,-47.5620305
"TOI-1075 b","TOI-1075",1,1,"Transit",2022,0.60473280000,1.79100000,9.95000000,1323.00,3875.00,0.581000,0.604000,309.9712091,-65.4496994
"TOI-1105 b","TOI-1105",1,1,"Transit",2026,10.86818410933,3.05823658,9.58000000,756.37,4678.46,0.755833,0.740000,146.0539694,-89.4715133
"TOI-1107 b","TOI-1107",1,1,"Transit",2022,4.07823870000,14.57167491,1064.72516345,1728.00,6311.00,1.810000,1.350000,155.6078632,-82.2188693
"TOI-1130 b","TOI-1130",1,2,"Transit",2020,4.07455400000,3.66000000,19.80000000,825.00,4360.00,0.697000,0.745000,286.3760037,-41.4376399
"TOI-1130 c","TOI-1130",1,2,"Transit",2020,8.35018980000,13.00000000,336.00000000,650.00,4360.00,0.697000,0.745000,286.3760037,-41.4376399
"TOI-1136 b","TOI-1136",1,6,"Transit",2022,4.17270000000,1.90000000,3.50000000,1216.00,5770.00,0.968000,1.022000,192.1848981,64.8552755
"TOI-1136 c","TOI-1136",1,6,"Transit",2022,6.25740000000,2.87900000,6.32000000,1062.00,5770.00,0.968000,1.022000,192.1848981,64.8552755
"TOI-1136 d","TOI-1136",1,6,"Transit",2022,12.51990000000,4.62700000,8.35000000,843.00,5770.00,0.968000,1.022000,192.1848981,64.8552755
"TOI-1136 e","TOI-1136",1,6,"Transit",2022,18.80100000000,2.63900000,6.07000000,737.00,5770.00,0.968000,1.022000,192.1848981,64.8552755
"TOI-1136 f","TOI-1136",1,6,"Transit",2022,26.32100000000,3.73591482,9.70000000,658.00,5770.00,0.968000,1.022000,192.1848981,64.8552755
"TOI-1136 g","TOI-1136",1,6,"Transit",2022,39.54500000000,2.53000000,5.60000000,574.00,5770.00,0.968000,1.022000,192.1848981,64.8552755
"TOI-1173 b","TOI-1173",2,1,"Transit",2024,7.06439710000,8.77663189,28.28672822,868.00,5350.00,0.934000,0.911000,197.6830975,70.7680117
"TOI-1184 b","TOI-1184",1,1,"Transit",2024,5.74843380300,2.39000000,6.80000000,715.47,4534.00,0.690000,0.710000,272.2045196,60.6787845
"TOI-1194 b","TOI-1194",1,1,"Transit",2023,2.31064460000,8.71664516,120.00000000,1264.29,5394.00,0.960800,0.983500,167.8214811,69.9647749
"TOI-1199 b","TOI-1199",1,1,"Transit",2024,3.67146300000,10.51402390,75.96098927,1486.00,5710.00,1.450000,1.230000,166.8806581,61.3525723
"TOI-1203 e","TOI-1203",1,4,"Radial Velocity",2025,204.59000000000,7.31000000,42.10000000,,5737.00,1.179000,0.886000,168.2267358,-34.4069371
"TOI-122 b","TOI-122",1,1,"Transit",2020,5.07803000000,2.72000000,7.85000000,471.00,3403.00,0.334000,0.312000,332.9482355,-58.9460850
"TOI-1221 b","TOI-1221",1,1,"Transit",2023,91.68278000000,2.91000000,1112.39942450,440.00,5592.00,1.031000,0.930000,107.9210254,-65.5088568
"TOI-1224 b","TOI-1224",1,2,"Transit",2024,4.17827450000,2.10400000,5.08000000,541.00,3326.00,0.404000,0.400000,37.1978356,-80.8991053
"TOI-1224 c","TOI-1224",1,2,"Transit",2024,17.94546600000,2.88400000,8.67000000,303.12,3326.00,0.404000,0.400000,37.1978356,-80.8991053
"TOI-1230.01","TOI-1230",1,1,"Transit",2021,25.05734661842,2.38627705,6.29000000,1046.51,5696.00,1.152810,1.140000,118.1295936,-83.8250629
"TOI-1231 b","TOI-1231",1,1,"Transit",2021,24.24558600000,3.65000000,15.40000000,329.60,3553.00,0.476000,0.485000,156.7472600,-52.4678724
"TOI-1233.01","HD 108236",1,5,"Transit",2021,14.17568500000,2.53900000,6.98000000,708.00,5660.00,0.877000,0.869000,186.5740627,-51.3630519
"TOI-1246 d","TOI-1246",1,4,"Transit",2022,18.65487400000,3.43139739,5.40000000,587.77,5213.00,0.864900,0.888900,251.1158702,70.4299917
"TOI-1249 b","TOI-1249",1,1,"Transit",2024,13.07915100000,3.27103010,11.90000000,726.89,5497.00,0.978500,1.006200,200.5615762,66.3085331
"TOI-125 b","TOI-125",1,3,"Transit",2019,4.65382000000,2.72600000,9.50000000,1037.00,5320.00,0.848000,0.859000,23.5934253,-66.6763495
"TOI-125 c","TOI-125",1,3,"Transit",2019,9.15059000000,2.75900000,6.63000000,827.80,5320.00,0.848000,0.859000,23.5934253,-66.6763495
"TOI-125 d","TOI-125",1,3,"Transit",2020,19.98000000000,2.93000000,13.60000000,638.10,5320.00,0.848000,0.859000,23.5934253,-66.6763495
"TOI-1260 b","TOI-1260",1,3,"Transit",2021,3.12746300000,2.41000000,8.56000000,871.00,4227.00,0.672000,0.679000,157.1440712,65.8541986
"TOI-1260 c","TOI-1260",1,3,"Transit",2021,7.49313400000,2.76000000,13.20000000,651.00,4227.00,0.672000,0.679000,157.1440712,65.8541986
"TOI-1260 d","TOI-1260",1,3,"Transit",2022,16.60816400000,3.12000000,11.84000000,499.00,4227.00,0.672000,0.679000,157.1440712,65.8541986
"TOI-1266 b","TOI-1266",1,3,"Transit",2020,10.89450000000,2.52000000,4.46000000,415.00,3563.00,0.423200,0.437000,197.9965833,65.8336973
"TOI-1266 c","TOI-1266",1,3,"Transit",2020,18.80270000000,1.98000000,3.17000000,346.00,3563.00,0.423200,0.437000,197.9965833,65.8336973
"TOI-1266 d","TOI-1266",1,3,"Transit Timing Variations",2025,32.50900000000,1.74000000,3.68000000,288.00,3563.00,0.423200,0.437000,197.9965833,65.8336973
"TOI-1272 b","TOI-1272",1,1,"Transit",2022,3.31597650000,4.26000000,24.10000000,1051.00,4985.00,0.800000,0.828000,199.1962036,49.8610591
"TOI-1279 b","TOI-1279",1,1,"Transit",2024,9.61419000000,2.66146528,10.60000000,759.00,5457.00,0.842600,0.878400,185.0628734,56.2014094
"TOI-128.01","TOI-128",1,1,"Transit",2024,4.94046810000,2.21898000,5.56000000,1344.51,6086.00,1.130000,0.851969,79.5209381,-80.9643840
"TOI-1294 b","TOI-1294",1,2,"Transit",2024,3.91529200000,10.12369881,63.90000000,1392.74,5718.00,1.556600,1.157800,223.0926408,70.4765573
"TOI-1294 c","TOI-1294",1,2,"Radial Velocity",2024,159.90000000000,14.30000000,147.00000000,440.45,5718.00,1.556600,1.157800,223.0926408,70.4765573
"TOI-1296 b","TOI-1296",1,1,"Transit",2021,3.94437360000,14.11645916,95.30000000,1414.84,5567.00,1.703100,1.157600,256.7706392,70.2384806
"TOI-1301.01","TOI-1301",1,1,"Transit",2024,6.09640720900,2.47700000,6.70000000,737.36,4820.00,0.732000,0.770000,275.8625432,71.5817479
"TOI-1338 b","TOI-1338 A",2,2,"Transit",2020,95.40010000000,7.66100000,11.30000000,254.65,5723.20,1.313000,1.093600,92.1330955,-59.5409853
"TOI-1338 c","TOI-1338 A",2,2,"Radial Velocity",2023,215.79000000000,10.30000000,75.40000000,354.89,5723.20,1.313000,1.093600,92.1330955,-59.5409853
"TOI-1347 b","TOI-1347",1,2,"Transit",2024,0.84742346000,1.80000000,11.10000000,1400.00,5464.00,0.830000,0.913000,280.3266806,70.2900536
"TOI-1386 c","TOI-1386",1,2,"Radial Velocity",2024,232.00000000000,10.30000000,75.20000000,327.40,5735.00,1.023500,1.036300,334.5041029,54.3190454
"TOI-1411 b","TOI-1411",1,1,"Transit",2022,1.45205270000,1.19880592,2.00000000,976.40,4115.00,0.614000,0.604500,232.9460470,47.0555507
"TOI-1416 b","TOI-1416",1,1,"Transit",2023,1.06975680000,1.62000000,3.48000000,1517.00,4884.00,0.793000,0.798000,216.9234892,41.9529862
"TOI-1420 b","TOI-1420",1,1,"Transit",2023,6.95610630000,11.89000000,25.10000000,957.00,5510.00,0.923000,0.987000,322.9418092,66.3490054
"TOI-1422 c","TOI-1422",1,2,"Radial Velocity",2025,34.56330000000,2.61000000,14.00000000,628.00,5840.00,1.019000,0.990300,354.2408290,39.6392793
"TOI-1439 b","TOI-1439",1,1,"Transit",2024,27.64400000000,4.24278610,38.50000000,748.40,5841.00,1.618400,1.231300,241.7639371,67.8776404
"TOI-1442 b","TOI-1442",1,1,"Transit",2022,0.40906770000,1.17000000,1.71000000,1072.00,3330.00,0.310000,0.290000,287.2921006,74.1742762
"TOI-1448 b","TOI-1448",1,1,"Transit",2024,8.11224500000,2.74900000,19.50000000,426.00,3412.00,0.380000,0.372000,316.3240030,57.7710946
"TOI-1450 A b","TOI-1450 A",2,2,"Transit",2024,2.04392740000,1.13000000,1.25800000,722.00,3437.00,0.483000,0.480000,286.8540627,59.0866254
"TOI-1452 b","TOI-1452",2,1,"Transit",2022,11.06201000000,1.67200000,4.82000000,326.00,3185.00,0.275000,0.249000,290.1739741,73.1951082
"TOI-1453 b","TOI-1453",2,2,"Transit",2025,4.31352250000,1.17300000,2.32000000,944.20,4975.00,0.720000,0.715000,258.2232705,57.1977779
"TOI-1468 b","TOI-1468",1,2,"Transit",2022,1.88052010000,1.40100000,3.04000000,683.50,3376.00,0.371400,0.352700,16.6538724,19.2249195
"TOI-1468 c","TOI-1468",1,2,"Transit",2022,15.53247700000,2.12600000,4.10000000,338.10,3376.00,0.371400,0.352700,16.6538724,19.2249195
"TOI-1472 c","TOI-1472",1,2,"Radial Velocity",2025,15.53817470000,3.33400000,21.13000000,662.00,5100.00,0.840000,0.870000,14.1142611,48.6375168
"TOI-1533 b","TOI-1533",1,2,"Transit",2026,3.64579740000,2.89000000,28.10000000,1011.00,5146.00,0.849000,0.880000,355.2467209,57.4852417
"TOI-1533 c","TOI-1533",1,2,"Transit",2026,8.06379260000,7.50000000,36.60000000,628.00,5146.00,0.849000,0.880000,355.2467209,57.4852417
"TOI-1670 b","TOI-1670",1,2,"Transit",2022,10.98462000000,2.06000000,41.31769291,1062.00,6170.00,1.316000,1.210000,259.0172522,72.1611806
"TOI-1670 c","TOI-1670",1,2,"Transit",2022,40.74976000000,11.06326395,200.23189641,684.00,6170.00,1.316000,1.210000,259.0172522,72.1611806
"TOI-1685 b","TOI-1685",1,1,"Transit",2021,0.66913923000,1.42100000,3.07000000,1000.00,3470.00,0.462000,0.466000,68.5939529,43.0370395
"TOI-1694 b","TOI-1694",1,2,"Transit",2023,3.77013890000,5.27000000,28.24000000,1037.00,5005.00,0.812000,0.828000,97.7487104,66.3605956
"TOI-1694 c","TOI-1694",1,2,"Radial Velocity",2023,386.25000000000,13.80000000,316.55709337,222.00,5005.00,0.812000,0.828000,97.7487104,66.3605956
"TOI-1696 b","TOI-1696",1,1,"Transit",2022,2.50031100000,3.09000000,48.80000000,489.00,3185.00,0.277500,0.255000,65.2806480,48.8198312
"TOI-1728 b","TOI-1728",1,1,"Transit",2020,3.49151000000,5.05000000,26.78000000,767.00,3980.00,0.624300,0.646000,120.6116787,64.7971531
"TOI-1736 c","TOI-1736",1,2,"Radial Velocity",2023,571.25000000000,12.50000000,2800.00000000,249.00,5636.00,1.428600,1.037300,43.4344615,69.1013450
"TOI-1742 b","TOI-1742",1,1,"Transit",2024,21.26908400000,2.36507598,9.70000000,694.09,5815.00,1.131000,1.086100,257.3288678,71.8766724
"TOI-1743 b","TOI-1743",1,1,"Transit",2025,4.26604600000,1.83000000,4.01000000,485.00,3277.00,0.338000,0.339000,257.7473322,71.8722039
"TOI-1749 c","TOI-1749",1,3,"Transit",2021,4.49290000000,2.12000000,14.00000000,673.00,3985.00,0.550000,0.580000,282.7372281,64.4194660
"TOI-1750 b","TOI-1750",1,1,"Transit",2026,11.33727129656,2.78943837,8.19000000,612.92,4683.75,0.768675,0.767000,240.3019781,68.9373001
"TOI-1759 b","TOI-1759",1,1,"Transit",2022,18.85019000000,3.14000000,10.80000000,443.00,4065.00,0.597000,0.606000,326.8516615,62.7538164
"TOI-1768.01","TOI-1768",1,1,"Transit",2024,7.33770364900,3.45300000,11.80000000,1566.00,5994.00,1.100000,1.100000,152.1027826,55.5399599
"TOI-178 b","TOI-178",1,6,"Transit",2021,1.91456010000,1.20000000,0.96000000,1040.00,4316.00,0.662000,0.647000,7.3020115,-30.4541159
"TOI-178 c","TOI-178",1,6,"Transit",2021,3.23848600000,1.75400000,4.64000000,873.00,4316.00,0.662000,0.647000,7.3020115,-30.4541159
"TOI-178 d","TOI-178",1,6,"Transit",2021,6.55756900000,2.69500000,5.20000000,690.00,4316.00,0.662000,0.647000,7.3020115,-30.4541159
"TOI-178 e","TOI-178",1,6,"Transit",2021,9.96318000000,2.30100000,3.48000000,600.00,4316.00,0.662000,0.647000,7.3020115,-30.4541159
"TOI-178 f","TOI-178",1,6,"Transit",2021,15.23335000000,2.41700000,5.63000000,521.00,4316.00,0.662000,0.647000,7.3020115,-30.4541159
"TOI-178 g","TOI-178",1,6,"Transit",2021,20.71663000000,2.93900000,4.40000000,470.00,4316.00,0.662000,0.647000,7.3020115,-30.4541159
"TOI-1782.02","TOI-1782",1,2,"Transit",2024,1.82902422700,1.83900000,4.04000000,974.95,4336.00,0.669000,0.680000,213.0787718,74.4117909
"TOI-1798.01","TOI-1798",1,2,"Transit",2024,8.02152233100,2.44800000,6.50000000,734.31,5165.00,0.780000,0.870000,211.0939367,46.5192825
"TOI-1798.02","TOI-1798",1,2,"Transit",2024,0.43781182200,1.46400000,5.60000000,1935.83,5165.00,0.780000,0.870000,211.0939367,46.5192825
"TOI-1799 b","TOI-1799",1,1,"Transit",2024,7.09457086500,1.64200000,4.00000000,922.72,5690.00,0.957000,1.010000,167.2329152,34.3030149
"TOI-1801 b","TOI-1801",2,1,"Transit",2023,10.64387000000,2.07900000,5.73800000,493.70,3863.00,0.547000,0.556000,175.5755995,23.0270335
"TOI-1803 c","TOI-1803",1,2,"Transit",2025,12.88577900000,4.29000000,8.00000000,588.00,4687.00,0.715000,0.756000,178.0461054,35.1718001
"TOI-1806.01","TOI-1806",1,1,"Transit",2024,15.14546930000,3.40953670,11.50000000,337.47,3272.00,0.401575,0.392935,166.1181474,30.4585763
"TOI-1807 b","TOI-1807",1,1,"Transit",2021,0.54937097000,1.49681583,2.44000000,1694.10,4914.00,0.746000,0.804800,201.2826259,38.9223671
"TOI-181 b","TOI-181",1,1,"Transit",2023,4.53200000000,6.95590000,46.16870000,895.10,4994.00,0.745000,0.822000,352.1725409,-34.4914099
"TOI-1820 b","TOI-1820",1,1,"Transit",2022,4.86067400000,12.77823800,731.00533610,1375.00,5734.00,1.510000,1.040000,187.6867207,27.4520016
"TOI-1823 b","TOI-1823",1,1,"Transit",2024,38.80000000000,7.54062410,67.40000000,423.63,4927.00,0.804900,0.841400,196.2197201,63.7532610
"TOI-1836 b","TOI-1836",1,2,"Transit",2024,20.38079900000,8.00321222,38.45723725,966.00,6380.00,1.577000,1.307000,245.9079242,54.6900774
"TOI-1836 c","TOI-1836",1,2,"Transit",2024,1.77274710000,2.59987579,8.00000000,2007.60,6237.00,1.645400,1.251800,245.9079242,54.6900774
"TOI-1839 b","TOI-1839",1,2,"Transit",2026,1.42378280000,2.27000000,7.10000000,1585.00,5347.00,0.890000,0.860000,196.8331106,5.8520458
"TOI-1839 c","TOI-1839",1,2,"Transit",2026,4.02394780000,2.50000000,6.00000000,1121.00,5347.00,0.890000,0.860000,196.8331106,5.8520458
"TOI-1846 b","TOI-1846",1,1,"Transit",2025,3.93067370000,1.79200000,3.87000000,568.10,3568.00,0.397000,0.418000,257.9549645,54.5278483
"TOI-1859 b","TOI-1859",1,1,"Transit",2023,63.48347000000,9.75181321,68.60000000,615.00,6341.00,1.360000,1.287000,279.8317644,69.5228726
"TOI-1883 b","TOI-1883",1,1,"Transit",2024,4.50800000000,5.65000000,13.70000000,544.00,3554.00,0.506000,0.495000,134.0892456,-12.9306438
"TOI-1898 b","TOI-1898",1,1,"Transit",2024,45.52234000000,9.39553231,129.00000000,674.54,6241.00,1.613100,1.248400,144.5553000,23.5467464
"TOI-1899 b","TOI-1899",1,1,"Transit",2020,29.09031200000,11.09689089,212.94503269,378.00,3926.00,0.607000,0.632000,299.4268472,40.1433462
"TOI-199 b","TOI-199",1,2,"Transit",2023,104.85400000000,9.07927437,54.03082919,325.00,5255.00,0.820000,0.936000,80.1058735,-59.8954326
"TOI-199 c","TOI-199",1,2,"Transit Timing Variations",2023,273.69000000000,11.40000000,88.99195396,255.43,5255.00,0.820000,0.936000,80.1058735,-59.8954326
"TOI-2005 b","TOI-2005",1,1,"Transit",2025,17.30590400000,11.99360935,2034.10180480,1221.39,7130.00,2.020000,1.590000,164.0316540,-43.3766967
"TOI-201 b","TOI-201",1,3,"Transit",2021,52.97860000000,11.40000000,164.00000000,759.00,6423.00,1.310000,1.320000,87.4017825,-54.9104230
"TOI-2025 b","TOI-2025",1,1,"Transit",2022,8.87209820000,11.89272852,1144.18226520,1166.00,5977.00,1.459000,1.199000,282.7952558,82.2454143
"TOI-2031 A b","TOI-2031 A",2,1,"Transit",2025,5.71548654000,14.20177855,254.26272560,1358.00,6490.00,1.241000,1.174000,331.1178077,81.5659509
"TOI-2040 b","TOI-2040",1,1,"Transit",2026,3.86085760000,10.32347122,248.22398587,1070.00,5132.00,0.870000,0.920000,352.2747299,71.5064737
"TOI-205 b","TOI-205",1,1,"Transit",2026,4.25300773815,2.50121142,6.81000000,1799.55,6302.74,1.453820,1.200000,7.9754636,-56.9650808
"TOI-2068 b","TOI-2068",1,1,"Transit",2024,7.76891500000,1.82100000,3.97000000,520.62,3710.00,0.535000,0.559000,186.2735600,60.4183455
"TOI-2076 b","TOI-2076",1,4,"Transit",2021,10.35504000000,2.59000000,6.70000000,736.00,5187.00,0.758000,0.849000,217.3920159,39.7903991
"TOI-2076 c","TOI-2076",1,4,"Transit",2021,21.01447000000,3.54000000,7.20000000,581.00,5187.00,0.758000,0.849000,217.3920159,39.7903991
"TOI-2076 d","TOI-2076",1,4,"Transit",2021,35.12803000000,3.27000000,7.30000000,490.00,5187.00,0.758000,0.849000,217.3920159,39.7903991
"TOI-2076 e","TOI-2076",1,4,"Transit",2025,3.02237530000,1.30100000,4.70000000,1110.00,5187.00,0.758000,0.849000,217.3920159,39.7903991
"TOI-2081 b","TOI-2081",1,1,"Transit",2022,10.50534000000,2.04000000,4.82000000,488.00,3800.00,0.534000,0.540000,264.3022634,53.0255666
"TOI-2084 b","TOI-2084",2,1,"Transit",2023,6.07842470000,2.47000000,6.66000000,527.00,3551.00,0.475000,0.453000,259.2545389,72.7470231
"TOI-2088 b","TOI-2088",1,1,"Transit",2024,124.72997000000,3.68311790,37.00000000,300.33,5081.00,0.848100,0.902700,261.3748943,75.8822796
"TOI-209 b","TOI-209",1,1,"Transit",2026,4.37943587445,2.39472090,6.32000000,845.78,4806.66,0.742779,0.810000,19.3941777,-66.9030660
"TOI-2093 b","TOI-2093",1,2,"Radial Velocity",2025,12.83600000000,3.25000000,10.60000000,535.00,4426.00,0.729000,0.745000,302.7375229,70.8696532
"TOI-2095 c","TOI-2095",1,2,"Transit",2023,28.17232000000,1.33000000,7.40000000,297.00,3759.00,0.440000,0.440000,285.6365235,75.4185135
"TOI-2096 c","TOI-2096",1,2,"Transit",2023,6.38784000000,1.91400000,4.32000000,349.00,3300.00,0.235000,0.231000,151.6186989,74.8272107
"TOI-2104 b","TOI-2104",1,1,"Transit",2026,5.90437045700,1.52898127,2.95000000,846.00,4856.13,0.723757,0.800000,151.6122146,83.0878397
"TOI-2109 b","TOI-2109",1,1,"Transit",2021,0.67247414000,15.09849700,1595.49860314,3646.00,6540.00,1.698000,1.453000,253.1862971,16.5799153
"TOI-2114 b","TOI-2114",1,1,"Transit",2026,6.20995900000,14.54925695,324.18497514,1472.00,6400.00,1.970000,1.309000,261.0963946,33.2050726
"TOI-2120 b","TOI-2120",1,1,"Transit",2024,5.79981640000,2.12200000,6.80000000,384.00,3131.00,0.245000,0.211000,23.5073150,65.5139877
"TOI-2128 b","TOI-2128",1,1,"Transit",2024,16.34136000000,2.08874836,4.50000000,780.53,5968.00,1.117400,1.025100,256.9817998,32.1053027
"TOI-2133 b","TOI-2133",1,1,"Transit",2026,3.82664720000,2.37000000,6.21000000,798.00,4250.00,0.620000,0.644000,261.2438308,32.7983974
"TOI-2134 b","TOI-2134",1,2,"Transit",2023,9.22919800000,2.73500000,9.37000000,660.00,4580.00,0.709000,0.744000,271.9355015,39.0729269
"TOI-2134 c","TOI-2134",1,2,"Transit",2023,95.85284000000,7.35000000,58.30000000,302.00,4580.00,0.709000,0.744000,271.9355015,39.0729269
"TOI-2141 d","TOI-2141",1,3,"Radial Velocity",2025,60.45000000000,3.97000000,14.90000000,491.40,5635.00,0.950000,0.896000,258.7623456,18.3403449
"TOI-2152 A b","TOI-2152",3,1,"Transit",2023,3.37735120000,14.35870428,899.45439181,1802.00,6630.00,1.612000,1.516000,26.3389717,77.7901231
"TOI-2154 b","TOI-2154",1,1,"Transit",2023,3.82408010000,16.28664896,292.40213444,1580.00,6280.00,1.396000,1.233000,71.0281482,84.3642652
"TOI-216.02","TOI-216",1,2,"Transit",2019,17.16073000000,8.00000000,18.75187601,628.00,5026.00,0.748000,0.770000,73.9800129,-63.2603301
"TOI-2169 A b","TOI-2169 A",2,1,"Transit",2025,8.21482820000,12.50922246,329.58805806,1364.00,6270.00,1.820000,1.420000,279.1701117,23.2586193
"TOI-2180 b","TOI-2180",1,1,"Transit",2022,260.79000000000,11.32107051,875.61726129,348.00,5695.00,1.636000,1.111000,277.9436300,56.6506789
"TOI-2184 b","TOI-2184",1,1,"Transit",2022,6.90683000000,11.39953337,206.58846455,1676.05,5966.00,2.900000,1.530000,100.8331246,-66.9476563
"TOI-2193 A b","TOI-2193 A",2,1,"Transit",2022,2.12257350000,19.83989584,298.75870258,1763.00,5966.00,1.248000,1.082000,313.6912320,-72.8046404
"TOI-220 b","TOI-220",1,1,"Transit",2021,10.69526400000,3.03000000,13.80000000,805.00,5298.00,0.858000,0.825000,91.7996988,-61.9972098
"TOI-2200 b","TOI-2200",1,1,"Transit",2026,2.93602836512,6.96310517,38.70000000,1147.00,5036.17,0.826247,0.850000,98.7835071,-72.4567778
"TOI-2202 b","TOI-2202",1,2,"Transit",2021,11.91260750000,10.95117414,287.31687993,652.07,5169.00,0.808000,0.841000,51.2284214,-73.9575458
"TOI-2211.01","TOI-2211",1,1,"Transit",2024,3.09268675700,1.56100000,3.06000000,1056.92,5253.00,0.834000,0.900000,308.5390859,-29.6726127
"TOI-2227 b","TOI-2227",1,1,"Transit",2026,4.22175815648,3.09885187,9.79000000,1539.88,5889.54,1.208470,1.030000,337.5177563,-67.8501459
"TOI-2236 b","TOI-2236",1,1,"Transit",2022,3.53159020000,14.36991326,502.16888306,1688.00,6248.00,1.573000,1.343000,20.1660113,-86.9799650
"TOI-2260 b","TOI-2260",1,1,"Transit",2022,0.35247280000,1.62000000,3.26000000,2609.00,5534.00,0.940000,0.990000,247.6669998,49.0467891
"TOI-2266 b","TOI-2266",1,1,"Transit",2024,2.32631800000,1.54000000,2.99000000,550.00,3200.00,0.240000,0.230000,245.2800398,31.5770413
"TOI-2285 b","TOI-2285",1,1,"Transit",2021,13.63510900000,1.77000000,19.50000000,358.00,3491.00,0.464000,0.454000,332.5632644,58.7060934
"TOI-2295 b","TOI-2295",1,2,"Transit",2024,30.03330200000,16.47720163,278.09985612,747.00,5730.00,1.459000,1.168000,281.5761962,50.4924657
"TOI-2322 b","TOI-2322",1,2,"Transit",2025,11.30717000000,0.99400000,2.31000000,603.10,4664.00,0.662000,0.703000,116.9731027,-71.0019671
"TOI-2322 c","TOI-2322",1,2,"Transit",2025,20.22552800000,1.87400000,18.10000000,496.80,4664.00,0.662000,0.703000,116.9731027,-71.0019671
"TOI-2337 b","TOI-2337",1,1,"Transit",2022,2.99432000000,10.08808263,508.52545120,1272.46,4780.00,3.220000,1.325000,290.6198948,60.8539035
"TOI-2345 b","TOI-2345",1,2,"Transit",2025,1.05285730000,1.50400000,3.49000000,1478.00,4687.00,0.729000,0.727000,43.8847940,-34.9779745
"TOI-2374 b","TOI-2374",2,1,"Transit",2024,4.31361930000,7.48759911,61.65871096,926.00,5002.00,0.711000,0.802000,319.4982407,-22.0498228
"TOI-2379 b","TOI-2379",1,1,"Transit",2024,5.46938270000,11.72459381,1830.69162432,624.00,3707.00,0.622000,0.645000,358.0920465,-53.0431560
"TOI-2384 b","TOI-2384",2,1,"Transit",2024,2.13570304000,11.48920522,624.85064816,889.70,3943.00,0.611300,0.635000,36.1561463,-65.0001957
"TOI-2406 b","TOI-2406",1,1,"Transit",2021,3.07668910000,2.86000000,15.60000000,449.00,3100.00,0.204000,0.166000,8.8060544,-3.3720833
"TOI-2431 b","TOI-2431",1,1,"Transit",2026,0.22419578000,1.53400000,6.20000000,2063.00,4109.00,0.651000,0.661000,37.7652989,8.3816255
"TOI-2445 b","TOI-2445",1,1,"Transit",2022,0.37112810000,1.25000000,2.10000000,1060.00,3333.00,0.270000,0.250000,43.3161555,0.0523366
"TOI-2453 b","TOI-2453",1,1,"Transit",2026,4.44143463188,3.24380341,10.60000000,550.78,3720.23,0.502498,0.500519,74.8374845,12.9363528
"TOI-2459 b","TOI-2459",1,1,"Transit",2023,19.10471800000,2.95310000,9.03000000,445.01,4195.00,0.675100,0.660000,82.1433321,-39.3730456
"TOI-2525 b","TOI-2525",1,2,"Transit",2023,23.28560000000,8.67575106,26.69758619,512.97,5096.00,0.785000,0.849000,86.8509737,-60.5213081
"TOI-2525 c","TOI-2525",1,2,"Transit",2023,49.25190000000,10.13291855,208.81326340,399.96,5096.00,0.785000,0.849000,86.8509737,-60.5213081
"TOI-2529 b","TOI-2529",1,1,"Transit",2024,64.59490000000,11.54525012,743.71847238,636.00,5802.00,1.700000,1.110000,118.9945352,-52.3548332
"TOI-2545 b","TOI-2545",1,1,"Transit",2022,7.99403700000,2.75000000,8.00000000,1022.99,5846.29,1.253240,1.055000,135.5458029,-3.4208194
"TOI-2578 b","TOI-2578",1,1,"Transit",2026,3.45796670000,19.66055215,167.17774208,1778.00,6333.00,1.640000,1.270000,68.0521023,52.2526547
"TOI-2580 b","TOI-2580",1,1,"Transit",2024,3.39775000000,17.37392009,200.23189641,2410.00,6120.00,1.810000,1.330000,62.1992072,67.1165264
"TOI-2587 A b","TOI-2587 A",2,1,"Transit",2023,5.45664000000,12.07207221,69.28659273,1445.00,5760.00,1.726000,1.150000,115.9317105,-1.0733330
"TOI-2589 b","TOI-2589",1,1,"Transit",2023,61.62770000000,12.10569916,1112.39942450,592.00,5579.00,1.070000,0.930000,107.4881501,-37.2309480
"TOI-260 b","TOI-260",1,1,"Transit",2024,13.47585300000,1.71000000,4.23000000,493.00,4026.00,0.607000,0.616000,4.7730178,-9.9661505
"TOI-261.01","TOI-261",1,2,"Transit",2021,3.36392540000,3.04498630,9.51000000,1722.49,5890.30,1.280180,0.496728,15.2181412,-24.4239934
"TOI-261.02","TOI-261",1,2,"Transit",2021,13.03935862135,3.34822227,11.20000000,1007.53,5890.30,1.313830,1.069000,15.2181412,-24.4239934
"TOI-262 b","TOI-262",1,1,"Transit",2023,11.14529000000,2.07000000,4.94000000,584.00,5310.00,0.853000,0.913000,32.5346870,-31.0706272
"TOI-2641 b","TOI-2641",1,1,"Transit",2023,4.88097400000,18.10250383,122.68176510,1387.00,6100.00,1.336000,1.160000,171.1303716,-42.7321394
"TOI-270 b","TOI-270",1,3,"Transit",2019,3.35992000000,1.28000000,1.48000000,600.00,3506.00,0.380000,0.386000,68.4160804,-51.9573937
"TOI-270 c","TOI-270",1,3,"Transit",2019,5.66051000000,2.33000000,6.20000000,489.00,3506.00,0.380000,0.386000,68.4160804,-51.9573937
"TOI-270 d","TOI-270",1,3,"Transit",2019,11.38194000000,2.00000000,4.20000000,383.00,3506.00,0.380000,0.386000,68.4160804,-51.9573937
"TOI-2719 b","TOI-2719",1,1,"Transit",2025,3.37594000000,5.98000000,29.90000000,1710.00,5762.00,1.690000,1.020000,71.5549449,-0.8048725
"TOI-277 b","TOI-277",1,1,"Transit",2022,3.99400000000,2.65000000,7.51000000,587.92,4031.00,0.362000,0.160000,19.0766985,-20.9532772
"TOI-2803 A b","TOI-2803 A",2,1,"Transit",2023,1.96229325000,18.11371281,309.88269682,1893.00,6280.00,1.245000,1.118000,93.1147397,-23.4924956
"TOI-286 b","TOI-286",1,2,"Transit",2024,4.51172440000,1.42000000,4.53000000,979.00,5152.00,0.780000,0.832000,90.9842762,-60.6663348
"TOI-286 c","TOI-286",1,2,"Transit",2024,39.36182600000,1.88000000,3.72000000,475.00,5152.00,0.780000,0.832000,90.9842762,-60.6663348
"TOI-2977 b","TOI-2977",1,1,"Transit",2023,2.35056140000,13.15934334,533.95172376,1544.00,5691.00,1.073000,0.936000,143.9265177,-60.3574758
"TOI-2989 b","TOI-2989",1,1,"Transit",2025,3.12283200000,12.55405838,953.48522100,1001.00,4672.00,0.760000,0.770000,171.2316754,-27.0623619
"TOI-2992 b","TOI-2992",1,1,"Transit",2025,3.00781200000,13.75341932,1058.36859531,1726.00,6000.00,1.545000,1.210000,164.3165643,-32.3224375
"TOI-3053 b","TOI-3053",1,1,"Transit",2026,2.99199870000,13.56286665,270.15414595,1290.00,5378.00,0.970000,0.960000,148.5732223,-64.2969041
"TOI-3082 b","TOI-3082",1,1,"Transit",2023,1.92690700000,3.66210000,13.00000000,1032.78,4263.00,0.684700,0.664000,195.9080719,-19.2189845
"TOI-3160 A b","TOI-3160 A",2,1,"Transit",2025,3.97128100000,13.76462830,378.21580433,1539.00,6190.00,1.346000,1.088000,224.5658555,-27.6825503
"TOI-3235 b","TOI-3235",1,1,"Transit",2023,2.59261842000,11.39953337,211.35589065,604.00,3388.80,0.369700,0.393900,207.4738488,-46.0665139
"TOI-3278 b","TOI-3278",1,1,"Transit",2026,3.24645600000,13.89913607,95.34852210,1561.00,5720.00,1.390000,1.040000,291.8668611,-62.0948769
"TOI-3288 b","TOI-3288",2,1,"Transit",2025,1.43386470000,12.24020692,536.17652261,973.00,4072.00,0.672000,0.643000,297.1103158,-43.0180008
"TOI-332 b","TOI-332",1,1,"Transit",2023,0.77703800000,3.20000000,57.20000000,1871.00,5251.00,0.870000,0.880000,348.0589516,-44.8764852
"TOI-333 b","TOI-333",1,1,"Transit",2025,3.78525030000,4.26000000,20.10000000,1445.00,6241.00,1.100000,1.200000,353.3574989,-41.1715206
"TOI-3353.01","TOI-3353",1,1,"Transit",2024,4.66579650000,2.66675550,7.59000000,1264.36,6365.00,1.020700,1.332089,106.5298146,-75.8195594
"TOI-3474 b","TOI-3474",1,1,"Transit",2025,3.87951050000,14.67255574,193.87532827,1451.00,6020.00,1.256000,1.121000,233.5033482,-47.9636597
"TOI-3523 A b","TOI-3523 A",3,1,"Transit",2025,2.30458952000,15.97279750,435.42491759,1984.00,6450.00,1.448000,1.131000,304.2834581,42.9065338
"TOI-3714 b","TOI-3714",2,1,"Transit",2022,2.15484900000,11.32107051,222.47988490,750.00,3660.00,0.510000,0.530000,69.5523415,39.4580035
"TOI-375 c","TOI-375",1,3,"Radial Velocity",2026,115.50000000000,13.40000000,669.34662514,596.00,5259.90,2.900000,1.441000,47.1499034,-77.3833275
"TOI-375 d","TOI-375",1,3,"Radial Velocity",2026,297.90000000000,13.60000000,445.59542661,434.00,5259.90,2.900000,1.441000,47.1499034,-77.3833275
"TOI-3757 b","TOI-3757",1,1,"Transit",2022,3.43875300000,12.00000000,85.30000000,759.00,3913.00,0.620000,0.640000,91.0036423,55.0199793
"TOI-3785 b","TOI-3785",1,1,"Transit",2023,4.67473730000,5.14000000,14.95000000,582.00,3576.00,0.500000,0.520000,130.9002258,63.0780768
"TOI-3807 b","TOI-3807",1,1,"Transit",2023,2.89897270000,18.49481816,330.54154328,1646.00,5772.00,1.468000,1.181000,139.1125648,69.0741284
"TOI-3856 b","TOI-3856",1,1,"Transit",2025,2.04360352000,13.59649359,171.62733978,1544.00,5622.00,1.055000,1.096000,145.2229223,27.9501580
"TOI-3877 b","TOI-3877",1,1,"Transit",2025,4.12359600000,11.67975789,99.79811980,1445.00,5731.00,1.445000,1.160000,170.4544727,33.9913822
"TOI-3884 b","TOI-3884",1,1,"Transit",2022,4.54458280000,6.43000000,32.59000000,441.00,3180.00,0.302000,0.298000,181.5718341,12.5070258
"TOI-3896 b","TOI-3896",1,1,"Transit",2026,4.37730369667,3.14949237,10.10000000,966.00,5110.91,0.747752,0.860000,187.9302395,63.9085462
"TOI-3984 A b","TOI-3984 A",2,1,"Transit",2023,4.35332600000,7.90000000,44.00000000,563.00,3476.00,0.470000,0.490000,226.3371468,36.7869747
"TOI-4010 b","TOI-4010",1,4,"Transit",2023,1.34833500000,3.02000000,11.00000000,1441.00,4960.00,0.830000,0.880000,20.2148196,66.0722009
"TOI-4010 c","TOI-4010",1,4,"Transit",2023,5.41465400000,5.93000000,20.31000000,907.00,4960.00,0.830000,0.880000,20.2148196,66.0722009
"TOI-4010 d","TOI-4010",1,4,"Transit",2023,14.70886000000,6.18000000,38.15000000,650.00,4960.00,0.830000,0.880000,20.2148196,66.0722009
"TOI-4010 e","TOI-4010",1,4,"Radial Velocity",2023,762.00000000000,13.30000000,692.00000000,174.00,4960.00,0.830000,0.880000,20.2148196,66.0722009
"TOI-4029 b","TOI-4029",1,1,"Transit",2026,5.88498234631,6.73756618,36.60000000,1142.00,5662.53,1.178340,1.018000,239.2337189,16.9802854
"TOI-4030 b","TOI-4030",1,1,"Transit",2026,2.50900199461,5.84625590,28.80000000,1384.00,5640.37,0.991737,0.980000,277.6228367,56.7704522
"TOI-4137 b","TOI-4137",1,1,"Transit",2022,3.80161220000,13.57407563,457.67290608,1570.00,6202.00,1.438000,1.313000,77.6128790,70.3910790
"TOI-4153 b","TOI-4153",1,1,"Transit",2024,4.61741410000,16.11851425,365.50266805,1669.00,6860.00,1.605000,1.572000,335.3934698,82.2160792
"TOI-4155 b","TOI-4155",1,1,"Transit",2025,3.32072900000,3.21000000,10.40000000,1255.00,5724.00,0.950000,1.160000,325.6362269,77.7343836
"TOI-421 b","TOI-421",2,2,"Transit",2020,5.19757600000,2.64000000,6.70000000,922.00,5291.00,0.866000,0.833000,81.8532824,-14.2767404
"TOI-421 c","TOI-421",2,2,"Transit",2020,16.06754100000,5.09000000,14.10000000,635.00,5291.00,0.866000,0.833000,81.8532824,-14.2767404
"TOI-426 b","TOI-426",1,2,"Transit",2026,1.32050258000,2.19000000,6.70000000,1790.00,5750.00,0.990000,1.000000,79.1021932,-15.5102418
"TOI-426 c","TOI-426",1,2,"Radial Velocity",2026,235.80000000000,13.60000000,444.00000000,319.20,5750.00,0.990000,1.000000,79.1021932,-15.5102418
"TOI-4308 b","TOI-4308",1,1,"Transit",2023,9.15120100000,2.41890000,6.43000000,763.05,5243.00,0.793400,0.900000,327.7530693,-43.5623642
"TOI-431 b","TOI-431",1,3,"Transit",2021,0.49004700000,1.28000000,3.07000000,1862.00,4850.00,0.731000,0.780000,83.2692502,-26.7238698
"TOI-431 c","TOI-431",1,3,"Radial Velocity",2021,4.84940000000,1.49000000,2.83000000,867.00,4850.00,0.731000,0.780000,83.2692502,-26.7238698
"TOI-431 d","TOI-431",1,3,"Transit",2021,12.46103000000,3.29000000,9.90000000,633.00,4850.00,0.731000,0.780000,83.2692502,-26.7238698
"TOI-4336 A b","TOI-4336 A",3,2,"Transit",2024,16.33635100000,2.13700000,3.33000000,309.40,3307.00,0.326000,0.306000,206.1070129,-40.3373505
"TOI-4336 A c","TOI-4336 A",3,2,"Transit",2026,7.58726600000,1.25100000,1.55000000,399.50,3307.00,0.326000,0.306000,206.1070129,-40.3373505
"TOI-4364 b","TOI-4364",1,1,"Transit",2025,5.42401900000,2.01000000,4.70000000,488.00,3528.00,0.468400,0.487000,80.0669270,-4.2392481
"TOI-4409 b","TOI-4409",1,1,"Transit",2026,92.49178900000,7.44000000,14.93793513,305.05,4928.00,0.720000,0.763000,81.8186583,-54.9460980
"TOI-4438 b","TOI-4438",1,1,"Transit",2024,7.44629500000,2.40000000,4.11000000,446.00,3501.00,0.365000,0.345000,270.3172389,35.5948992
"TOI-444 b","TOI-444",1,1,"Transit",2023,17.96360000000,2.77000000,8.10000000,609.00,5225.00,0.779000,0.960000,64.1839982,-26.7664071
"TOI-4443.01","TOI-4443",1,1,"Transit",2024,1.84985670000,1.71932650,3.60000000,1638.82,5834.00,1.017330,1.049133,274.2686643,21.9095459
"TOI-4492 b","TOI-4492",1,1,"Transit",2026,4.43318240000,11.78063872,1881.54416944,1207.00,5711.00,1.222000,1.067000,308.6508000,29.2381016
"TOI-4495 b","TOI-4495",1,2,"Transit",2026,2.56699000000,2.48300000,7.70000000,1735.00,6210.00,1.309000,1.247000,286.3624951,37.0259902
"TOI-4495 c","TOI-4495",1,2,"Transit",2024,5.18553000000,4.03000000,23.20000000,1365.00,6210.00,1.309000,1.247000,286.3624951,37.0259902
"TOI-4504 b","TOI-4504",1,3,"Transit",2024,2.42615160000,2.65000000,140.00000000,1345.00,5315.00,0.930000,0.875000,114.4673065,-62.0782776
"TOI-4504 c","TOI-4504",1,3,"Transit",2024,82.81909300000,11.17000000,821.00000000,412.50,5315.00,0.930000,0.875000,114.4673065,-62.0782776
"TOI-4504 d","TOI-4504",1,3,"Transit Timing Variations",2024,41.28719750000,11.26000000,643.00000000,524.80,5315.00,0.930000,0.875000,114.4673065,-62.0782776
"TOI-451 b","TOI-451",2,3,"Transit",2020,1.85870330000,1.84000000,4.70000000,1474.00,5490.00,0.850000,0.930000,62.9663850,-37.9397300
"TOI-451 c","TOI-451",2,3,"Transit",2020,9.19246300000,2.93000000,3.70000000,865.00,5490.00,0.850000,0.930000,62.9663850,-37.9397300
"TOI-451 d","TOI-451",2,3,"Transit",2020,16.36496200000,3.93000000,10.20000000,714.00,5490.00,0.850000,0.930000,62.9663850,-37.9397300
"TOI-4511 b","TOI-4511",1,1,"Transit",2026,10.98090968596,2.75304932,8.01000000,1542.00,5418.77,1.001450,1.017000,49.3052786,15.5017268
"TOI-4527.01","TOI-4527",1,1,"Transit",2024,0.39944450000,0.90866170,0.68900000,1362.93,3702.00,0.485948,0.483901,19.4722574,5.4711996
"TOI-4552 b","TOI-4552",1,1,"Transit",2026,0.30110032000,1.11000000,1.83000000,1122.00,3258.00,0.286900,0.261900,264.7142556,-47.6370457
"TOI-4562 b","TOI-4562",1,2,"Transit",2023,225.10640000000,12.53000000,732.00000000,318.00,6096.00,1.152000,1.192000,112.0100593,-63.5177788
"TOI-4747 b","TOI-4747",1,1,"Transit",2026,5.21924158592,3.95803201,14.80000000,1035.00,5595.08,0.988751,1.010000,86.4276650,-45.0292291
"TOI-4898 b","TOI-4898",1,1,"Transit",2026,2.76520470167,3.71979540,13.40000000,667.00,4201.57,0.639344,0.619077,197.3416711,-32.8294537
"TOI-4914 b","TOI-4914",1,1,"Transit",2024,10.60057000000,12.87000000,227.00000000,894.00,5805.00,1.000000,1.030000,204.5426717,-28.1429206
"TOI-4961 b","TOI-4961",1,1,"Transit",2025,7.47918200000,12.34108775,572.09113260,919.00,5380.00,0.912000,0.912000,192.5018624,-59.8919345
"TOI-500 b","TOI-500",1,4,"Transit",2022,0.54817700000,1.16600000,1.42000000,1617.00,4440.00,0.678000,0.740000,106.5590980,-47.5878156
"TOI-500 c","TOI-500",1,4,"Radial Velocity",2022,6.63560000000,2.09000000,5.03000000,,4440.00,0.678000,0.740000,106.5590980,-47.5878156
"TOI-500 d","TOI-500",1,4,"Radial Velocity",2022,26.23300000000,6.35000000,33.12000000,,4440.00,0.678000,0.740000,106.5590980,-47.5878156
"TOI-500 e","TOI-500",1,4,"Radial Velocity",2022,61.30000000000,3.99000000,15.05000000,,4440.00,0.678000,0.740000,106.5590980,-47.5878156
"TOI-5082.01","TOI-5082",1,1,"Transit",2024,4.24012200000,2.54811000,7.03000000,1164.91,5670.00,0.930000,0.996650,106.5695780,22.6831477
"TOI-5108 b","TOI-5108",1,1,"Transit",2025,6.75358100000,6.60000000,32.00000000,1180.00,5808.00,1.290000,1.100000,166.2695041,11.2464069
"TOI-512 b","TOI-512",1,1,"Transit",2025,7.18886000000,1.54000000,3.57000000,1009.00,5277.00,0.890000,0.740000,96.6467023,-38.6072095
"TOI-5126 c","TOI-5126",1,2,"Transit",2023,17.89990000000,3.86000000,14.20000000,971.00,6150.00,1.241000,1.240000,151.6597827,18.6340631
"TOI-5174 b","TOI-5174",1,1,"Transit",2022,12.21428600000,5.35100000,24.80000000,808.37,5643.77,1.094570,1.000000,174.1094967,-2.0233506
"TOI-5181 A b","TOI-5181 A",2,1,"Transit",2025,3.89222950000,13.34989601,330.54154328,1585.00,6060.00,1.530000,1.250000,280.6774738,21.6998203
"TOI-5205 b","TOI-5205",1,1,"Transit",2023,1.63075700000,11.60000000,343.00000000,737.00,3430.00,0.394000,0.392000,313.7706819,24.3609770
"TOI-521 b","TOI-521",1,1,"Transit",2025,1.54285047000,1.98000000,5.30000000,794.00,3544.00,0.421000,0.420000,123.3442567,12.2221079
"TOI-5292 A b","TOI-5292 A",2,1,"Transit",2026,2.02191000000,12.64373023,412.85910069,809.00,3919.00,0.611000,0.596000,344.2223631,-8.1197473
"TOI-5293 A b","TOI-5293 A",2,1,"Transit",2023,2.93028900000,11.90000000,170.40000000,675.00,3586.00,0.520000,0.540000,355.8286820,-2.0450945
"TOI-532 b","TOI-532",1,1,"Transit",2021,2.32665080000,5.82000000,61.50000000,867.00,3927.00,0.612000,0.639000,85.0800537,11.5626373
"TOI-5322 b","TOI-5322",1,1,"Transit",2025,5.42332070000,16.61170940,184.02264765,1350.00,5692.00,1.462000,0.998000,6.5293373,14.3364283
"TOI-5349 b","TOI-5349",1,1,"Transit",2026,3.31792100000,10.20000000,127.40000000,719.00,3751.00,0.580000,0.610000,52.7125703,20.8796279
"TOI-5398 b","TOI-5398",1,2,"Transit",2022,10.59054700000,10.30000000,58.70000000,947.00,6000.00,1.051000,1.146000,161.8795569,36.3294345
"TOI-540 b","TOI-540",1,1,"Transit",2020,1.23914910000,0.90300000,0.67400000,611.00,3216.00,0.189500,0.159000,76.3096949,-47.9375391
"TOI-544 c","TOI-544",1,2,"Radial Velocity",2023,50.08900000000,4.92000000,21.50000000,,4169.00,0.623000,0.631000,82.2900716,-0.3428983
"TOI-5489 c","TOI-5489",1,2,"Transit",2025,4.92126000000,1.28000000,2.18000000,536.00,3547.00,0.420000,0.410000,128.6912940,11.4895882
"TOI-5515 b","TOI-5515",1,1,"Transit",2026,8.59225810839,2.65362762,7.53000000,778.10,5483.65,0.835682,0.963000,139.6163639,16.9899558
"TOI-5599 b","TOI-5599",1,1,"Transit",2026,5.43691503941,7.18882120,40.90000000,1496.00,6137.02,1.913340,1.210000,199.3262375,55.6815392
"TOI-561 b","TOI-561",1,4,"Transit",2020,0.44656970000,1.39700000,2.02000000,2319.00,5342.00,0.843000,0.806000,148.1851516,6.2161030
"TOI-561 c","TOI-561",1,4,"Transit",2020,10.77883800000,2.86500000,5.93000000,802.00,5342.00,0.843000,0.806000,148.1851516,6.2161030
"TOI-561 d","TOI-561",1,4,"Transit",2020,25.71268000000,2.61500000,13.33000000,600.00,5342.00,0.843000,0.806000,148.1851516,6.2161030
"TOI-561 e","TOI-561",1,4,"Transit",2020,77.14400000000,2.51700000,12.40000000,416.00,5342.00,0.843000,0.806000,148.1851516,6.2161030
"TOI-5614 b","TOI-5614",1,1,"Transit",2026,4.17221328949,3.21759316,10.40000000,817.00,4553.00,0.734919,0.674000,189.4323154,69.4584273
"TOI-5624 b","TOI-5624",1,5,"Transit",2026,3.39034730000,2.31400000,9.40000000,1136.00,5327.00,0.820000,0.858000,180.8443476,49.2512257
"TOI-5624 e","TOI-5624",1,5,"Transit",2026,21.48993600000,3.24700000,8.90000000,613.80,5327.00,0.820000,0.858000,180.8443476,49.2512257
"TOI-5624 f","TOI-5624",1,5,"Transit Timing Variations",2026,45.37000000000,3.66000000,13.00000000,478.50,5327.00,0.820000,0.858000,180.8443476,49.2512257
"TOI-5628 A b","TOI-5628 A",2,1,"Transit",2026,4.34166120000,8.29464572,28.60455663,492.00,3310.00,0.350000,0.360000,185.7279551,18.8367047
"TOI-5704 b","TOI-5704",1,1,"Transit",2023,3.77111600000,3.22740000,10.50000000,949.07,4590.00,0.757500,0.730000,169.8248694,44.9890782
"TOI-5720 b","TOI-5720",1,1,"Transit",2024,1.43445550000,1.09000000,4.30000000,708.00,3325.00,0.383000,0.383000,170.3135774,25.2732942
"TOI-5728 b","TOI-5728",1,1,"Transit",2025,11.49761000000,1.31000000,2.27000000,382.00,3419.00,0.370000,0.360000,260.3509363,67.5504212
"TOI-5736 b","TOI-5736",1,1,"Transit",2025,0.64899000000,1.56000000,3.05000000,1311.00,3949.00,0.580000,0.570000,213.7583971,49.5009379
"TOI-5786 b","TOI-5786",2,1,"Transit",2025,12.77910700000,8.54000000,73.00000000,1040.00,6235.00,1.360000,1.230000,293.3223259,30.7042468
"TOI-5789 c","TOI-5789",1,4,"Transit",2026,12.92774800000,2.86000000,5.00000000,718.00,5185.00,0.833000,0.821000,302.7734475,16.1897138
"TOI-5795 b","TOI-5795",1,1,"Transit",2025,6.14063250000,5.62000000,23.66000000,1136.78,5715.00,1.082000,0.901000,304.8687820,-7.5476595
"TOI-5800 b","TOI-5800",1,1,"Transit",2025,2.62788380000,2.46000000,9.50000000,1108.00,4850.00,0.773000,0.778000,305.0655462,-7.4119237
"TOI-5806 b","TOI-5806",2,1,"Transit",2026,3.18563810000,15.13212395,721.47048389,1621.00,6730.00,1.387000,1.333000,329.1018029,20.6779808
"TOI-5811 B b","TOI-5811 B",3,1,"Transit",2026,6.25663000000,21.96960217,257.44100967,1530.00,4840.00,3.730000,1.080000,310.9101344,19.7291680
"TOI-5916 b","TOI-5916",1,1,"Transit",2026,2.36712341000,11.80000000,219.00000000,716.00,3541.00,0.487000,0.518000,325.2995114,9.5990534
"TOI-6008 b","TOI-6008",1,1,"Transit",2024,0.85743470000,1.03000000,4.00000000,707.00,3075.00,0.242000,0.230000,310.4487344,49.6468992
"TOI-603 b","TOI-603",1,1,"Transit",2026,16.17984600000,7.37000000,33.00000000,899.00,6027.00,1.477000,1.240000,141.1078542,5.7660562
"TOI-6041 c","TOI-6041",1,2,"Radial Velocity",2025,88.00000000000,10.50000000,77.90000000,403.50,5445.00,0.879000,0.885000,46.0610334,43.5576668
"TOI-6054.01","TOI-6054",1,2,"Transit",2024,7.50142800000,2.64000000,12.50000000,1360.00,6047.00,1.662000,1.107000,56.3370070,60.3509170
"TOI-6109 b","TOI-6109",1,2,"Transit",2025,5.69047600000,4.87040000,21.10000000,700.00,5660.00,1.021000,1.030000,50.1319206,42.6069564
"TOI-6109 c","TOI-6109",1,2,"Transit",2025,8.53887800000,4.83260000,20.80000000,786.00,5660.00,1.021000,1.030000,50.1319206,42.6069564
"TOI-615 b","TOI-615",1,1,"Transit",2023,4.66159830000,18.97680433,138.25535705,1666.00,6850.00,1.732000,1.449000,133.4086892,-40.5437010
"TOI-6158 b","TOI-6158",1,1,"Transit",2026,3.04468990000,10.40000000,135.00000000,636.00,3467.00,0.476000,0.503000,333.8944061,16.2853919
"TOI-6255 b","TOI-6255",1,1,"Transit",2024,0.23818244000,1.07900000,1.44000000,1256.46,3421.00,0.370000,0.353000,331.5031606,39.2988284
"TOI-6324 b","TOI-6324",1,1,"Transit",2025,0.27922100000,1.05900000,1.17000000,1216.00,3247.00,0.293000,0.269000,330.8445430,67.4986773
"TOI-6478 b","TOI-6478",2,1,"Transit",2025,34.00501900000,4.60000000,19.20000000,204.40,3230.00,0.234000,0.230000,149.9918059,-16.1597935
"TOI-6564 b","TOI-6564",1,1,"Transit",2026,3.98541300000,16.39873876,222.16205649,1445.00,5943.00,1.700000,1.180000,205.8178791,-56.1564491
"TOI-6677 b","TOI-6677",1,1,"Transit",2026,5.45060661625,5.83507112,28.70000000,334.00,6572.28,1.571670,1.450000,290.4719117,-46.8749591
"TOI-6695 c","TOI-6695",1,2,"Radial Velocity",2025,242.40000000000,13.60000000,460.85119015,415.00,6400.00,1.517000,1.338000,129.5720221,-23.5502170
"TOI-674 b","TOI-674",1,1,"Transit",2021,1.97714300000,5.25000000,23.60000000,635.00,3514.00,0.420000,0.420000,164.5865592,-36.8581092
"TOI-677 b","TOI-677",1,1,"Transit",2020,11.23659850000,13.11450742,392.20025424,1252.00,6295.00,1.280000,1.181000,144.1193594,-50.4630933
"TOI-682.01","TOI-682",1,1,"Transit",2021,6.83923880000,3.74186000,13.50000000,1090.00,5085.00,1.080000,0.850000,167.8854300,-22.0727803
"TOI-6894 b","TOI-6894",1,1,"Transit",2025,3.37077196000,9.58367850,53.39517238,417.90,3007.00,0.227600,0.207000,173.4691418,12.4510906
"TOI-6954 b","TOI-6954",1,1,"Transit",2026,4.02074127419,3.63524486,12.80000000,930.00,5170.87,0.947112,0.834000,168.3240591,-2.7877643
"TOI-700 b","TOI-700",1,4,"Transit",2020,9.97722000000,0.96300000,0.84900000,417.00,3459.00,0.410400,0.417000,97.0957165,-65.5786149
"TOI-700 c","TOI-700",1,4,"Transit",2020,16.05110390000,2.53500000,6.96000000,356.00,3459.00,0.410400,0.417000,97.0957165,-65.5786149
"TOI-700 d","TOI-700",1,4,"Transit",2020,37.42345700000,1.14500000,1.58000000,268.80,3459.00,0.410400,0.417000,97.0957165,-65.5786149
"TOI-700 e","TOI-700",1,4,"Transit",2023,27.81012400000,0.91900000,0.71800000,272.90,3459.00,0.410400,0.417000,97.0957165,-65.5786149
"TOI-7008 b","TOI-7008",1,1,"Transit",2026,0.84069041367,4.94735276,21.70000000,1783.00,5116.06,0.952550,0.880000,216.9882531,79.4503960
"TOI-7041 b","TOI-7041",1,1,"Transit",2025,9.69100000000,11.43316031,114.41822652,882.37,4700.00,4.100000,1.070000,357.8021716,-50.8698618
"TOI-707 b","TOI-707",1,1,"Transit",2026,52.79918000000,2.41600000,6.42000000,491.70,5424.00,0.978000,0.990000,98.7295889,-67.5372743
"TOI-715 b","TOI-715",1,1,"Transit",2023,19.28800400000,1.55000000,3.02000000,234.00,3075.00,0.240000,0.225000,113.8523276,-73.5774089
"TOI-7155 b","TOI-7155",1,1,"Transit",2026,3.89489711981,2.40821473,6.38000000,914.00,4673.03,0.670748,0.755000,12.4454481,79.2878555
"TOI-7169 b","TOI-7169",1,1,"Transit",2026,3.43731250000,16.53324653,130.30964687,1631.00,5714.00,1.500000,0.885000,351.0546897,36.8175661
"TOI-7189 b","TOI-7189",1,1,"Transit",2026,2.89055000000,10.90000000,159.04000000,738.00,3775.00,0.591000,0.612000,273.0378977,2.1882623
"TOI-7265 B b","TOI-7265 B",2,1,"Transit",2026,4.17232000000,10.70000000,224.95000000,571.00,3503.00,0.497000,0.521000,318.7040182,45.9259093
"TOI-7393 b","TOI-7393",1,1,"Transit",2026,3.33708000000,11.30000000,194.78000000,747.00,3927.00,0.582000,0.600000,227.3598373,55.9810558
"TOI-7394 B b","TOI-7394 B",2,1,"Transit",2026,1.25299500000,11.50000000,668.74000000,986.00,3717.00,0.609000,0.624000,236.0551933,58.5527617
"TOI-7510 c","TOI-7510",1,3,"Transit",2025,22.56874230000,10.81000000,131.00000000,702.00,5720.00,1.035000,1.063000,273.7281880,-54.4340547
"TOI-762 A b","TOI-762 A",2,1,"Transit",2024,3.47168260000,8.33948164,79.77493016,555.40,3266.00,0.425000,0.442000,166.0747423,-47.8214964
"TOI-771 b","TOI-771",1,2,"Transit",2024,2.32601550000,1.36000000,2.47000000,543.00,3370.00,0.232000,0.220000,164.1138903,-72.9851736
"TOI-771 c","TOI-771",1,2,"Radial Velocity",2025,7.61000000000,1.50000000,2.87000000,365.00,3370.00,0.232000,0.220000,164.1138903,-72.9851736
"TOI-776 b","TOI-776",1,2,"Transit",2020,8.24662000000,1.79800000,5.00000000,520.00,3725.00,0.547000,0.542000,178.5779970,-37.5533568
"TOI-776 c","TOI-776",1,2,"Transit",2020,15.66532300000,2.04700000,6.90000000,420.00,3725.00,0.547000,0.542000,178.5779970,-37.5533568
"TOI-778 b","TOI-778",1,1,"Transit",2023,4.63361100000,15.40000000,878.00000000,1561.00,6643.00,1.710000,1.400000,199.3338503,-15.2737046
"TOI-824 b","TOI-824",1,1,"Transit",2020,1.39297800000,2.92600000,18.46700000,1253.00,4600.00,0.695000,0.710000,222.1654705,-57.5888666
"TOI-833 b","TOI-833",1,1,"Transit",2022,1.04187770000,1.27000000,2.15000000,1118.00,3920.00,0.600000,0.610000,145.6454720,-62.4758857
"TOI-836 b","TOI-836",1,2,"Transit",2023,3.81673000000,1.70400000,4.53000000,871.00,4552.00,0.665000,0.678000,225.0798831,-24.4542022
"TOI-836.01","TOI-836",1,2,"Transit",2021,8.59545000000,2.58700000,9.60000000,665.00,4552.00,0.665000,0.678000,225.0798831,-24.4542022
"TOI-849 b","TOI-849",1,1,"Transit",2020,0.76554800000,3.64000000,41.80000000,1932.00,5257.00,0.970000,0.970000,28.7157956,-29.4217086
"TOI-871 b","TOI-871",1,1,"Transit",2024,14.36256500000,1.66400000,3.41000000,621.00,4929.00,0.719000,0.758000,74.7376264,-50.6274153
"TOI-880 c","TOI-880",1,2,"Transit",2025,6.38727030000,4.95000000,21.70000000,805.00,5050.00,0.830000,0.870000,94.1644734,-13.9873370
"TOI-892 b","TOI-892",1,1,"Transit",2020,10.62656000000,11.99363000,301.93850000,1397.00,6261.00,1.390000,1.280000,86.7382280,-11.2353401
"TOI-907.01","TOI-907",1,1,"Transit",2024,4.58491290000,9.61588510,67.00000000,1846.60,6272.00,2.059789,1.069357,262.1834072,-62.8403830
"TOI-908 b","TOI-908",1,1,"Transit",2023,3.18379200000,3.18600000,16.13700000,1317.00,5626.00,1.028000,0.950000,53.1594266,-81.2507450
"TOI-912 b","TOI-912",1,1,"Transit",2025,4.67806910000,1.93000000,5.10000000,551.00,3572.00,0.419000,0.418000,229.3285665,-80.4733446
"TOI-913 b","TOI-913",1,1,"Transit",2023,11.09864400000,2.45280000,6.59000000,712.01,4969.00,0.732500,0.820000,234.5723244,-80.8034265
"TOI-938 b","TOI-938",1,1,"Transit",2026,8.80733882211,4.82401567,20.80000000,1073.00,5829.42,0.985134,1.100000,63.0323442,-12.1188357
"TRAPPIST-1 b","TRAPPIST-1",1,7,"Transit",2016,1.51082600000,1.11600000,1.37400000,397.60,2566.00,0.119200,0.089800,346.6263919,-5.0434618
"TRAPPIST-1 c","TRAPPIST-1",1,7,"Transit",2016,2.42193700000,1.09700000,1.30800000,339.70,2566.00,0.119200,0.089800,346.6263919,-5.0434618
"TRAPPIST-1 d","TRAPPIST-1",1,7,"Transit",2016,4.04921900000,0.78800000,0.38800000,286.20,2566.00,0.119200,0.089800,346.6263919,-5.0434618
"TRAPPIST-1 e","TRAPPIST-1",1,7,"Transit",2017,6.10101300000,0.92000000,0.69200000,249.70,2566.00,0.119200,0.089800,346.6263919,-5.0434618
"TRAPPIST-1 f","TRAPPIST-1",1,7,"Transit",2017,9.20754000000,1.04500000,1.03900000,217.70,2566.00,0.119200,0.089800,346.6263919,-5.0434618
"TRAPPIST-1 g","TRAPPIST-1",1,7,"Transit",2017,12.35244600000,1.12900000,1.32100000,197.30,2566.00,0.119200,0.089800,346.6263919,-5.0434618
"TRAPPIST-1 h","TRAPPIST-1",1,7,"Transit",2017,18.77286600000,0.75500000,0.32600000,171.70,2566.00,0.119200,0.089800,346.6263919,-5.0434618
"TWA 7 b","TWA 7",1,1,"Imaging",2025,,12.70000000,108.06165838,316.00,3509.00,0.917173,0.460000,160.6248102,-33.6712596
"TYC 1422-614-1 b","TYC 1422-614-1",1,2,"Radial Velocity",2014,198.40000000000,13.30000000,794.50000000,730.19,4806.00,6.850000,1.150000,154.2777769,19.5584068
"TYC 1422-614-1 c","TYC 1422-614-1",1,2,"Radial Velocity",2014,559.30000000000,12.50000000,3178.00000000,518.21,4806.00,6.850000,1.150000,154.2777769,19.5584068
"TYC 3667-1280-1 b","TYC 3667-1280-1",1,1,"Radial Velocity",2016,26.46800000000,12.80000000,1716.28200000,1350.00,5130.00,6.260000,1.870000,12.8875757,58.4261485
"TYC 8998-760-1 b","TYC 8998-760-1",1,2,"Imaging",2020,,21.18497352,6928.65927260,2638.00,4573.00,1.020000,1.000000,201.3001096,-64.9391566
"Teegarden's Star c","Teegarden's Star",1,3,"Radial Velocity",2019,11.41600000000,1.02000000,1.05000000,209.00,3034.00,0.120000,0.097000,43.2691449,16.8649024
"TrES-1 b","TrES-1",2,1,"Transit",2004,3.03007000000,12.66617000,266.97720000,1140.00,5230.00,0.850000,1.040000,286.0408755,36.6325360
"TrES-2 b","TrES-2",2,1,"Transit",2006,2.47063000000,15.24424000,473.56670000,1466.00,5850.00,1.120000,1.360000,286.8085258,49.3164211
"TrES-4 b","TrES-4",2,1,"Transit",2007,3.55395000000,18.04649000,247.90740000,1778.00,6200.00,1.660000,1.080000,268.3043361,37.2117397
"TrES-5 b","TrES-5",1,1,"Transit",2011,1.48224686000,13.38354600,568.91570000,1480.00,5171.00,0.868000,0.901000,305.2219454,59.4489033
"UCAC4 328-061594 b","UCAC4 328-061594",1,1,"Imaging",2024,,12.10000000,6674.39654700,,,,1.190000,152.6991091,-24.4532674
"USco CTIO 108 b","USco CTIO 108",1,1,"Imaging",2008,,12.30000000,4449.62000000,2.96,2700.00,0.345365,0.060000,241.4752653,-18.3124167
"USco1556 b","USco1556 A",1,1,"Imaging",2019,,12.30000000,4767.45000000,2240.00,3410.00,0.668108,0.330000,239.1037198,-25.6890476
"UZ For b","UZ For",2,2,"Eclipse Timing Variations",2011,5840.00000000000,,2002.20000000,,5286.90,,0.700000,53.8694682,-25.7393857
"UZ For c","UZ For",2,2,"Eclipse Timing Variations",2011,1916.25000000000,,2447.20000000,,5286.90,,0.700000,53.8694682,-25.7393857
"V1298 Tau b","V1298 Tau",3,4,"Transit",2019,24.14000600000,9.41000000,13.10000000,666.00,4970.00,1.320000,1.100000,61.3316540,20.1570318
"V1298 Tau c","V1298 Tau",3,4,"Transit",2019,8.24916400000,5.08000000,4.70000000,953.00,4970.00,1.320000,1.100000,61.3316540,20.1570318
"V1298 Tau d","V1298 Tau",3,4,"Transit",2019,12.40139400000,6.53000000,6.00000000,831.00,4970.00,1.320000,1.100000,61.3316540,20.1570318
"V1298 Tau e","V1298 Tau",3,4,"Transit",2019,48.67771400000,10.17000000,15.30000000,527.00,4970.00,1.320000,1.100000,61.3316540,20.1570318
"VHS J125601.92-125723.9 b","VHS J125601.92-125723.9",2,1,"Imaging",2015,5800000.00000000000,13.67495645,5085.25451200,1194.00,2620.00,,0.070000,194.0089640,-12.9560310
"WASP-1 b","WASP-1",2,1,"Transit",2007,2.51994540000,16.62300000,271.41500000,1812.00,6110.00,1.470000,1.240000,5.1669536,31.9899732
"WASP-100 b","WASP-100",2,1,"Transit",2014,2.84938000000,14.90797000,400.46580000,2099.00,6900.00,1.570000,0.770000,68.9598159,-64.0270390
"WASP-103 b","WASP-103",1,1,"Transit",2014,0.92554200000,17.12700000,473.54700000,2508.00,6110.00,1.436000,1.220000,249.3148604,7.1833758
"WASP-106 b","WASP-106",1,1,"Transit",2014,9.28969000000,12.10569916,613.40882551,1140.00,6002.00,1.470000,1.175000,166.4296276,-5.0794854
"WASP-107 b","WASP-107",1,2,"Transit",2017,5.72148750000,10.48039695,33.02237149,736.00,4425.00,0.657000,0.683000,188.3864277,-10.1462141
"WASP-107 c","WASP-107",1,2,"Radial Velocity",2020,1091.00000000000,13.00000000,111.23994245,,4425.00,0.657000,0.683000,188.3864277,-10.1462141
"WASP-108 b","WASP-108",1,1,"Transit",2020,2.67555212374,15.13212395,283.50293904,1589.00,6783.00,1.344150,1.167000,195.8281644,-49.6397727
"WASP-119 b","WASP-119",1,1,"Transit",2016,2.49979000000,15.69260000,390.93090000,1600.00,5650.00,1.200000,1.020000,55.9336392,-65.1937800
"WASP-12 b","WASP-12",3,1,"Transit",2008,1.09141890100,22.02564708,467.21010000,2601.00,6265.00,1.690000,1.325000,97.6366450,29.6722662
"WASP-121 b","WASP-121",1,1,"Transit",2016,1.27492504000,19.52604438,371.85923619,2409.00,6628.00,1.461000,1.330000,107.6002312,-39.0972705
"WASP-123 b","WASP-123",2,1,"Transit",2016,2.97764359000,15.13212395,285.72917000,1500.00,5740.00,1.285000,1.166000,289.4792124,-32.8601244
"WASP-124 b","WASP-124",1,1,"Transit",2016,3.37265000000,13.89916000,190.69800000,1400.00,6050.00,1.020000,1.070000,332.7143373,-30.7497189
"WASP-126 b","WASP-126",1,1,"Transit",2016,3.28883000000,10.51358773,90.30000000,1480.00,5800.00,1.270000,1.120000,63.3747060,-69.2265926
"WASP-127 b","WASP-127",2,1,"Transit",2016,4.17806203000,14.69499900,52.34660100,1400.00,5620.00,1.333000,0.950000,160.5587646,-3.8349989
"WASP-130 b","WASP-130",1,1,"Transit",2016,11.55098000000,9.97601000,390.93090000,833.00,5625.00,0.960000,1.040000,203.1060194,-42.4752733
"WASP-131 b","WASP-131",1,1,"Transit",2016,5.32201250000,13.74221034,86.76715511,1460.00,5990.00,1.561000,1.060000,210.1935714,-30.5836084
"WASP-136 b","WASP-136",1,1,"Transit",2016,5.21536178778,16.81347105,479.92089457,1630.00,6250.00,2.390140,1.410000,0.3257610,-8.9262512
"WASP-138 b","WASP-138",1,1,"Transit",2016,3.63443300000,12.21781000,387.75260000,1590.00,6272.00,1.360000,1.220000,41.6391598,-0.4641252
"WASP-139 b","WASP-139",2,1,"Transit",2016,5.92426200000,8.96720000,37.18611000,910.00,5310.00,0.800000,0.920000,49.5621730,-41.3020235
"WASP-145 A b","WASP-145 A",2,1,"Transit",2018,1.76903810000,10.08810000,282.86870000,1200.00,4900.00,0.680000,0.760000,322.2537644,-58.8361466
"WASP-148 b","WASP-148",1,2,"Transit",2020,8.80380900000,8.47398941,91.21675281,940.00,5555.00,0.912000,0.954000,254.1305022,44.3025361
"WASP-148 c","WASP-148",1,2,"Radial Velocity",2020,34.52400000000,13.90000000,124.58873554,590.00,5555.00,0.912000,0.954000,254.1305022,44.3025361
"WASP-149 b","WASP-149",1,1,"Transit",2025,1.33281300000,15.24421375,314.96795134,1855.00,5750.00,1.080000,1.050000,124.0736810,-8.6865813
"WASP-15 b","WASP-15",1,1,"Transit",2009,3.75210000000,15.80469000,171.62820000,1676.00,6300.00,1.480000,1.180000,208.9280111,-32.1597118
"WASP-151 b","WASP-151",1,1,"Transit",2017,4.53347750000,13.30506009,100.43377661,1312.00,5871.00,1.181000,1.081000,349.0634651,0.3066895
"WASP-155 b","WASP-155",1,1,"Transit",2025,3.11041300000,13.45077684,276.82854250,1468.00,5660.00,1.240000,1.090000,347.9797230,33.0476125
"WASP-156 b","WASP-156",1,1,"Transit",2017,3.83616290000,6.15000000,42.00000000,934.50,5036.00,0.826800,0.871200,32.7820850,2.4181937
"WASP-157 b","WASP-157",1,1,"Transit",2016,3.95162300000,11.19000000,182.43442000,1193.00,5772.00,1.100000,1.060000,201.6551525,-8.3176353
"WASP-159 b","WASP-159",1,1,"Transit",2018,3.84040100000,15.46842000,174.80650000,1850.00,6120.00,2.110000,1.410000,68.1364792,-38.9682973
"WASP-164 b","WASP-164",1,1,"Transit",2018,1.77712550000,12.64375200,676.97790000,1610.00,5806.00,0.932000,0.946000,344.8735878,-60.4478194
"WASP-166 b","WASP-166",1,1,"Transit",2019,5.44354000000,7.06167000,32.10083000,1270.00,6050.00,1.220000,1.190000,144.8751047,-20.9824191
"WASP-167 b","WASP-167",1,1,"Transit",2017,2.02195960000,17.71022000,2542.64000000,2329.00,7000.00,1.790000,1.590000,196.0437932,-35.5495292
"WASP-17 b","WASP-17",1,1,"Transit",2009,3.73543000000,20.96083000,247.90740000,1755.00,6550.00,1.490000,2.280000,239.9622479,-28.0617941
"WASP-170 b","WASP-170",1,1,"Transit",2018,2.34478022000,12.28506400,508.52800000,1422.00,5600.00,0.938000,0.930000,135.4163028,-20.7203686
"WASP-172 b","WASP-172",1,1,"Transit",2018,5.47743300000,17.59813000,149.38010000,1740.00,6900.00,1.910000,1.490000,199.4337420,-47.2375748
"WASP-174 b","WASP-174",1,1,"Transit",2018,4.23370050000,16.10730527,104.88337431,1528.00,6399.00,1.347000,1.240000,195.7940145,-41.3848617
"WASP-176 b","WASP-176",1,1,"Transit",2020,3.89905200000,16.86954500,271.74465000,1721.00,5941.00,1.925000,1.345000,313.6872928,9.1790688
"WASP-178 b","WASP-178",1,1,"Transit",2019,3.34482850000,20.28829000,527.59780000,2470.00,9360.00,1.670000,2.070000,227.2703290,-42.7049658
"WASP-18 b","WASP-18",2,1,"Transit",2009,0.94145223000,13.89913607,3241.84975140,2429.00,6432.00,1.319000,1.294000,24.3544618,-45.6777937
"WASP-189 b","WASP-189",1,1,"Transit",2020,2.72403300000,18.14733975,632.47852993,3353.00,8000.00,2.360000,2.030000,225.6867320,-3.0314874
"WASP-19 b","WASP-19",1,1,"Transit",2009,0.78883852000,15.86070769,366.77398168,2113.00,5616.00,1.006000,0.965000,148.4167672,-45.6591078
"WASP-192 b","WASP-192",1,1,"Transit",2019,2.87867650000,13.78707000,731.00900000,1620.00,5910.00,1.320000,1.090000,223.6587187,-38.7445469
"WASP-193 b","WASP-193",2,1,"Transit",2023,6.24634750000,14.78464554,35.59678158,1250.00,6080.00,1.213000,1.018000,164.3491401,-29.9971229
"WASP-194 b","WASP-194",1,1,"Transit",2025,3.18338700000,15.47960235,373.13054982,1693.00,6405.00,1.409000,1.290000,295.3877064,56.2178049
"WASP-20 b","WASP-20",2,1,"Transit",2015,4.89964477000,15.46839337,98.84100000,1362.00,5940.00,1.242000,1.200000,5.1605621,-23.9357894
"WASP-21 b","WASP-21",1,1,"Transit",2010,4.32248200000,11.99000000,95.34500000,1333.00,5800.00,1.060000,1.010000,347.4928024,18.3961597
"WASP-23 b","WASP-23",1,1,"Transit",2010,2.94442560000,10.78300000,280.95000000,1076.55,5150.00,0.765000,0.780000,101.1275033,-42.7622296
"WASP-24 b","WASP-24",3,1,"Transit",2010,2.34121000000,15.46842000,394.10920000,1772.00,6075.00,1.420000,1.430000,227.2154975,2.3432860
"WASP-25 b","WASP-25",1,1,"Transit",2010,3.76483370000,13.80946422,179.25522155,1217.00,5697.00,0.884000,0.962000,195.3597581,-27.5222273
"WASP-28 b","WASP-28",1,1,"Transit",2014,3.40883495000,13.66374747,282.54945382,1456.00,6084.00,1.083000,0.993000,353.6162694,-1.5799849
"WASP-3 b","WASP-3",3,1,"Transit",2007,1.84683000000,15.91678000,772.32690000,2020.00,6400.00,1.440000,1.620000,278.6317411,35.6614312
"WASP-31 b","WASP-31",1,1,"Transit",2010,3.40590960000,17.36300000,151.91600000,1423.70,6302.00,1.252000,1.163000,169.4388603,-19.0547781
"WASP-32 b","WASP-32",1,1,"Transit",2010,2.71866000000,10.76064000,835.89290000,1388.00,6140.00,0.950000,0.720000,3.9617073,1.2005122
"WASP-34 b","WASP-34",1,1,"Transit",2010,4.31768000000,11.20900000,177.98480000,1250.00,5700.00,0.910000,0.960000,165.3993679,-23.8609457
"WASP-36 b","WASP-36",2,1,"Transit",2011,1.53736596000,14.87434300,750.39663000,1733.00,5959.00,0.985000,1.081000,131.5803897,-8.0269855
"WASP-37 b","WASP-37",1,1,"Transit",2010,3.57746900000,13.00200000,572.07000000,1232.50,5800.00,1.003000,0.925000,221.9438866,1.0650227
"WASP-39 b","WASP-39",1,1,"Transit",2011,4.05529410000,14.33631100,89.31023000,1166.00,5485.00,0.939000,0.913000,217.3266477,-3.4444994
"WASP-41 c","WASP-41",1,2,"Radial Velocity",2015,421.00000000000,13.10000000,1010.69940000,241.00,5545.00,0.870000,0.930000,190.6188034,-30.6398176
"WASP-42 b","WASP-42",1,1,"Transit",2012,4.98168190000,12.57649800,167.49641000,1021.00,5315.00,0.892000,0.951000,192.9812030,-42.0736165
"WASP-43 b","WASP-43",1,1,"Transit",2011,0.81347500000,10.42400000,565.71400000,1426.70,4400.00,0.600000,0.580000,154.9081869,-9.8064431
"WASP-46 b","WASP-46",1,1,"Transit",2011,1.43036763000,13.15936600,607.05530000,1636.00,5600.00,0.858000,0.828000,318.7370122,-55.8718634
"WASP-47 b","WASP-47",1,4,"Transit",2012,4.15915100000,12.86000000,374.00000000,1275.00,5565.00,1.156000,1.058000,331.2030920,-12.0190670
"WASP-47 c","WASP-47",1,4,"Radial Velocity",2015,589.57000000000,,447.00000000,247.00,5565.00,1.156000,1.058000,331.2030920,-12.0190670
"WASP-47 d","WASP-47",1,4,"Transit",2015,9.03050100000,3.65000000,15.50000000,885.00,5565.00,1.156000,1.058000,331.2030920,-12.0190670
"WASP-47 e","WASP-47",1,4,"Transit",2015,0.78961000000,1.83000000,9.00000000,1992.00,5565.00,1.156000,1.058000,331.2030920,-12.0190670
"WASP-5 b","WASP-5",1,1,"Transit",2008,1.62842790000,12.18400000,502.15000000,1706.00,5700.00,1.029000,0.960000,359.3490277,-41.2772202
"WASP-52 b","WASP-52",1,1,"Transit",2012,1.74977980000,14.24000000,146.20000000,1315.00,5000.00,0.790000,0.870000,348.4947931,8.7610793
"WASP-53 c","WASP-53",1,2,"Radial Velocity",2017,2840.00000000000,,5196.52050000,110.47,4953.00,0.798000,0.839000,31.9091639,-20.6618430
"WASP-54 b","WASP-54",2,1,"Transit",2012,3.69364000000,17.71022000,187.51970000,1759.00,6100.00,1.760000,1.080000,205.4542456,-0.1281712
"WASP-57 b","WASP-57",1,1,"Transit",2012,2.83891856000,11.76945000,204.68252000,1338.00,5600.00,0.927000,0.886000,223.8199788,-2.0576866
"WASP-59 b","WASP-59",1,1,"Transit",2012,7.91958500000,8.68700000,274.27600000,670.00,4650.00,0.613000,0.719000,349.6229547,24.8892770
"WASP-6 b","WASP-6",1,1,"Transit",2009,3.36100260000,12.54284940,148.42586607,1167.00,5438.00,0.790000,0.854000,348.1571282,-22.6741248
"WASP-60 b","WASP-60",1,1,"Transit",2012,4.30500000000,9.86392000,174.80650000,1479.00,5900.00,1.170000,1.190000,356.6667136,31.1559115
"WASP-61 b","WASP-61",1,1,"Transit",2012,3.85590000000,15.80469000,851.78440000,1624.40,6250.00,1.550000,1.820000,75.2996637,-26.0541438
"WASP-63 b","WASP-63",1,1,"Transit",2012,4.37808000000,15.80469000,117.59710000,1469.91,5550.00,1.860000,1.280000,94.3363562,-38.3233826
"WASP-64 b","WASP-64",2,1,"Transit",2012,1.57329180000,14.24700000,403.94500000,1689.00,5400.00,1.058000,1.004000,101.1149223,-32.8583878
"WASP-65 b","WASP-65",1,1,"Transit",2013,2.31142430000,12.46400000,492.62000000,1480.00,5600.00,1.010000,0.930000,133.3242982,8.5230171
"WASP-69 b","WASP-69",1,1,"Transit",2014,3.86813881000,11.21000000,82.58000000,971.00,4792.00,0.801000,0.830000,315.0259661,-5.0948570
"WASP-7 b","WASP-7",1,1,"Transit",2008,4.95464160000,14.90797000,305.11680000,1487.00,6400.00,1.432000,1.276000,311.0427558,-39.2254856
"WASP-70 A b","WASP-70 A",2,1,"Transit",2014,3.71302030000,13.04700000,187.51200000,1387.00,5763.00,1.215000,1.106000,315.4771912,-13.4333821
"WASP-73 b","WASP-73",1,1,"Transit",2014,4.08722000000,15.91678000,908.99380000,1790.00,6030.00,2.550000,2.520000,319.9496969,-58.1489328
"WASP-75 b","WASP-75",2,1,"Transit",2013,2.48419300000,14.23500000,340.06000000,1710.00,6100.00,1.260000,1.140000,342.3858995,-10.6754686
"WASP-76 b","WASP-76",2,1,"Transit",2016,1.80988198000,20.78145022,284.13859586,2228.00,6329.00,1.756000,1.458000,26.6329360,2.7003890
"WASP-77 A b","WASP-77 A",2,1,"Transit",2012,1.36002939500,13.56000000,529.31142902,1674.00,5617.00,0.910000,0.903000,37.1555223,-7.0606675
"WASP-8 c","WASP-8",2,2,"Radial Velocity",2013,4323.00000000000,12.50000000,3003.37000000,116.99,5690.00,0.960000,1.040000,359.9008737,-35.0313349
"WASP-80 b","WASP-80",1,1,"Transit",2012,3.06785234000,11.19779100,170.99254000,825.00,4143.00,0.586000,0.577000,303.1667996,-2.1444369
"WASP-83 b","WASP-83",1,1,"Transit",2015,4.97125200000,11.65736000,95.34900000,1120.00,5510.00,1.050000,1.110000,190.1519558,-19.2843527
"WASP-84 b","WASP-84",1,2,"Transit",2014,8.52349648000,10.72000000,220.00000000,732.00,5280.00,0.768000,0.853000,131.1069959,1.8598933
"WASP-84 c","WASP-84",1,2,"Transit",2023,1.44688490000,1.95000000,15.20000000,1329.00,5280.00,0.768000,0.853000,131.1069959,1.8598933
"WASP-89 b","WASP-89",1,1,"Transit",2015,3.35642270000,11.65736000,1875.19700000,1120.00,5130.00,0.880000,0.920000,313.9000261,-18.9714084
"WASP-90 b","WASP-90",1,1,"Transit",2016,3.91624300000,18.27067000,200.23290000,1840.00,6430.00,1.980000,1.550000,315.5319489,7.0562793
"WASP-92 b","WASP-92",1,1,"Transit",2016,2.17467420000,16.37634900,255.85315000,1871.00,6280.00,1.341000,1.190000,246.6920395,51.0411328
"WASP-93 b","WASP-93",1,1,"Transit",2016,2.73253210000,17.90077300,467.21010000,1942.00,6700.00,1.524000,1.334000,9.4587443,51.2887780
"WASP-94 A b","WASP-94 A",2,2,"Transit",2014,3.95019000000,17.71022000,158.91500000,1604.00,6170.00,1.480000,1.670000,313.7832393,-34.1357512
"WASP-94 B b","WASP-94 B",2,2,"Radial Velocity",2014,2.00839000000,14.10000000,196.41100000,1848.91,6040.00,1.350000,1.240000,313.7882932,-34.1357240
"WASP-96 b","WASP-96",1,1,"Transit",2014,3.42526020000,13.45000000,152.55000000,1285.00,5540.00,1.050000,1.060000,1.0465696,-47.3606352
"WD 1856+534 b","WD 1856+534",3,1,"Transit",2020,1.40794050000,10.40000000,4386.05400000,163.00,4710.00,0.013100,0.518000,284.4156750,53.5090244
"WISEP J121756.91+162640.2 A b","WISEP J121756.91+162640.2 A",1,1,"Imaging",2012,,10.46800000,6992.00000000,450.00,575.00,0.091000,0.029000,184.4871250,16.4445000
"WISPIT 1 b","WISPIT 1",2,2,"Imaging",2025,,12.40000000,3305.41543280,12.94,4670.00,1.116100,0.720000,117.7985550,-50.1376852
"WISPIT 1 c","WISPIT 1",2,2,"Imaging",2025,,12.80000000,1684.49055710,8.21,4670.00,1.116100,0.720000,117.7985550,-50.1376852
"WISPIT 2 c","WISPIT 2",1,2,"Imaging",2026,,17.93436912,3178.28407000,2050.00,4530.00,1.300000,1.080000,290.8209991,-7.6820823
"WTS-1 b","WTS-1",1,1,"Transit",2012,3.35205700000,16.70000000,1274.44000000,1500.00,6250.00,1.150000,1.200000,293.9850284,36.2962939
"WTS-2 b","WTS-2",1,1,"Transit",2014,1.01870680000,15.27786700,355.96960000,2000.00,5000.00,0.752000,0.820000,293.7327826,36.8154936
"Wolf 327 b","Wolf 327",1,1,"Transit",2024,0.57347450000,1.24000000,2.53000000,996.00,3542.00,0.406000,0.405000,148.3783199,35.5705480
"XO-2 S b","XO-2 S",2,4,"Radial Velocity",2014,18.22000000000,10.90000000,82.63538582,706.59,5325.00,1.020000,0.980000,117.0309753,50.2169068
"XO-2 S c","XO-2 S",2,4,"Radial Velocity",2014,120.05900000000,13.60000000,438.60320166,376.79,5325.00,1.020000,0.980000,117.0309753,50.2169068
"XO-5 b","XO-5",1,1,"Transit",2008,4.18775580000,12.78000000,378.20000000,1230.00,5430.00,1.130000,1.040000,116.7163868,39.0944695
"ZTF J1828+2308 b","ZTF J1828+2308",1,1,"Transit",2025,0.11200670000,11.13051784,6356.56814000,,15900.00,0.013100,0.610000,277.2031946,23.1439121
"alf Ari b","alf Ari",1,1,"Radial Velocity",2010,380.80000000000,13.40000000,572.07000000,747.22,4553.00,13.900000,1.500000,31.7932860,23.4624210
"alf Tau b","alf Tau",2,1,"Radial Velocity",2015,628.96000000000,12.70000000,2056.36010000,1086.77,4055.00,45.100000,1.130000,68.9801740,16.5092010
"bet Cnc b","bet Cnc",2,1,"Radial Velocity",2014,605.20000000000,12.60000000,2479.00000000,1039.74,4092.10,47.200000,1.700000,124.1286379,9.1853306
"eps CrB b","eps CrB",1,1,"Radial Velocity",2012,417.90000000000,12.70000000,2129.46100000,853.92,4406.00,21.000000,1.700000,239.3965057,26.8776171
"eps Ind A b","eps Ind A",3,1,"Radial Velocity",2019,25450.00000000000,12.70000000,2065.88464550,275.00,4700.00,0.713000,0.800000,330.8714021,-56.7969023
"kap And b","kap And",1,1,"Imaging",2012,,15.91675259,5498.43144110,1791.00,11327.00,2.109000,2.768000,355.1025974,44.3338511
"mu Leo b","mu Leo",1,1,"Radial Velocity",2014,357.80000000000,13.30000000,762.80000000,704.49,4538.20,11.400000,1.500000,148.1898673,26.0067142
"nu Oph c","nu Oph",1,2,"Radial Velocity",2012,3180.60000000000,12.00000000,7838.32346000,341.48,4887.00,12.240000,2.610000,269.7566013,-9.7741342
"pi Men c","HD 39091",1,3,"Transit",2018,6.26783990000,2.01890000,3.63000000,1169.80,5998.00,1.170000,1.070000,84.2992798,-80.4646041
"pi Men d","HD 39091",1,3,"Radial Velocity",2022,124.64000000000,3.72000000,13.38000000,443.55,5998.00,1.190000,1.070000,84.2992798,-80.4646041
"rho CrB c","rho CrB",1,3,"Radial Velocity",2016,102.03600000000,5.68000000,27.44200000,448.10,5817.00,1.361700,1.000000,240.2600639,33.3001861
"tau Boo b","tau Boo",2,1,"Radial Velocity",1996,3.31245680000,12.80000000,1891.00000000,1682.02,6466.27,1.425880,1.320000,206.8134593,17.4571647
"tau Cet g","tau Cet",1,3,"Radial Velocity",2017,20.00000000000,1.18000000,1.75000000,639.65,5310.00,0.830000,0.783000,26.0093029,-15.9337987
"tau Gem b","tau Gem",1,1,"Radial Velocity",2013,305.50000000000,12.10000000,6547.00000000,1012.69,4388.00,26.800000,2.300000,107.7847232,30.2449545
"ups And b","ups And",2,3,"Radial Velocity",1996,4.61703300000,14.00000000,218.53100000,1523.73,6156.77,1.560000,1.300000,24.1983534,41.4038147
"ups And c","ups And",2,3,"Radial Velocity",1999,241.25800000000,12.30000000,4443.24112986,407.56,6156.77,1.560000,1.300000,24.1983534,41.4038147
"ups And d","ups And",2,3,"Radial Velocity",1999,1276.46000000000,12.50000000,3257.74117175,233.90,6156.77,1.560000,1.300000,24.1983534,41.4038147
